{"type":"FeatureCollection","features":[{"type":"Feature","properties":{"Ward_Name":"Airport","Exposure":-0.81633656,"Sensitivity":-0.87108612,"Adaptive_Capacity":-0.03746097,"Exposure_s":0.29827004,"Sensitivity_s":0.15942788,"Adaptive_s":0.23362665,"HVI_raw":0.06817106,"HVI":0.40368877,"HVI_Class":"Moderate","Rank":112.0,"Corporation":"Restricted areas","Area_m2":5984155.0177877,"LST_mean":34.1451707,"Road_Density":5.87,"industry%":0.0,"Pop_Density":19752.2124939,"SVF_mean":0.90257303,"Poverty_HCR":1.8,"build_km2":230.656,"informal%":0.08,"NDBI_media":0.03744336,"Green%":21.185,"Blue%":3.83,"Hosp_count":0.0,"NTL_median":18.07500076,"unit_id":"Airport","name":"Airport","imputed":[],"center":[90.405409,23.842104]},"geometry":{"type":"Polygon","coordinates":[[[90.417851,23.837965],[90.417158,23.837124],[90.41602,23.836333],[90.415328,23.835838],[90.414685,23.835591],[90.414042,23.835442],[90.413943,23.835145],[90.414289,23.834354],[90.414388,23.833711],[90.414289,23.833464],[90.413794,23.833068],[90.41325,23.832573],[90.413151,23.831634],[90.41325,23.830842],[90.4133,23.829803],[90.413201,23.829061],[90.412756,23.828122],[90.412657,23.826737],[90.412756,23.825945],[90.413201,23.825055],[90.413646,23.824066],[90.41352,23.823484],[90.413462,23.823511],[90.413353,23.823449],[90.413242,23.823393],[90.413128,23.823342],[90.413011,23.823297],[90.412892,23.823258],[90.412772,23.823225],[90.41265,23.823198],[90.412527,23.823177],[90.412403,23.823162],[90.412278,23.823153],[90.412153,23.823151],[90.412028,23.823154],[90.41182,23.823364],[90.411616,23.823578],[90.411416,23.823797],[90.411221,23.824019],[90.41103,23.824245],[90.410844,23.824475],[90.410663,23.824709],[90.410486,23.824946],[90.410314,23.825187],[90.409943,23.82568],[90.409568,23.82617],[90.409187,23.826657],[90.408803,23.827139],[90.408413,23.827618],[90.408019,23.828094],[90.407621,23.828566],[90.407394,23.828611],[90.407165,23.828651],[90.406937,23.828687],[90.406707,23.828718],[90.406535,23.828743],[90.406364,23.828775],[90.406194,23.828813],[90.406025,23.828859],[90.405859,23.82891],[90.405695,23.828969],[90.405534,23.829034],[90.405375,23.829105],[90.405219,23.829182],[90.405066,23.829266],[90.404916,23.829355],[90.404771,23.829451],[90.404629,23.829552],[90.404491,23.829658],[90.404357,23.82977],[90.404228,23.829887],[90.404104,23.830009],[90.403985,23.830136],[90.402727,23.83156],[90.401472,23.832987],[90.400932,23.833687],[90.400387,23.834383],[90.399837,23.835074],[90.399281,23.835762],[90.399157,23.835912],[90.398719,23.836445],[90.398153,23.837123],[90.397581,23.837797],[90.397003,23.838467],[90.396421,23.839132],[90.395834,23.839793],[90.395241,23.840449],[90.394643,23.8411],[90.394537,23.84173],[90.394438,23.84236],[90.394344,23.842991],[90.394257,23.843623],[90.394188,23.843981],[90.394113,23.844338],[90.394031,23.844693],[90.393942,23.845047],[90.393846,23.845399],[90.393744,23.845749],[90.393281,23.846312],[90.393206,23.846403],[90.392093,23.847603],[90.391782,23.847938],[90.390915,23.849076],[90.390875,23.849126],[90.3899,23.850359],[90.389433,23.850319],[90.387133,23.850071],[90.386548,23.849994],[90.386572,23.850052],[90.386599,23.851259],[90.386707,23.852992],[90.386729,23.854521],[90.386717,23.8546],[90.38601,23.855694],[90.385989,23.856022],[90.385691,23.856446],[90.385656,23.856503],[90.385626,23.856563],[90.3856,23.856624],[90.385579,23.856688],[90.385562,23.856753],[90.386404,23.857388],[90.386612,23.857545],[90.387186,23.857933],[90.387763,23.858315],[90.38807,23.858515],[90.388344,23.858693],[90.388928,23.859065],[90.389515,23.859433],[90.390105,23.859795],[90.390699,23.860152],[90.391296,23.860503],[90.391896,23.86085],[90.392499,23.861191],[90.392883,23.861193],[90.393267,23.861189],[90.393651,23.86118],[90.394034,23.861165],[90.394418,23.861144],[90.394801,23.861117],[90.395184,23.861085],[90.395566,23.861047],[90.39718,23.859162],[90.403926,23.8507],[90.404336,23.849903],[90.404533,23.84993],[90.404438,23.850165],[90.404857,23.850058],[90.404931,23.849921],[90.404976,23.849903],[90.405068,23.849927],[90.405104,23.849957],[90.405119,23.849995],[90.405175,23.850016],[90.405369,23.849975],[90.405764,23.849945],[90.405764,23.849874],[90.405859,23.849829],[90.405993,23.84982],[90.406076,23.84985],[90.406145,23.849859],[90.406264,23.849835],[90.406802,23.849755],[90.406865,23.849737],[90.407332,23.84974],[90.408082,23.850235],[90.408429,23.850559],[90.408793,23.850735],[90.409249,23.85086],[90.410073,23.849898],[90.411939,23.847584],[90.413615,23.845549],[90.414948,23.843959],[90.416192,23.842476],[90.416964,23.841256],[90.417741,23.839793],[90.418322,23.838436],[90.417851,23.837965]]]}},{"type":"Feature","properties":{"Ward_Name":"DCC North W-01","Exposure":0.17064796,"Sensitivity":-0.74836079,"Adaptive_Capacity":1.02183788,"Exposure_s":0.57105532,"Sensitivity_s":0.18659279,"Adaptive_s":0.65087371,"HVI_raw":0.01814458,"HVI":0.33272484,"HVI_Class":"Low","Rank":120.0,"Corporation":"DNCC","Area_m2":3697899.82213482,"LST_mean":31.85807416,"Road_Density":25.53,"industry%":1.355,"Pop_Density":117068.85742188,"SVF_mean":0.58661777,"Poverty_HCR":2.0,"build_km2":1614.58,"informal%":2.08,"NDBI_media":-0.00492441,"Green%":0.67,"Blue%":1.795,"Hosp_count":19.0,"NTL_median":24.85583305,"unit_id":"DCC North W-01","name":"DCC North W-01","imputed":[],"center":[90.399602,23.866286]},"geometry":{"type":"Polygon","coordinates":[[[90.406486,23.852993],[90.407249,23.852067],[90.408429,23.850559],[90.408082,23.850235],[90.407332,23.84974],[90.406865,23.849737],[90.406802,23.849755],[90.406264,23.849835],[90.406145,23.849859],[90.406076,23.84985],[90.405993,23.84982],[90.405859,23.849829],[90.405764,23.849874],[90.405764,23.849945],[90.405369,23.849975],[90.405175,23.850016],[90.405119,23.849995],[90.405104,23.849957],[90.405068,23.849927],[90.404976,23.849903],[90.404931,23.849921],[90.404857,23.850058],[90.404438,23.850165],[90.404533,23.84993],[90.404336,23.849903],[90.403926,23.8507],[90.39718,23.859162],[90.395566,23.861047],[90.395184,23.861085],[90.394801,23.861117],[90.394418,23.861144],[90.394034,23.861165],[90.393651,23.86118],[90.393267,23.861189],[90.393075,23.861191],[90.393167,23.861516],[90.393251,23.861582],[90.393296,23.861669],[90.393198,23.861911],[90.39295,23.862609],[90.392885,23.864729],[90.393116,23.868193],[90.393134,23.871202],[90.393287,23.872148],[90.393291,23.873991],[90.393328,23.87424],[90.394212,23.875201],[90.394918,23.875748],[90.395032,23.876275],[90.395109,23.876582],[90.395105,23.876764],[90.394942,23.877143],[90.394694,23.877617],[90.394503,23.878301],[90.394405,23.878557],[90.394318,23.879244],[90.394312,23.879559],[90.394197,23.880156],[90.394331,23.880216],[90.394609,23.880354],[90.394773,23.880472],[90.394947,23.880589],[90.395183,23.880718],[90.395327,23.880787],[90.395576,23.88082],[90.39599,23.880875],[90.396447,23.880921],[90.396789,23.880926],[90.397091,23.880893],[90.397517,23.880881],[90.397902,23.880888],[90.398141,23.880882],[90.398214,23.880874],[90.398483,23.880898],[90.398721,23.88093],[90.39896,23.880953],[90.399166,23.881043],[90.399258,23.881102],[90.399329,23.881189],[90.399327,23.881313],[90.399323,23.881495],[90.399437,23.881535],[90.399883,23.881542],[90.400309,23.881549],[90.40063,23.881574],[90.400842,23.881584],[90.400942,23.881589],[90.401398,23.881635],[90.402021,23.881674],[90.40286,23.881793],[90.403213,23.881799],[90.403607,23.881844],[90.403752,23.881856],[90.404105,23.881862],[90.40454,23.881898],[90.404707,23.881901],[90.40506,23.881878],[90.405143,23.881899],[90.405361,23.881902],[90.405434,23.881913],[90.405506,23.881943],[90.405567,23.882001],[90.405618,23.882059],[90.405718,23.882094],[90.405762,23.88211],[90.405887,23.882112],[90.405991,23.882104],[90.406095,23.88203],[90.406096,23.882029],[90.40617,23.881954],[90.406181,23.881936],[90.406235,23.881841],[90.406361,23.881795],[90.406401,23.881796],[90.406417,23.881786],[90.406112,23.879598],[90.406066,23.879233],[90.406028,23.878867],[90.405997,23.878501],[90.405974,23.878134],[90.405957,23.877767],[90.405947,23.877399],[90.405945,23.877032],[90.40595,23.876664],[90.405962,23.876296],[90.405981,23.875929],[90.406007,23.875562],[90.40614,23.868748],[90.406172,23.867842],[90.406311,23.863817],[90.406147,23.860544],[90.406112,23.859829],[90.406124,23.859281],[90.406188,23.856489],[90.406272,23.855535],[90.406397,23.854119],[90.4064,23.853097],[90.406486,23.852993]]]}},{"type":"Feature","properties":{"Ward_Name":"DCC North W-02","Exposure":0.1261764,"Sensitivity":0.0591771,"Adaptive_Capacity":-0.04342138,"Exposure_s":0.55876416,"Sensitivity_s":0.36533905,"Adaptive_s":0.23127891,"HVI_raw":0.22174075,"HVI":0.62153157,"HVI_Class":"High","Rank":68.0,"Corporation":"DNCC","Area_m2":2350901.48094867,"LST_mean":32.90932608,"Road_Density":28.69,"industry%":1.323,"Pop_Density":28852.2052002,"SVF_mean":0.65268253,"Poverty_HCR":6.6,"build_km2":2912.787,"informal%":10.25,"NDBI_media":0.00968638,"Green%":9.932,"Blue%":4.882,"Hosp_count":3.0,"NTL_median":16.24500084,"unit_id":"DCC North W-02","name":"DCC North W-02","imputed":[],"center":[90.368074,23.83455]},"geometry":{"type":"Polygon","coordinates":[[[90.364356,23.846393],[90.364512,23.846396],[90.364636,23.846417],[90.36479,23.846535],[90.36486,23.84665],[90.364971,23.846786],[90.365179,23.84679],[90.365212,23.846676],[90.365249,23.846399],[90.365383,23.845953],[90.365431,23.845619],[90.365393,23.845466],[90.365377,23.845226],[90.365382,23.844978],[90.365508,23.844894],[90.365623,23.844858],[90.365791,23.844785],[90.365918,23.844663],[90.365984,23.844492],[90.365988,23.844272],[90.365918,23.844118],[90.365746,23.843895],[90.365686,23.84378],[90.365639,23.84355],[90.36562,23.843454],[90.365623,23.843301],[90.365784,23.843065],[90.365942,23.842943],[90.36608,23.842822],[90.366156,23.842622],[90.366234,23.842375],[90.366301,23.842138],[90.366368,23.84191],[90.366371,23.841747],[90.366293,23.841536],[90.366264,23.841421],[90.366248,23.841191],[90.366253,23.840924],[90.366309,23.840705],[90.366396,23.840515],[90.366558,23.840241],[90.36678,23.840035],[90.366917,23.839951],[90.367167,23.839869],[90.367345,23.839844],[90.367668,23.839773],[90.367815,23.839689],[90.367858,23.839604],[90.367842,23.839403],[90.367751,23.839268],[90.367543,23.838768],[90.367423,23.838517],[90.367335,23.838267],[90.367299,23.837999],[90.367303,23.837789],[90.367258,23.837454],[90.367251,23.837301],[90.367254,23.837148],[90.367445,23.836913],[90.367654,23.83685],[90.367821,23.836824],[90.368218,23.836706],[90.368563,23.836579],[90.368762,23.836486],[90.369055,23.836377],[90.369368,23.836306],[90.369578,23.836185],[90.369788,23.836084],[90.369955,23.836048],[90.37034,23.836036],[90.370599,23.836059],[90.370734,23.836062],[90.37084,23.835939],[90.371,23.835741],[90.371167,23.835677],[90.371365,23.835671],[90.371759,23.835678],[90.372226,23.835695],[90.372352,23.83565],[90.372345,23.835468],[90.37229,23.835104],[90.37239,23.834781],[90.372594,23.834469],[90.372681,23.83427],[90.372735,23.834147],[90.372811,23.833976],[90.372897,23.833854],[90.373106,23.833771],[90.373262,23.833764],[90.373376,23.833766],[90.373564,23.833731],[90.373786,23.833544],[90.37387,23.833488],[90.374027,23.833405],[90.374204,23.833417],[90.374359,23.83342],[90.374505,23.833394],[90.374623,23.833224],[90.374698,23.833091],[90.375003,23.832896],[90.375201,23.832871],[90.375481,23.832876],[90.375856,23.832853],[90.376572,23.832875],[90.376665,23.832877],[90.37672,23.832715],[90.376861,23.831896],[90.377025,23.82995],[90.377187,23.82809],[90.377369,23.825762],[90.377507,23.824055],[90.377589,23.82311],[90.377616,23.822408],[90.377548,23.822292],[90.377411,23.822161],[90.377256,23.822101],[90.376621,23.822073],[90.374882,23.822043],[90.373185,23.821883],[90.372553,23.821681],[90.370766,23.821472],[90.367157,23.820873],[90.364838,23.82055],[90.364492,23.82182],[90.364343,23.822664],[90.364183,23.825151],[90.364123,23.827756],[90.363909,23.828542],[90.363802,23.829374],[90.363665,23.833681],[90.363641,23.83596],[90.363475,23.836989],[90.363826,23.837358],[90.364224,23.838202],[90.364272,23.83963],[90.364355,23.840023],[90.364605,23.840498],[90.364564,23.841652],[90.364772,23.842473],[90.364784,23.842777],[90.364581,23.843128],[90.364474,23.843443],[90.364379,23.84377],[90.36429,23.84383],[90.364201,23.843853],[90.364123,23.843859],[90.363992,23.843877],[90.363885,23.843913],[90.363802,23.844008],[90.363659,23.84424],[90.363386,23.845174],[90.363243,23.8459],[90.363195,23.846144],[90.363053,23.847191],[90.363008,23.847864],[90.363008,23.848132],[90.363012,23.848308],[90.363333,23.848252],[90.363874,23.848165],[90.364054,23.847515],[90.364295,23.847146],[90.364281,23.846516],[90.364356,23.846393]]]}},{"type":"Feature","properties":{"Ward_Name":"DCC North W-03","Exposure":0.43243284,"Sensitivity":0.66399648,"Adaptive_Capacity":-0.49078685,"Exposure_s":0.64340809,"Sensitivity_s":0.49921414,"Adaptive_s":0.05506619,"HVI_raw":0.35539546,"HVI":0.81112443,"HVI_Class":"Very High","Rank":10.0,"Corporation":"DNCC","Area_m2":1052142.42152392,"LST_mean":33.3512101,"Road_Density":31.14,"industry%":0.0,"Pop_Density":45647.38085938,"SVF_mean":0.58806445,"Poverty_HCR":6.6,"build_km2":4480.935,"informal%":19.45,"NDBI_media":0.03327983,"Green%":1.538,"Blue%":0.0,"Hosp_count":1.0,"NTL_median":19.63208294,"unit_id":"DCC North W-03","name":"DCC North W-03","imputed":[],"center":[90.372077,23.812199]},"geometry":{"type":"Polygon","coordinates":[[[90.376293,23.817775],[90.376606,23.817345],[90.376866,23.817355],[90.377155,23.817181],[90.377242,23.817021],[90.377362,23.816558],[90.377615,23.816228],[90.37765,23.816103],[90.377499,23.815879],[90.377457,23.815717],[90.377518,23.815575],[90.377657,23.815452],[90.378054,23.815041],[90.378226,23.814895],[90.378273,23.814812],[90.378255,23.814734],[90.377979,23.814598],[90.377716,23.814432],[90.377358,23.814164],[90.377085,23.813884],[90.377024,23.81365],[90.3771,23.813467],[90.377092,23.813192],[90.37701,23.813059],[90.376991,23.812754],[90.376829,23.81271],[90.376767,23.812583],[90.376788,23.812482],[90.376874,23.812412],[90.376998,23.81236],[90.377041,23.812206],[90.377053,23.811931],[90.37714,23.811778],[90.377287,23.811577],[90.377365,23.811543],[90.377407,23.811394],[90.377428,23.811311],[90.377539,23.811289],[90.377536,23.811122],[90.377327,23.810843],[90.377069,23.810538],[90.377202,23.810446],[90.374643,23.80625],[90.374593,23.806167],[90.374353,23.806246],[90.374112,23.806319],[90.373868,23.806385],[90.373623,23.806445],[90.373377,23.806499],[90.373129,23.806545],[90.37288,23.806586],[90.37263,23.80662],[90.372325,23.806714],[90.372018,23.806803],[90.371709,23.806885],[90.371399,23.806961],[90.371087,23.807032],[90.370774,23.807096],[90.37046,23.807153],[90.370144,23.807205],[90.369828,23.80725],[90.369644,23.807238],[90.36946,23.80722],[90.369276,23.807196],[90.369094,23.807165],[90.368913,23.807129],[90.368733,23.807086],[90.368555,23.807037],[90.36844,23.807433],[90.36802,23.808869],[90.366834,23.813218],[90.366922,23.813219],[90.366983,23.813039],[90.367021,23.812968],[90.367125,23.812969],[90.367373,23.813026],[90.367621,23.813073],[90.367786,23.813124],[90.367988,23.813175],[90.368106,23.813244],[90.36815,23.813345],[90.368616,23.813406],[90.369357,23.813466],[90.369512,23.813516],[90.369578,23.813575],[90.369853,23.813599],[90.369848,23.813852],[90.369778,23.813956],[90.369622,23.814507],[90.36959,23.81506],[90.369498,23.815517],[90.36939,23.815955],[90.369247,23.816185],[90.369112,23.816458],[90.369102,23.816959],[90.369236,23.817063],[90.370741,23.817405],[90.37222,23.817741],[90.37359,23.818033],[90.375175,23.818281],[90.375834,23.818429],[90.375938,23.818301],[90.376133,23.818298],[90.376293,23.817775]]]}},{"type":"Feature","properties":{"Ward_Name":"DCC North W-04","Exposure":0.29149806,"Sensitivity":-0.14027507,"Adaptive_Capacity":0.09158242,"Exposure_s":0.60445618,"Sensitivity_s":0.32119087,"Adaptive_s":0.28445553,"HVI_raw":0.20090342,"HVI":0.59197325,"HVI_Class":"Moderate","Rank":80.0,"Corporation":"DNCC","Area_m2":1007295.14517613,"LST_mean":33.44489447,"Road_Density":18.56,"industry%":4.01,"Pop_Density":66329.22460938,"SVF_mean":0.59523951,"Poverty_HCR":7.3,"build_km2":2078.841,"informal%":8.7,"NDBI_media":-0.00301686,"Green%":5.7,"Blue%":4.749,"Hosp_count":5.0,"NTL_median":19.31041622,"unit_id":"DCC North W-04","name":"DCC North W-04","imputed":[],"center":[90.381325,23.804456]},"geometry":{"type":"Polygon","coordinates":[[[90.378459,23.803193],[90.378166,23.803429],[90.377169,23.804234],[90.376862,23.804495],[90.376551,23.804751],[90.376235,23.805001],[90.375915,23.805246],[90.37559,23.805485],[90.375262,23.805718],[90.374929,23.805946],[90.374593,23.806167],[90.374643,23.80625],[90.377202,23.810446],[90.378972,23.809285],[90.3796,23.809314],[90.379971,23.809475],[90.380309,23.809523],[90.380752,23.809528],[90.382032,23.80997],[90.382651,23.810308],[90.384153,23.810837],[90.384181,23.809697],[90.38431,23.808415],[90.384344,23.807711],[90.384431,23.807229],[90.384671,23.806612],[90.384859,23.806275],[90.384946,23.806175],[90.385027,23.806015],[90.385164,23.805624],[90.385708,23.804415],[90.385903,23.804162],[90.386204,23.804155],[90.386534,23.804142],[90.386863,23.804123],[90.387192,23.804097],[90.387255,23.804078],[90.387315,23.804053],[90.387373,23.804022],[90.387427,23.803986],[90.387478,23.803944],[90.387524,23.803898],[90.387566,23.803848],[90.387603,23.803794],[90.387635,23.803736],[90.38766,23.803676],[90.38768,23.803614],[90.387694,23.80355],[90.387701,23.803484],[90.387703,23.803419],[90.387698,23.803354],[90.387827,23.802577],[90.387952,23.8018],[90.388072,23.801022],[90.38816,23.800451],[90.388252,23.799882],[90.38835,23.799313],[90.388453,23.798745],[90.38856,23.798178],[90.387433,23.798543],[90.387017,23.798677],[90.386696,23.798779],[90.386021,23.79904],[90.38439,23.799621],[90.384098,23.799711],[90.383808,23.799808],[90.38352,23.799911],[90.383235,23.80002],[90.382952,23.800135],[90.382672,23.800257],[90.382394,23.800384],[90.382119,23.800518],[90.381847,23.800657],[90.381579,23.800803],[90.381313,23.800954],[90.381051,23.801111],[90.380792,23.801273],[90.380537,23.801442],[90.380286,23.801615],[90.380039,23.801795],[90.379795,23.801979],[90.379016,23.802673],[90.378775,23.802887],[90.378459,23.803193]]]}},{"type":"Feature","properties":{"Ward_Name":"DCC North W-05","Exposure":0.29778505,"Sensitivity":0.96212647,"Adaptive_Capacity":-0.43366021,"Exposure_s":0.60619379,"Sensitivity_s":0.56520438,"Adaptive_s":0.0775678,"HVI_raw":0.36141415,"HVI":0.81966211,"HVI_Class":"Very High","Rank":9.0,"Corporation":"DNCC","Area_m2":1600175.56515283,"LST_mean":34.28000453,"Road_Density":26.94,"industry%":0.0,"Pop_Density":38625.7767281,"SVF_mean":0.67770016,"Poverty_HCR":6.7,"build_km2":5115.005,"informal%":24.96,"NDBI_media":0.04428761,"Green%":1.935,"Blue%":1.502,"Hosp_count":1.0,"NTL_median":18.8983326,"unit_id":"DCC North W-05","name":"DCC North W-05","imputed":[],"center":[90.380343,23.816324]},"geometry":{"type":"Polygon","coordinates":[[[90.380078,23.823236],[90.382343,23.82209],[90.382827,23.820611],[90.382798,23.819831],[90.382674,23.819445],[90.382379,23.818865],[90.382227,23.818408],[90.382241,23.817761],[90.382356,23.817337],[90.382475,23.817185],[90.382532,23.816928],[90.382575,23.81668],[90.383341,23.816238],[90.383724,23.815921],[90.384031,23.815667],[90.38523,23.814601],[90.385558,23.814601],[90.38563,23.814572],[90.385649,23.814544],[90.385639,23.814463],[90.385601,23.814372],[90.385401,23.814172],[90.385097,23.814049],[90.385178,23.813406],[90.385254,23.81334],[90.385539,23.813425],[90.38573,23.813287],[90.385853,23.813007],[90.385844,23.812635],[90.385644,23.812259],[90.385349,23.811812],[90.385087,23.811593],[90.385073,23.811227],[90.384745,23.811046],[90.384153,23.810837],[90.382651,23.810308],[90.382032,23.80997],[90.380752,23.809528],[90.380309,23.809523],[90.379971,23.809475],[90.3796,23.809314],[90.378972,23.809285],[90.377202,23.810446],[90.377069,23.810538],[90.377327,23.810843],[90.377536,23.811122],[90.377539,23.811289],[90.377428,23.811311],[90.377407,23.811394],[90.377365,23.811543],[90.377287,23.811577],[90.37714,23.811778],[90.377053,23.811931],[90.377041,23.812206],[90.376998,23.81236],[90.376874,23.812412],[90.376788,23.812482],[90.376767,23.812583],[90.376829,23.81271],[90.376991,23.812754],[90.37701,23.813059],[90.377092,23.813192],[90.3771,23.813467],[90.377024,23.81365],[90.377085,23.813884],[90.377358,23.814164],[90.377716,23.814432],[90.377979,23.814598],[90.378255,23.814734],[90.378273,23.814812],[90.378226,23.814895],[90.378054,23.815041],[90.377657,23.815452],[90.377518,23.815575],[90.377457,23.815717],[90.377499,23.815879],[90.37765,23.816103],[90.377615,23.816228],[90.377362,23.816558],[90.377242,23.817021],[90.377155,23.817181],[90.376866,23.817355],[90.376606,23.817345],[90.376293,23.817775],[90.376133,23.818298],[90.375938,23.818301],[90.375834,23.818429],[90.375175,23.818281],[90.37359,23.818033],[90.37222,23.817741],[90.370741,23.817405],[90.369236,23.817063],[90.369102,23.816959],[90.369112,23.816458],[90.369247,23.816185],[90.36939,23.815955],[90.369498,23.815517],[90.36959,23.81506],[90.369622,23.814507],[90.369778,23.813956],[90.369848,23.813852],[90.369853,23.813599],[90.369578,23.813575],[90.369512,23.813516],[90.369357,23.813466],[90.368616,23.813406],[90.36815,23.813345],[90.368106,23.813244],[90.367988,23.813175],[90.367786,23.813124],[90.367621,23.813073],[90.367373,23.813026],[90.367125,23.812969],[90.367021,23.812968],[90.366983,23.813039],[90.366922,23.813219],[90.366834,23.813218],[90.366443,23.814652],[90.365587,23.817798],[90.364838,23.82055],[90.367157,23.820873],[90.370766,23.821472],[90.372553,23.821681],[90.373185,23.821883],[90.374882,23.822043],[90.376621,23.822073],[90.377256,23.822101],[90.377411,23.822161],[90.377548,23.822292],[90.377616,23.822408],[90.377606,23.822668],[90.378917,23.822906],[90.380078,23.823236]]]}},{"type":"Feature","properties":{"Ward_Name":"DCC North W-06","Exposure":-0.19410854,"Sensitivity":-0.199735,"Adaptive_Capacity":0.89336612,"Exposure_s":0.470243,"Sensitivity_s":0.30802958,"Adaptive_s":0.60026999,"HVI_raw":0.05063354,"HVI":0.37881132,"HVI_Class":"Low","Rank":113.0,"Corporation":"DNCC","Area_m2":3547314.83749993,"LST_mean":32.40996335,"Road_Density":15.3,"industry%":0.966,"Pop_Density":172779.53289795,"SVF_mean":0.72768618,"Poverty_HCR":9.9,"build_km2":1684.345,"informal%":9.19,"NDBI_media":-0.04165011,"Green%":21.154,"Blue%":22.146,"Hosp_count":3.0,"NTL_median":13.46166611,"unit_id":"DCC North W-06","name":"DCC North W-06","imputed":[],"center":[90.358673,23.830711]},"geometry":{"type":"Polygon","coordinates":[[[90.359596,23.84871],[90.359772,23.848671],[90.359882,23.848673],[90.360019,23.848675],[90.36011,23.848677],[90.360278,23.84871],[90.3604,23.848736],[90.360439,23.848754],[90.360555,23.848816],[90.360593,23.84884],[90.36177,23.848526],[90.363012,23.848308],[90.363008,23.848132],[90.363008,23.847864],[90.363053,23.847191],[90.363195,23.846144],[90.363243,23.8459],[90.363386,23.845174],[90.363659,23.84424],[90.363802,23.844008],[90.363885,23.843913],[90.363992,23.843877],[90.364123,23.843859],[90.364201,23.843853],[90.36429,23.84383],[90.364379,23.84377],[90.364474,23.843443],[90.364581,23.843128],[90.364784,23.842777],[90.364772,23.842473],[90.364564,23.841652],[90.364605,23.840498],[90.364355,23.840023],[90.364272,23.83963],[90.364224,23.838202],[90.363826,23.837358],[90.363475,23.836989],[90.363641,23.83596],[90.363665,23.833681],[90.363718,23.832012],[90.363802,23.829374],[90.363909,23.828542],[90.364123,23.827756],[90.364183,23.825151],[90.364343,23.822664],[90.364492,23.82182],[90.364838,23.82055],[90.365587,23.817798],[90.366101,23.81591],[90.36582,23.815837],[90.363087,23.815244],[90.362984,23.81522],[90.362882,23.815189],[90.362783,23.815152],[90.362686,23.815109],[90.362592,23.815059],[90.362502,23.815004],[90.362415,23.814943],[90.362333,23.814876],[90.362255,23.814805],[90.362181,23.814728],[90.362113,23.814647],[90.36205,23.814562],[90.361993,23.814473],[90.36158,23.813719],[90.36131,23.813279],[90.361122,23.812935],[90.361067,23.812761],[90.360989,23.81276],[90.360729,23.812809],[90.360312,23.812874],[90.360065,23.812893],[90.359479,23.812973],[90.358711,23.813079],[90.358692,23.813377],[90.358659,23.814057],[90.358575,23.814056],[90.358551,23.814276],[90.358558,23.815196],[90.358486,23.815219],[90.358331,23.815216],[90.358168,23.815213],[90.358115,23.815314],[90.358036,23.81533],[90.357969,23.815454],[90.357896,23.815549],[90.357759,23.815552],[90.357702,23.81551],[90.357678,23.81542],[90.357667,23.815294],[90.357676,23.815175],[90.357613,23.815066],[90.35751,23.815059],[90.357367,23.815074],[90.357351,23.815223],[90.357335,23.815348],[90.357217,23.8154],[90.357099,23.815481],[90.356998,23.815653],[90.357002,23.815796],[90.357026,23.815868],[90.357096,23.815941],[90.357114,23.816013],[90.357111,23.816138],[90.357119,23.816279],[90.357115,23.816451],[90.357113,23.816587],[90.357048,23.816701],[90.356952,23.816799],[90.35683,23.817077],[90.356614,23.817768],[90.356503,23.818246],[90.35641,23.818567],[90.356374,23.819218],[90.3558,23.819241],[90.355771,23.819348],[90.355767,23.819587],[90.35554,23.819893],[90.35534,23.820129],[90.355222,23.820222],[90.35512,23.820331],[90.355225,23.820353],[90.355267,23.82046],[90.355041,23.821733],[90.354803,23.822048],[90.354571,23.822596],[90.354523,23.823708],[90.354708,23.824047],[90.354767,23.824231],[90.354743,23.824446],[90.354494,23.825213],[90.354268,23.826171],[90.354339,23.826391],[90.354726,23.827128],[90.354464,23.827456],[90.353869,23.827807],[90.353827,23.828116],[90.353802,23.828145],[90.353798,23.828317],[90.353844,23.828616],[90.353958,23.828786],[90.354084,23.828955],[90.354159,23.829088],[90.354298,23.829257],[90.354335,23.829365],[90.354294,23.82946],[90.354098,23.829516],[90.353891,23.829525],[90.353707,23.829605],[90.353548,23.829782],[90.353439,23.830054],[90.35341,23.830197],[90.353471,23.830353],[90.35356,23.83045],[90.353618,23.830798],[90.353667,23.83093],[90.353691,23.831026],[90.353765,23.831242],[90.353789,23.831314],[90.353928,23.831519],[90.354095,23.831582],[90.354356,23.831539],[90.354499,23.831505],[90.354694,23.831509],[90.354863,23.831512],[90.354941,23.831513],[90.355057,23.831551],[90.355094,23.831635],[90.355092,23.831707],[90.355089,23.831898],[90.355086,23.832041],[90.355083,23.832172],[90.355073,23.832656],[90.35507,23.832835],[90.355015,23.832971],[90.35498,23.833102],[90.354977,23.833227],[90.354995,23.833335],[90.35506,23.833629],[90.355071,23.833718],[90.355151,23.833941],[90.355175,23.834347],[90.35522,23.834676],[90.355308,23.834857],[90.35533,23.83503],[90.355356,23.835359],[90.355304,23.835973],[90.355245,23.836981],[90.35522,23.838199],[90.355194,23.838861],[90.354962,23.8394],[90.354986,23.839532],[90.355053,23.839718],[90.355161,23.839839],[90.355208,23.840061],[90.355126,23.840293],[90.355058,23.840435],[90.355023,23.840553],[90.354875,23.840826],[90.354834,23.840932],[90.354828,23.841213],[90.354844,23.841392],[90.355062,23.841509],[90.355158,23.841613],[90.355259,23.84171],[90.355355,23.841795],[90.355385,23.841933],[90.355388,23.842112],[90.355353,23.842231],[90.355338,23.84229],[90.355179,23.842491],[90.355098,23.842615],[90.355089,23.842764],[90.355164,23.842872],[90.355279,23.84297],[90.355498,23.843057],[90.355581,23.843112],[90.355644,23.843227],[90.355668,23.843305],[90.355664,23.843508],[90.35557,23.843661],[90.35551,23.843768],[90.355405,23.843826],[90.355215,23.843906],[90.35509,23.84397],[90.354906,23.84408],[90.354454,23.844275],[90.354258,23.844367],[90.353878,23.844546],[90.353608,23.844708],[90.353496,23.844808],[90.353316,23.845056],[90.353241,23.845221],[90.353066,23.845505],[90.353037,23.84566],[90.353049,23.845708],[90.35317,23.845811],[90.353299,23.845891],[90.353621,23.84598],[90.353847,23.846032],[90.354117,23.846174],[90.354361,23.846309],[90.354636,23.846523],[90.354904,23.847053],[90.355023,23.84727],[90.355123,23.847445],[90.355205,23.847584],[90.355318,23.847771],[90.355457,23.84797],[90.355604,23.848086],[90.35589,23.848372],[90.356012,23.848439],[90.356508,23.848627],[90.356849,23.848776],[90.357287,23.848927],[90.357721,23.848988],[90.357974,23.848998],[90.358391,23.84894],[90.358834,23.848852],[90.359139,23.848827],[90.359283,23.848782],[90.359433,23.848737],[90.359596,23.84871]]]}},{"type":"Feature","properties":{"Ward_Name":"DCC North W-07","Exposure":0.78682849,"Sensitivity":0.28329083,"Adaptive_Capacity":-0.08263267,"Exposure_s":0.74135686,"Sensitivity_s":0.414946,"Adaptive_s":0.21583398,"HVI_raw":0.29887077,"HVI":0.73094261,"HVI_Class":"High","Rank":39.0,"Corporation":"DNCC","Area_m2":2054766.60477397,"LST_mean":32.66162063,"Road_Density":28.97,"industry%":0.0,"Pop_Density":294870.34765625,"SVF_mean":0.57171225,"Poverty_HCR":11.6,"build_km2":2873.72,"informal%":4.84,"NDBI_media":0.01139636,"Green%":5.845,"Blue%":1.424,"Hosp_count":5.0,"NTL_median":18.31458378,"unit_id":"DCC North W-07","name":"DCC North W-07","imputed":[],"center":[90.361063,23.810276]},"geometry":{"type":"Polygon","coordinates":[[[90.352655,23.814392],[90.352685,23.814684],[90.352768,23.815011],[90.352763,23.815136],[90.352739,23.815237],[90.352679,23.81532],[90.352667,23.81563],[90.352471,23.816296],[90.352479,23.816465],[90.352501,23.816897],[90.352287,23.817135],[90.352667,23.818241],[90.352757,23.818378],[90.352893,23.818556],[90.353084,23.818634],[90.353554,23.818747],[90.353685,23.818818],[90.353786,23.818901],[90.353857,23.818979],[90.354047,23.820067],[90.354095,23.820121],[90.35512,23.820331],[90.355222,23.820222],[90.35534,23.820129],[90.35554,23.819893],[90.355767,23.819587],[90.355771,23.819348],[90.3558,23.819241],[90.356374,23.819218],[90.35641,23.818567],[90.356503,23.818246],[90.356614,23.817768],[90.35683,23.817077],[90.356952,23.816799],[90.357048,23.816701],[90.357113,23.816587],[90.357115,23.816451],[90.357119,23.816279],[90.357111,23.816138],[90.357114,23.816013],[90.357096,23.815941],[90.357026,23.815868],[90.357002,23.815796],[90.356998,23.815653],[90.357099,23.815481],[90.357217,23.8154],[90.357335,23.815348],[90.357351,23.815223],[90.357367,23.815074],[90.35751,23.815059],[90.357613,23.815066],[90.357676,23.815175],[90.357667,23.815294],[90.357678,23.81542],[90.357702,23.81551],[90.357759,23.815552],[90.357896,23.815549],[90.357969,23.815454],[90.358036,23.81533],[90.358115,23.815314],[90.358168,23.815213],[90.358331,23.815216],[90.358486,23.815219],[90.358558,23.815196],[90.358551,23.814276],[90.358575,23.814056],[90.358659,23.814057],[90.358692,23.813377],[90.358711,23.813079],[90.359479,23.812973],[90.360065,23.812893],[90.360312,23.812874],[90.360729,23.812809],[90.360989,23.81276],[90.361067,23.812761],[90.361122,23.812935],[90.36131,23.813279],[90.36158,23.813719],[90.361993,23.814473],[90.36205,23.814562],[90.362113,23.814647],[90.362181,23.814728],[90.362255,23.814805],[90.362333,23.814876],[90.362415,23.814943],[90.362502,23.815004],[90.362592,23.815059],[90.362686,23.815109],[90.362783,23.815152],[90.362882,23.815189],[90.362984,23.81522],[90.363087,23.815244],[90.36582,23.815837],[90.366101,23.81591],[90.366443,23.814652],[90.366834,23.813218],[90.36802,23.808869],[90.36844,23.807433],[90.368555,23.807037],[90.366997,23.80668],[90.366858,23.806665],[90.366199,23.806591],[90.364688,23.8058],[90.362996,23.804761],[90.361286,23.803712],[90.357666,23.801409],[90.355279,23.79989],[90.355227,23.799966],[90.354707,23.800735],[90.35413,23.801578],[90.353549,23.802416],[90.353299,23.802772],[90.352962,23.803252],[90.35237,23.804083],[90.35228,23.804184],[90.352194,23.804289],[90.352113,23.804398],[90.352038,23.80451],[90.351967,23.804626],[90.351902,23.804745],[90.351843,23.804866],[90.351789,23.804991],[90.351741,23.805117],[90.351699,23.805246],[90.35168,23.805312],[90.351663,23.805377],[90.351632,23.805509],[90.351608,23.805642],[90.351594,23.805893],[90.351581,23.80605],[90.351574,23.806143],[90.351549,23.806393],[90.351518,23.806642],[90.351482,23.80689],[90.351441,23.807138],[90.351394,23.807385],[90.351638,23.807535],[90.351884,23.80768],[90.352133,23.80782],[90.352385,23.807955],[90.352639,23.808085],[90.352873,23.8082],[90.352896,23.808211],[90.353155,23.808331],[90.353229,23.808319],[90.353304,23.808313],[90.353379,23.808313],[90.353454,23.808319],[90.353528,23.808331],[90.353601,23.808349],[90.353587,23.808472],[90.353568,23.808594],[90.353543,23.808716],[90.353512,23.808836],[90.35351,23.808864],[90.353512,23.808891],[90.353518,23.808918],[90.35353,23.808943],[90.353545,23.808966],[90.353564,23.808986],[90.353585,23.809002],[90.35361,23.809015],[90.353636,23.809023],[90.353663,23.809027],[90.353691,23.809027],[90.353783,23.808986],[90.353872,23.808941],[90.353959,23.808891],[90.354044,23.808836],[90.354125,23.808777],[90.354143,23.808761],[90.354163,23.808749],[90.354185,23.80874],[90.354208,23.808734],[90.354232,23.808733],[90.354255,23.808735],[90.354278,23.808741],[90.3543,23.808751],[90.35432,23.808764],[90.354337,23.80878],[90.354352,23.808799],[90.354363,23.80882],[90.354371,23.808843],[90.354375,23.808866],[90.354375,23.80889],[90.354341,23.808953],[90.354313,23.809018],[90.35429,23.809085],[90.354272,23.809154],[90.354259,23.809224],[90.354252,23.809295],[90.35425,23.809366],[90.354305,23.80942],[90.354363,23.80947],[90.354426,23.809515],[90.354491,23.809556],[90.354559,23.809592],[90.354547,23.809713],[90.354541,23.809835],[90.354538,23.809957],[90.354541,23.81008],[90.354501,23.810248],[90.354466,23.810417],[90.354436,23.810587],[90.354411,23.810758],[90.354392,23.81093],[90.354596,23.811006],[90.3548,23.811078],[90.355006,23.811146],[90.355213,23.81121],[90.355145,23.811452],[90.35507,23.811693],[90.354987,23.811931],[90.354898,23.812166],[90.354803,23.8124],[90.354722,23.812475],[90.354636,23.812545],[90.354546,23.81261],[90.354453,23.81267],[90.354356,23.812725],[90.354257,23.812773],[90.354155,23.812816],[90.353909,23.813103],[90.353667,23.813393],[90.353413,23.813309],[90.353157,23.813232],[90.352899,23.813161],[90.352847,23.813264],[90.3528,23.81337],[90.352758,23.813478],[90.352747,23.813515],[90.352723,23.813589],[90.352695,23.813701],[90.352672,23.813815],[90.352656,23.81393],[90.352646,23.814045],[90.352643,23.814161],[90.352646,23.814277],[90.352655,23.814392]]]}},{"type":"Feature","properties":{"Ward_Name":"DCC North W-08","Exposure":-0.66265701,"Sensitivity":-0.51397861,"Adaptive_Capacity":0.44869552,"Exposure_s":0.34074438,"Sensitivity_s":0.23847263,"Adaptive_s":0.42511876,"HVI_raw":0.04566106,"HVI":0.37175772,"HVI_Class":"Low","Rank":115.0,"Corporation":"DNCC","Area_m2":4633015.80874179,"LST_mean":31.40942472,"Road_Density":11.39,"industry%":0.636,"Pop_Density":163508.02392578,"SVF_mean":0.78319808,"Poverty_HCR":8.5,"build_km2":1690.015,"informal%":10.12,"NDBI_media":-0.09420792,"Green%":32.627,"Blue%":10.103,"Hosp_count":3.0,"NTL_median":8.60833359,"unit_id":"DCC North W-08","name":"DCC North W-08","imputed":[],"center":[90.346707,23.811669]},"geometry":{"type":"Polygon","coordinates":[[[90.353827,23.828116],[90.353869,23.827807],[90.354464,23.827456],[90.354726,23.827128],[90.354339,23.826391],[90.354268,23.826171],[90.354494,23.825213],[90.354743,23.824446],[90.354767,23.824231],[90.354708,23.824047],[90.354523,23.823708],[90.354571,23.822596],[90.354803,23.822048],[90.355041,23.821733],[90.355267,23.82046],[90.355225,23.820353],[90.35512,23.820331],[90.354095,23.820121],[90.354047,23.820067],[90.353857,23.818979],[90.353786,23.818901],[90.353685,23.818818],[90.353554,23.818747],[90.353084,23.818634],[90.352893,23.818556],[90.352757,23.818378],[90.352667,23.818241],[90.352287,23.817135],[90.352501,23.816897],[90.352479,23.816465],[90.352471,23.816296],[90.352667,23.81563],[90.352679,23.81532],[90.352739,23.815237],[90.352763,23.815136],[90.352768,23.815011],[90.352685,23.814684],[90.352655,23.814392],[90.352646,23.814277],[90.352643,23.814161],[90.352646,23.814045],[90.352656,23.81393],[90.352672,23.813815],[90.352695,23.813701],[90.352723,23.813589],[90.352747,23.813515],[90.352758,23.813478],[90.3528,23.81337],[90.352847,23.813264],[90.352899,23.813161],[90.353157,23.813232],[90.353413,23.813309],[90.353667,23.813393],[90.353909,23.813103],[90.354155,23.812816],[90.354257,23.812773],[90.354356,23.812725],[90.354453,23.81267],[90.354546,23.81261],[90.354636,23.812545],[90.354722,23.812475],[90.354803,23.8124],[90.354898,23.812166],[90.354987,23.811931],[90.35507,23.811693],[90.355145,23.811452],[90.355213,23.81121],[90.355006,23.811146],[90.3548,23.811078],[90.354596,23.811006],[90.354392,23.81093],[90.354411,23.810758],[90.354436,23.810587],[90.354466,23.810417],[90.354501,23.810248],[90.354541,23.81008],[90.354538,23.809957],[90.354541,23.809835],[90.354547,23.809713],[90.354559,23.809592],[90.354491,23.809556],[90.354426,23.809515],[90.354363,23.80947],[90.354305,23.80942],[90.35425,23.809366],[90.354252,23.809295],[90.354259,23.809224],[90.354272,23.809154],[90.35429,23.809085],[90.354313,23.809018],[90.354341,23.808953],[90.354375,23.80889],[90.354375,23.808866],[90.354371,23.808843],[90.354363,23.80882],[90.354352,23.808799],[90.354337,23.80878],[90.35432,23.808764],[90.3543,23.808751],[90.354278,23.808741],[90.354255,23.808735],[90.354232,23.808733],[90.354208,23.808734],[90.354185,23.80874],[90.354163,23.808749],[90.354143,23.808761],[90.354125,23.808777],[90.354044,23.808836],[90.353959,23.808891],[90.353872,23.808941],[90.353783,23.808986],[90.353691,23.809027],[90.353663,23.809027],[90.353636,23.809023],[90.35361,23.809015],[90.353585,23.809002],[90.353564,23.808986],[90.353545,23.808966],[90.35353,23.808943],[90.353518,23.808918],[90.353512,23.808891],[90.35351,23.808864],[90.353512,23.808836],[90.353543,23.808716],[90.353568,23.808594],[90.353587,23.808472],[90.353601,23.808349],[90.353528,23.808331],[90.353454,23.808319],[90.353379,23.808313],[90.353304,23.808313],[90.353229,23.808319],[90.353155,23.808331],[90.352896,23.808211],[90.352873,23.8082],[90.352639,23.808085],[90.352385,23.807955],[90.352133,23.80782],[90.351884,23.80768],[90.351638,23.807535],[90.351394,23.807385],[90.351441,23.807138],[90.351482,23.80689],[90.351518,23.806642],[90.351549,23.806393],[90.351574,23.806143],[90.351581,23.80605],[90.351594,23.805893],[90.351608,23.805642],[90.351632,23.805509],[90.351663,23.805377],[90.35168,23.805312],[90.351699,23.805246],[90.351741,23.805117],[90.351789,23.804991],[90.351843,23.804866],[90.351902,23.804745],[90.351967,23.804626],[90.352038,23.80451],[90.352113,23.804398],[90.352194,23.804289],[90.35228,23.804184],[90.35237,23.804083],[90.352962,23.803252],[90.353299,23.802772],[90.353549,23.802416],[90.35413,23.801578],[90.354707,23.800735],[90.355227,23.799966],[90.355279,23.79989],[90.354307,23.79928],[90.353337,23.798668],[90.35237,23.798051],[90.352003,23.797824],[90.351634,23.797601],[90.351262,23.797383],[90.350886,23.79717],[90.350508,23.796963],[90.350226,23.796847],[90.349947,23.796726],[90.349669,23.7966],[90.349394,23.796469],[90.349122,23.796332],[90.349082,23.796281],[90.349048,23.796227],[90.34902,23.796169],[90.348998,23.796108],[90.348991,23.796082],[90.348982,23.796045],[90.348973,23.795981],[90.348924,23.795684],[90.348878,23.795387],[90.348836,23.795089],[90.348709,23.795095],[90.348581,23.795107],[90.348455,23.795126],[90.34833,23.795152],[90.348206,23.795184],[90.348117,23.795275],[90.348033,23.795369],[90.347953,23.795467],[90.347878,23.795569],[90.347807,23.795674],[90.347741,23.795783],[90.347681,23.795894],[90.347625,23.796008],[90.347575,23.796124],[90.347479,23.796369],[90.347376,23.796612],[90.347268,23.796852],[90.347154,23.797089],[90.347034,23.797324],[90.346909,23.797556],[90.346778,23.797784],[90.346641,23.79801],[90.346555,23.798077],[90.346464,23.79814],[90.34637,23.798197],[90.346273,23.798248],[90.346173,23.798293],[90.34607,23.798332],[90.346024,23.798347],[90.345966,23.798365],[90.345859,23.798392],[90.345751,23.798412],[90.345642,23.798426],[90.345246,23.798444],[90.34485,23.798454],[90.344454,23.798458],[90.344435,23.798458],[90.344057,23.798455],[90.343661,23.798444],[90.343491,23.798391],[90.343385,23.798361],[90.343319,23.798343],[90.343146,23.798302],[90.342972,23.798267],[90.342796,23.798239],[90.342619,23.798216],[90.342442,23.7982],[90.3423,23.798125],[90.342161,23.798046],[90.342024,23.797962],[90.341889,23.797875],[90.341758,23.797784],[90.341399,23.797749],[90.34104,23.797722],[90.340681,23.797701],[90.340321,23.797687],[90.339961,23.797681],[90.339601,23.797681],[90.339392,23.797685],[90.339396,23.797712],[90.339414,23.797789],[90.339438,23.797865],[90.339468,23.797939],[90.339504,23.79801],[90.339545,23.798078],[90.339622,23.798103],[90.339764,23.798095],[90.339906,23.798095],[90.340048,23.798101],[90.34019,23.798115],[90.34033,23.798135],[90.34047,23.798163],[90.340607,23.798197],[90.340744,23.798238],[90.340877,23.798286],[90.341009,23.798341],[90.341137,23.798401],[90.341262,23.798468],[90.341384,23.798542],[90.341502,23.798621],[90.341616,23.798706],[90.341726,23.798796],[90.341831,23.798892],[90.341931,23.798992],[90.342026,23.799098],[90.342039,23.799114],[90.342116,23.799208],[90.3422,23.799323],[90.342278,23.799441],[90.342351,23.799563],[90.342417,23.799689],[90.342477,23.799818],[90.342531,23.799949],[90.342578,23.800083],[90.342618,23.80022],[90.342652,23.800358],[90.342678,23.800497],[90.342698,23.800638],[90.342711,23.80078],[90.342717,23.800922],[90.342715,23.801064],[90.342652,23.801261],[90.342594,23.80146],[90.342543,23.801661],[90.342499,23.801863],[90.34246,23.802067],[90.342429,23.802271],[90.342403,23.802477],[90.342385,23.802683],[90.342373,23.80289],[90.342367,23.803097],[90.342368,23.803304],[90.342376,23.803511],[90.342382,23.803606],[90.34239,23.803718],[90.342411,23.803924],[90.342267,23.80423],[90.341859,23.804746],[90.340849,23.805985],[90.340765,23.806088],[90.339802,23.807177],[90.339136,23.808049],[90.33885,23.808712],[90.338876,23.808866],[90.338908,23.809048],[90.338902,23.80931],[90.338828,23.809775],[90.338818,23.809805],[90.338816,23.809811],[90.338399,23.811093],[90.338396,23.811103],[90.338328,23.811378],[90.338434,23.811649],[90.338488,23.811787],[90.338663,23.812148],[90.338847,23.812665],[90.339293,23.813675],[90.339538,23.814408],[90.339568,23.814838],[90.339583,23.815198],[90.339585,23.815269],[90.33964,23.815783],[90.339851,23.81624],[90.339986,23.816481],[90.340114,23.816711],[90.340363,23.817216],[90.340383,23.817317],[90.340481,23.817827],[90.340477,23.818034],[90.340475,23.818126],[90.340444,23.818364],[90.340325,23.818481],[90.340153,23.818646],[90.339982,23.818738],[90.339773,23.818794],[90.339526,23.818826],[90.339096,23.818878],[90.33854,23.818797],[90.338075,23.818705],[90.337698,23.818699],[90.337452,23.818694],[90.337138,23.818832],[90.336888,23.818983],[90.33673,23.819076],[90.33648,23.819275],[90.336371,23.819512],[90.336353,23.819762],[90.336336,23.819929],[90.336344,23.820204],[90.336353,23.820395],[90.33636,23.820452],[90.336386,23.820658],[90.336397,23.820778],[90.336471,23.820982],[90.336596,23.821223],[90.336825,23.821418],[90.336994,23.821598],[90.337155,23.82177],[90.337357,23.82206],[90.337566,23.822344],[90.337597,23.822387],[90.337631,23.822418],[90.3384,23.823117],[90.338825,23.823498],[90.339432,23.824042],[90.340479,23.824896],[90.341002,23.825251],[90.341491,23.825582],[90.341831,23.825944],[90.342471,23.826625],[90.342471,23.826598],[90.343768,23.826557],[90.34397,23.826575],[90.344196,23.826653],[90.345249,23.827503],[90.345939,23.827521],[90.34632,23.827711],[90.348873,23.827665],[90.348949,23.827664],[90.349205,23.827759],[90.349758,23.827777],[90.349883,23.828044],[90.352989,23.827997],[90.353369,23.827997],[90.35378,23.828169],[90.353802,23.828145],[90.353827,23.828116]]]}},{"type":"Feature","properties":{"Ward_Name":"DCC North W-09","Exposure":-0.60372562,"Sensitivity":0.57419391,"Adaptive_Capacity":-0.0758498,"Exposure_s":0.35703199,"Sensitivity_s":0.47933659,"Adaptive_s":0.21850568,"HVI_raw":0.20917718,"HVI":0.6037098,"HVI_Class":"High","Rank":72.0,"Corporation":"DNCC","Area_m2":2233606.485733,"LST_mean":33.13504375,"Road_Density":12.68,"industry%":0.0,"Pop_Density":58436.2109375,"SVF_mean":0.82607781,"Poverty_HCR":10.9,"build_km2":2545.556,"informal%":17.69,"NDBI_media":0.03619668,"Green%":9.792,"Blue%":3.405,"Hosp_count":1.0,"NTL_median":23.28750038,"unit_id":"DCC North W-09","name":"DCC North W-09","imputed":[],"center":[90.339871,23.785281]},"geometry":{"type":"Polygon","coordinates":[[[90.341776,23.772419],[90.341275,23.772777],[90.340549,23.773077],[90.339444,23.773533],[90.337586,23.774265],[90.335844,23.77445],[90.334827,23.774671],[90.334759,23.774693],[90.334694,23.774722],[90.334631,23.774757],[90.334572,23.774797],[90.334518,23.774844],[90.334468,23.774895],[90.334423,23.774951],[90.334384,23.775011],[90.334352,23.775075],[90.334325,23.775141],[90.334305,23.77521],[90.334292,23.775281],[90.334286,23.775352],[90.334287,23.775423],[90.334295,23.775495],[90.334309,23.775565],[90.334331,23.775633],[90.335027,23.776469],[90.335726,23.777197],[90.336441,23.777783],[90.33713,23.778344],[90.337512,23.778697],[90.337578,23.778761],[90.337639,23.77883],[90.337694,23.778904],[90.337743,23.778982],[90.337786,23.779063],[90.337823,23.779148],[90.337853,23.779234],[90.337876,23.779323],[90.337893,23.779414],[90.337902,23.779506],[90.337904,23.779597],[90.3379,23.779689],[90.337888,23.779781],[90.337869,23.779871],[90.337843,23.779959],[90.337811,23.780045],[90.337772,23.780129],[90.337727,23.780209],[90.337675,23.780285],[90.337618,23.780357],[90.337556,23.780425],[90.337489,23.780488],[90.337359,23.780524],[90.337231,23.780567],[90.337105,23.780616],[90.336982,23.780671],[90.336861,23.780732],[90.336743,23.780798],[90.336629,23.78087],[90.336519,23.780948],[90.336412,23.78103],[90.336309,23.781118],[90.33621,23.78121],[90.336116,23.781307],[90.336027,23.781408],[90.335943,23.781514],[90.335863,23.781623],[90.335789,23.781736],[90.335721,23.781887],[90.335659,23.78204],[90.335603,23.782196],[90.335554,23.782354],[90.335511,23.782514],[90.335474,23.782675],[90.335444,23.782838],[90.33542,23.783002],[90.335403,23.783166],[90.335393,23.783331],[90.335389,23.783497],[90.335392,23.783662],[90.335401,23.783828],[90.335417,23.783992],[90.33544,23.784156],[90.33547,23.784319],[90.335481,23.784916],[90.335485,23.785093],[90.335566,23.785696],[90.335671,23.785899],[90.335855,23.786045],[90.336413,23.786184],[90.33707,23.786303],[90.337111,23.786311],[90.337373,23.78643],[90.337459,23.786449],[90.337543,23.786474],[90.337625,23.786506],[90.337705,23.786543],[90.337782,23.786586],[90.337855,23.786634],[90.337925,23.786688],[90.337991,23.786746],[90.338053,23.786809],[90.338109,23.786876],[90.338161,23.786948],[90.338207,23.787022],[90.338248,23.7871],[90.338283,23.787181],[90.338312,23.787264],[90.338335,23.787349],[90.338225,23.788193],[90.338213,23.788357],[90.338178,23.78885],[90.338481,23.789256],[90.338828,23.789568],[90.339092,23.789821],[90.339289,23.790071],[90.339335,23.790131],[90.339617,23.790575],[90.33965,23.790977],[90.339581,23.791319],[90.339551,23.791758],[90.33946,23.792177],[90.339564,23.793153],[90.339608,23.794052],[90.33974,23.794704],[90.339832,23.795278],[90.340028,23.795855],[90.339994,23.796523],[90.339633,23.796899],[90.339419,23.797239],[90.339399,23.797316],[90.339386,23.797395],[90.339379,23.797474],[90.339378,23.797554],[90.339384,23.797633],[90.339392,23.797685],[90.339601,23.797681],[90.339961,23.797681],[90.340321,23.797687],[90.340681,23.797701],[90.34104,23.797722],[90.341399,23.797749],[90.341758,23.797784],[90.341889,23.797875],[90.342024,23.797962],[90.342161,23.798046],[90.3423,23.798125],[90.342442,23.7982],[90.342619,23.798216],[90.342796,23.798239],[90.342972,23.798267],[90.343146,23.798302],[90.343319,23.798343],[90.343385,23.798361],[90.343491,23.798391],[90.343661,23.798444],[90.344057,23.798455],[90.344435,23.798458],[90.34444,23.798342],[90.344443,23.797788],[90.344392,23.79763],[90.344403,23.797465],[90.34443,23.797315],[90.344494,23.797223],[90.344619,23.797211],[90.344743,23.79722],[90.344843,23.797265],[90.344991,23.797275],[90.345101,23.797205],[90.345143,23.797062],[90.345185,23.796898],[90.345252,23.796713],[90.345349,23.796514],[90.345366,23.796443],[90.345439,23.796315],[90.345557,23.796253],[90.345674,23.796248],[90.34579,23.796264],[90.345906,23.796309],[90.345983,23.796368],[90.346021,23.796418],[90.346142,23.796585],[90.346195,23.796665],[90.346263,23.796752],[90.346354,23.796883],[90.346439,23.796906],[90.346479,23.79687],[90.346551,23.796757],[90.346562,23.796585],[90.346633,23.796558],[90.34689,23.796562],[90.347014,23.796564],[90.347069,23.796544],[90.347034,23.796357],[90.347012,23.796292],[90.346944,23.796169],[90.346877,23.796061],[90.346839,23.795974],[90.346801,23.795923],[90.346795,23.795844],[90.346836,23.795759],[90.346916,23.795674],[90.34694,23.795617],[90.346913,23.795409],[90.346869,23.795287],[90.346824,23.795207],[90.346756,23.79512],[90.346766,23.794998],[90.346853,23.794935],[90.346938,23.79493],[90.347055,23.794932],[90.347133,23.794933],[90.347252,23.794835],[90.347292,23.794764],[90.347232,23.794677],[90.347218,23.794591],[90.347103,23.794481],[90.347074,23.794387],[90.347023,23.794222],[90.347025,23.794122],[90.347066,23.794022],[90.347191,23.793981],[90.347417,23.793971],[90.347457,23.793928],[90.347392,23.792931],[90.346725,23.792791],[90.345527,23.792763],[90.3452,23.792743],[90.345045,23.79269],[90.344953,23.792653],[90.34479,23.792607],[90.344635,23.792562],[90.344333,23.79247],[90.344318,23.792076],[90.344381,23.792063],[90.344537,23.792051],[90.344654,23.792032],[90.344841,23.792006],[90.34492,23.791972],[90.344946,23.79185],[90.344862,23.791727],[90.344825,23.791662],[90.344851,23.791541],[90.344931,23.791406],[90.345106,23.791237],[90.345318,23.791162],[90.34526,23.79053],[90.345204,23.789469],[90.344551,23.789451],[90.344433,23.786784],[90.344274,23.785835],[90.344227,23.785469],[90.34431,23.784811],[90.344391,23.784662],[90.344457,23.78447],[90.344491,23.784327],[90.344641,23.78423],[90.344775,23.784153],[90.344785,23.78406],[90.344755,23.783981],[90.344694,23.783915],[90.344579,23.783856],[90.344384,23.783838],[90.344331,23.783787],[90.344309,23.783737],[90.344304,23.7836],[90.344344,23.783515],[90.344362,23.783394],[90.344307,23.78307],[90.344234,23.782811],[90.344214,23.782653],[90.344216,23.782166],[90.344229,23.780733],[90.34431,23.779861],[90.344438,23.779662],[90.344615,23.779393],[90.344782,23.779195],[90.344894,23.779047],[90.345078,23.778799],[90.345226,23.778444],[90.345472,23.777803],[90.345641,23.777541],[90.345795,23.777271],[90.345946,23.777073],[90.346115,23.776818],[90.346243,23.77667],[90.34647,23.776595],[90.346751,23.776557],[90.347562,23.776506],[90.347795,23.776496],[90.347901,23.776466],[90.348007,23.776435],[90.348165,23.776338],[90.348724,23.776071],[90.349055,23.775917],[90.348932,23.775763],[90.348804,23.775612],[90.348671,23.775467],[90.348533,23.775326],[90.348389,23.77519],[90.348275,23.775057],[90.348157,23.774927],[90.348034,23.774802],[90.347907,23.774681],[90.347776,23.774564],[90.347641,23.774452],[90.347502,23.774344],[90.34736,23.774241],[90.347253,23.774267],[90.347145,23.774286],[90.347036,23.774299],[90.346926,23.774306],[90.346817,23.774307],[90.346707,23.774302],[90.346598,23.774291],[90.346489,23.774273],[90.346382,23.77425],[90.346332,23.774225],[90.346286,23.774194],[90.346244,23.774157],[90.346206,23.774115],[90.346175,23.77407],[90.346149,23.77402],[90.346129,23.773968],[90.346116,23.773914],[90.346109,23.773859],[90.34611,23.773803],[90.346117,23.773747],[90.346126,23.77366],[90.346128,23.773571],[90.346124,23.773483],[90.346112,23.773396],[90.346094,23.773309],[90.34607,23.773225],[90.346039,23.773142],[90.346001,23.773062],[90.345958,23.772985],[90.345909,23.772912],[90.345854,23.772875],[90.345796,23.772845],[90.345735,23.77282],[90.345671,23.772803],[90.345606,23.772791],[90.345541,23.772787],[90.345475,23.77279],[90.34541,23.772799],[90.345346,23.772815],[90.345316,23.772826],[90.345284,23.772837],[90.345211,23.772855],[90.345137,23.772867],[90.345062,23.772873],[90.344987,23.772873],[90.344912,23.772867],[90.344837,23.772855],[90.344764,23.772837],[90.344693,23.772813],[90.344624,23.772784],[90.34459,23.772767],[90.344557,23.772749],[90.344493,23.772709],[90.344406,23.772639],[90.344314,23.772572],[90.34422,23.772511],[90.344122,23.772455],[90.344066,23.772426],[90.344022,23.772404],[90.343919,23.772358],[90.343687,23.772338],[90.34325,23.772379],[90.343196,23.772384],[90.342964,23.772402],[90.342732,23.772421],[90.342617,23.772375],[90.342613,23.772373],[90.342255,23.772078],[90.341854,23.772364],[90.341776,23.772419]]]}},{"type":"Feature","properties":{"Ward_Name":"DCC North W-10","Exposure":0.09443604,"Sensitivity":0.58294284,"Adaptive_Capacity":0.29634831,"Exposure_s":0.54999168,"Sensitivity_s":0.48127314,"Adaptive_s":0.36511074,"HVI_raw":0.2172514,"HVI":0.6151633,"HVI_Class":"High","Rank":70.0,"Corporation":"DNCC","Area_m2":1875060.81582115,"LST_mean":33.26180376,"Road_Density":17.67,"industry%":0.0,"Pop_Density":225613.5078125,"SVF_mean":0.7401029,"Poverty_HCR":11.2,"build_km2":2919.085,"informal%":18.2,"NDBI_media":0.0158439,"Green%":6.294,"Blue%":2.463,"Hosp_count":8.0,"NTL_median":22.31083393,"unit_id":"DCC North W-10","name":"DCC North W-10","imputed":[],"center":[90.346834,23.787046]},"geometry":{"type":"Polygon","coordinates":[[[90.347034,23.797324],[90.347154,23.797089],[90.347268,23.796852],[90.347376,23.796612],[90.347479,23.796369],[90.347575,23.796124],[90.347625,23.796008],[90.347681,23.795894],[90.347741,23.795783],[90.347807,23.795674],[90.347878,23.795569],[90.347953,23.795467],[90.348033,23.795369],[90.348117,23.795275],[90.348206,23.795184],[90.34833,23.795152],[90.348455,23.795126],[90.348581,23.795107],[90.348709,23.795095],[90.348836,23.795089],[90.348812,23.794969],[90.348795,23.794848],[90.348784,23.794726],[90.34878,23.794604],[90.348783,23.794481],[90.348896,23.794482],[90.349009,23.794489],[90.349121,23.794502],[90.349232,23.794521],[90.349342,23.794547],[90.349399,23.794496],[90.349452,23.794441],[90.3495,23.794382],[90.349544,23.79432],[90.349582,23.794254],[90.349615,23.794185],[90.349642,23.794114],[90.349664,23.794041],[90.350231,23.79424],[90.350324,23.794273],[90.350449,23.793922],[90.350508,23.793167],[90.350314,23.79317],[90.350349,23.792536],[90.350449,23.791857],[90.350407,23.791606],[90.350375,23.791254],[90.350355,23.791082],[90.350276,23.79078],[90.350171,23.790563],[90.349864,23.789991],[90.349778,23.789617],[90.34969,23.789365],[90.349571,23.789077],[90.349452,23.788781],[90.34934,23.788564],[90.349259,23.788348],[90.349192,23.788175],[90.349196,23.787974],[90.349322,23.78789],[90.349244,23.787288],[90.349206,23.786886],[90.349233,23.7867],[90.349286,23.786408],[90.349361,23.786158],[90.349483,23.78591],[90.349588,23.785704],[90.349771,23.785513],[90.349853,23.785307],[90.350054,23.785002],[90.350073,23.784437],[90.350162,23.784281],[90.35022,23.784117],[90.350316,23.783954],[90.35035,23.783832],[90.350378,23.783618],[90.350342,23.783474],[90.350206,23.783271],[90.350109,23.783055],[90.349973,23.78283],[90.349953,23.782679],[90.350065,23.782538],[90.350253,23.782491],[90.350558,23.782396],[90.350762,23.782342],[90.351058,23.782319],[90.351385,23.782303],[90.351595,23.782321],[90.351781,23.782374],[90.352059,23.782501],[90.352187,23.782703],[90.352323,23.782885],[90.353283,23.784334],[90.353656,23.7851],[90.353865,23.785161],[90.354153,23.785166],[90.354426,23.785149],[90.354746,23.78514],[90.355016,23.785216],[90.355281,23.785228],[90.35553,23.785254],[90.357951,23.78526],[90.358732,23.785283],[90.358786,23.784022],[90.358857,23.782369],[90.3589,23.78181],[90.358929,23.781441],[90.359143,23.780453],[90.359285,23.780102],[90.359476,23.779246],[90.359517,23.778746],[90.359375,23.778538],[90.359565,23.777657],[90.359523,23.777117],[90.359512,23.776967],[90.359413,23.777003],[90.359313,23.777034],[90.359211,23.77706],[90.359109,23.777082],[90.358769,23.776951],[90.358681,23.776917],[90.35825,23.776757],[90.357818,23.776603],[90.357694,23.776565],[90.357572,23.776522],[90.357453,23.776473],[90.357335,23.776418],[90.35722,23.776359],[90.356905,23.77635],[90.356788,23.776318],[90.35667,23.776291],[90.35642,23.776268],[90.356169,23.776252],[90.355919,23.776244],[90.355668,23.776243],[90.355439,23.77622],[90.355212,23.77619],[90.354985,23.776152],[90.35476,23.776108],[90.354536,23.776057],[90.354314,23.775999],[90.354203,23.776005],[90.354092,23.776018],[90.353982,23.776038],[90.353874,23.776063],[90.353767,23.776096],[90.353747,23.776103],[90.353662,23.776134],[90.353639,23.776144],[90.35356,23.776179],[90.353461,23.776229],[90.353365,23.776286],[90.353272,23.776348],[90.353211,23.776394],[90.353183,23.776415],[90.353099,23.776488],[90.353019,23.776565],[90.352943,23.776647],[90.352841,23.776785],[90.352765,23.776881],[90.352735,23.77692],[90.352625,23.777052],[90.352511,23.77718],[90.352393,23.777305],[90.352393,23.777358],[90.352393,23.777401],[90.352398,23.777497],[90.352408,23.777593],[90.352387,23.777647],[90.352361,23.777698],[90.352328,23.777745],[90.35229,23.777789],[90.352247,23.777827],[90.352199,23.777859],[90.352149,23.777886],[90.352095,23.777907],[90.352039,23.77792],[90.351797,23.777991],[90.351556,23.778068],[90.351318,23.778151],[90.351081,23.778239],[90.351036,23.778267],[90.350989,23.778289],[90.350939,23.778305],[90.350887,23.778315],[90.350834,23.778319],[90.350751,23.778275],[90.35067,23.778226],[90.350593,23.778171],[90.35052,23.778112],[90.350451,23.778047],[90.350386,23.777978],[90.350326,23.777906],[90.350297,23.777862],[90.350274,23.777816],[90.350257,23.777766],[90.350248,23.777715],[90.350245,23.777663],[90.35025,23.777611],[90.350262,23.77756],[90.35028,23.777511],[90.350305,23.777465],[90.350351,23.777339],[90.35039,23.777211],[90.350422,23.777081],[90.350422,23.777081],[90.350447,23.77695],[90.350466,23.776817],[90.350477,23.776683],[90.350481,23.776549],[90.350478,23.776415],[90.350468,23.776282],[90.350456,23.776231],[90.350437,23.776183],[90.350412,23.776138],[90.350383,23.776095],[90.350348,23.776057],[90.350309,23.776023],[90.350266,23.775993],[90.35022,23.77597],[90.350172,23.775952],[90.350121,23.77594],[90.35007,23.775934],[90.349989,23.775933],[90.349909,23.775939],[90.34983,23.775951],[90.349751,23.77597],[90.349675,23.775994],[90.34963,23.776013],[90.3496,23.776025],[90.349529,23.776062],[90.349495,23.776088],[90.349457,23.776109],[90.349416,23.776124],[90.349374,23.776132],[90.349331,23.776134],[90.349288,23.776129],[90.349247,23.776118],[90.349211,23.776101],[90.349208,23.7761],[90.349172,23.776076],[90.349055,23.775917],[90.348724,23.776071],[90.348165,23.776338],[90.348007,23.776435],[90.347901,23.776466],[90.347795,23.776496],[90.347562,23.776506],[90.346751,23.776557],[90.34647,23.776595],[90.346243,23.77667],[90.346115,23.776818],[90.345946,23.777073],[90.345795,23.777271],[90.345641,23.777541],[90.345472,23.777803],[90.345226,23.778444],[90.345078,23.778799],[90.344894,23.779047],[90.344782,23.779195],[90.344615,23.779393],[90.344438,23.779662],[90.34431,23.779861],[90.344229,23.780733],[90.344216,23.782166],[90.344214,23.782653],[90.344234,23.782811],[90.344307,23.78307],[90.344362,23.783394],[90.344344,23.783515],[90.344304,23.7836],[90.344309,23.783737],[90.344331,23.783787],[90.344384,23.783838],[90.344579,23.783856],[90.344694,23.783915],[90.344755,23.783981],[90.344785,23.78406],[90.344775,23.784153],[90.344641,23.78423],[90.344491,23.784327],[90.344457,23.78447],[90.344391,23.784662],[90.34431,23.784811],[90.344227,23.785469],[90.344274,23.785835],[90.344433,23.786784],[90.344551,23.789451],[90.345204,23.789469],[90.34526,23.79053],[90.345318,23.791162],[90.345106,23.791237],[90.344931,23.791406],[90.344851,23.791541],[90.344825,23.791662],[90.344862,23.791727],[90.344946,23.79185],[90.34492,23.791972],[90.344841,23.792006],[90.344654,23.792032],[90.344537,23.792051],[90.344381,23.792063],[90.344318,23.792076],[90.344333,23.79247],[90.344635,23.792562],[90.34479,23.792607],[90.344953,23.792653],[90.345045,23.79269],[90.3452,23.792743],[90.345527,23.792763],[90.346725,23.792791],[90.347392,23.792931],[90.347457,23.793928],[90.347417,23.793971],[90.347191,23.793981],[90.347066,23.794022],[90.347025,23.794122],[90.347023,23.794222],[90.347074,23.794387],[90.347103,23.794481],[90.347218,23.794591],[90.347232,23.794677],[90.347292,23.794764],[90.347252,23.794835],[90.347133,23.794933],[90.347055,23.794932],[90.346938,23.79493],[90.346853,23.794935],[90.346766,23.794998],[90.346756,23.79512],[90.346824,23.795207],[90.346869,23.795287],[90.346913,23.795409],[90.34694,23.795617],[90.346916,23.795674],[90.346836,23.795759],[90.346795,23.795844],[90.346801,23.795923],[90.346839,23.795974],[90.346877,23.796061],[90.346944,23.796169],[90.347012,23.796292],[90.347034,23.796357],[90.347069,23.796544],[90.347014,23.796564],[90.34689,23.796562],[90.346633,23.796558],[90.346562,23.796585],[90.346551,23.796757],[90.346479,23.79687],[90.346439,23.796906],[90.346354,23.796883],[90.346263,23.796752],[90.346195,23.796665],[90.346142,23.796585],[90.346021,23.796418],[90.345983,23.796368],[90.345906,23.796309],[90.34579,23.796264],[90.345674,23.796248],[90.345557,23.796253],[90.345439,23.796315],[90.345366,23.796443],[90.345349,23.796514],[90.345252,23.796713],[90.345185,23.796898],[90.345143,23.797062],[90.345101,23.797205],[90.344991,23.797275],[90.344843,23.797265],[90.344743,23.79722],[90.344619,23.797211],[90.344494,23.797223],[90.34443,23.797315],[90.344403,23.797465],[90.344392,23.79763],[90.344443,23.797788],[90.34444,23.798342],[90.344435,23.798458],[90.344454,23.798458],[90.34485,23.798454],[90.345246,23.798444],[90.345642,23.798426],[90.345751,23.798412],[90.345859,23.798392],[90.345966,23.798365],[90.346024,23.798347],[90.34607,23.798332],[90.346173,23.798293],[90.346273,23.798248],[90.34637,23.798197],[90.346464,23.79814],[90.346555,23.798077],[90.346641,23.79801],[90.346778,23.797784],[90.346909,23.797556],[90.347034,23.797324]]]}},{"type":"Feature","properties":{"Ward_Name":"DCC North W-11","Exposure":0.31378983,"Sensitivity":0.30926069,"Adaptive_Capacity":-0.09538902,"Exposure_s":0.61061724,"Sensitivity_s":0.42069436,"Adaptive_s":0.21080938,"HVI_raw":0.26435638,"HVI":0.681983,"HVI_Class":"High","Rank":50.0,"Corporation":"DNCC","Area_m2":1335272.01403749,"LST_mean":32.04186333,"Road_Density":23.67,"industry%":2.183,"Pop_Density":228180.2578125,"SVF_mean":0.62927723,"Poverty_HCR":12.3,"build_km2":2665.017,"informal%":5.44,"NDBI_media":0.01209006,"Green%":5.331,"Blue%":4.347,"Hosp_count":3.0,"NTL_median":18.71500015,"unit_id":"DCC North W-11","name":"DCC North W-11","imputed":[],"center":[90.355388,23.785536]},"geometry":{"type":"Polygon","coordinates":[[[90.355087,23.793864],[90.355282,23.793882],[90.35556,23.793972],[90.356285,23.794104],[90.360566,23.794148],[90.360607,23.7918],[90.360739,23.789897],[90.360882,23.788982],[90.360979,23.788783],[90.361,23.788525],[90.361022,23.788196],[90.360999,23.787809],[90.360975,23.78745],[90.360951,23.787092],[90.360848,23.786818],[90.360744,23.786544],[90.360688,23.78627],[90.360755,23.786028],[90.360853,23.7858],[90.361029,23.78556],[90.361219,23.78542],[90.361439,23.78528],[90.361551,23.785139],[90.361755,23.785099],[90.361987,23.785146],[90.362281,23.785266],[90.362437,23.785211],[90.362478,23.784602],[90.362524,23.784364],[90.362661,23.78429],[90.362837,23.784293],[90.362994,23.784228],[90.363018,23.784076],[90.363022,23.783885],[90.362993,23.78377],[90.36287,23.783701],[90.362843,23.783481],[90.362876,23.783386],[90.363043,23.78335],[90.36322,23.783334],[90.363274,23.783201],[90.363278,23.78303],[90.363323,23.782849],[90.363511,23.782795],[90.363658,23.782711],[90.363743,23.782589],[90.363871,23.782447],[90.363925,23.782324],[90.364734,23.782338],[90.365,23.782456],[90.365579,23.782502],[90.365512,23.782455],[90.365382,23.782355],[90.36531,23.782223],[90.365243,23.782089],[90.365181,23.781952],[90.365125,23.781813],[90.365075,23.781671],[90.36503,23.781528],[90.36499,23.781383],[90.364956,23.781237],[90.364777,23.780782],[90.364601,23.780326],[90.36443,23.779869],[90.364359,23.77972],[90.364283,23.779574],[90.364201,23.77943],[90.364114,23.77929],[90.364023,23.779153],[90.363926,23.77902],[90.363824,23.77889],[90.363717,23.778764],[90.363606,23.778642],[90.363491,23.778525],[90.363371,23.778411],[90.363092,23.778213],[90.362818,23.77801],[90.362547,23.777801],[90.362279,23.777587],[90.362211,23.777529],[90.362147,23.777466],[90.362086,23.7774],[90.36203,23.77733],[90.361978,23.777258],[90.361978,23.777257],[90.36193,23.777181],[90.361887,23.777103],[90.361814,23.777099],[90.361741,23.777103],[90.361669,23.777112],[90.361598,23.777128],[90.361529,23.777149],[90.361462,23.777177],[90.361393,23.777194],[90.361324,23.777205],[90.361254,23.77721],[90.361184,23.777209],[90.361114,23.777202],[90.361045,23.777188],[90.360977,23.777169],[90.360911,23.777144],[90.360787,23.777095],[90.360661,23.777051],[90.360534,23.777014],[90.360404,23.776982],[90.360273,23.776957],[90.360141,23.776938],[90.360008,23.776926],[90.359875,23.77692],[90.359742,23.77692],[90.359609,23.776927],[90.359512,23.776967],[90.359523,23.777117],[90.359565,23.777657],[90.359375,23.778538],[90.359517,23.778746],[90.359476,23.779246],[90.359285,23.780102],[90.359143,23.780453],[90.358929,23.781441],[90.3589,23.78181],[90.358857,23.782369],[90.358732,23.785283],[90.357951,23.78526],[90.35553,23.785254],[90.355281,23.785228],[90.355016,23.785216],[90.354746,23.78514],[90.354426,23.785149],[90.354153,23.785166],[90.353865,23.785161],[90.353656,23.7851],[90.353283,23.784334],[90.352323,23.782885],[90.352187,23.782703],[90.352059,23.782501],[90.351781,23.782374],[90.351595,23.782321],[90.351385,23.782303],[90.351058,23.782319],[90.350762,23.782342],[90.350558,23.782396],[90.350253,23.782491],[90.350065,23.782538],[90.349953,23.782679],[90.349973,23.78283],[90.350109,23.783055],[90.350206,23.783271],[90.350342,23.783474],[90.350378,23.783618],[90.35035,23.783832],[90.350316,23.783954],[90.35022,23.784117],[90.350162,23.784281],[90.350073,23.784437],[90.350054,23.785002],[90.349853,23.785307],[90.349771,23.785513],[90.349588,23.785704],[90.349483,23.78591],[90.349361,23.786158],[90.349286,23.786408],[90.349233,23.7867],[90.349206,23.786886],[90.349244,23.787288],[90.349322,23.78789],[90.349502,23.78785],[90.349878,23.787771],[90.3503,23.787699],[90.350674,23.787648],[90.350994,23.787639],[90.35175,23.787559],[90.351939,23.787455],[90.35212,23.787365],[90.352286,23.787275],[90.352583,23.787215],[90.353081,23.787195],[90.353611,23.787212],[90.353537,23.790857],[90.353493,23.791202],[90.353718,23.791208],[90.353565,23.793095],[90.353577,23.793107],[90.353629,23.793237],[90.353671,23.79346],[90.353683,23.793639],[90.353748,23.793877],[90.35387,23.794022],[90.354024,23.794096],[90.354321,23.794051],[90.354705,23.793922],[90.354939,23.793869],[90.355087,23.793864]]]}},{"type":"Feature","properties":{"Ward_Name":"DCC North W-12","Exposure":0.52355271,"Sensitivity":0.61092273,"Adaptive_Capacity":-0.275836,"Exposure_s":0.66859203,"Sensitivity_s":0.48746641,"Adaptive_s":0.13973315,"HVI_raw":0.32999409,"HVI":0.7750919,"HVI_Class":"High","Rank":17.0,"Corporation":"DNCC","Area_m2":878736.56795291,"LST_mean":32.98022685,"Road_Density":30.61,"industry%":0.559,"Pop_Density":115969.37121295,"SVF_mean":0.57896719,"Poverty_HCR":12.2,"build_km2":3125.783,"informal%":10.14,"NDBI_media":0.03793435,"Green%":0.705,"Blue%":0.342,"Hosp_count":4.0,"NTL_median":19.52916622,"unit_id":"DCC North W-12","name":"DCC North W-12","imputed":[],"center":[90.355457,23.794308]},"geometry":{"type":"Polygon","coordinates":[[[90.350508,23.793167],[90.350449,23.793922],[90.350324,23.794273],[90.350231,23.79424],[90.349664,23.794041],[90.349642,23.794114],[90.349615,23.794185],[90.349582,23.794254],[90.349544,23.79432],[90.3495,23.794382],[90.349452,23.794441],[90.349399,23.794496],[90.349342,23.794547],[90.349232,23.794521],[90.349121,23.794502],[90.349009,23.794489],[90.348896,23.794482],[90.348783,23.794481],[90.34878,23.794604],[90.348784,23.794726],[90.348795,23.794848],[90.348812,23.794969],[90.348836,23.795089],[90.348878,23.795387],[90.348924,23.795684],[90.348973,23.795981],[90.348982,23.796045],[90.348991,23.796082],[90.348998,23.796108],[90.34902,23.796169],[90.349048,23.796227],[90.349082,23.796281],[90.349122,23.796332],[90.349394,23.796469],[90.349669,23.7966],[90.349947,23.796726],[90.350226,23.796847],[90.350508,23.796963],[90.350886,23.79717],[90.351262,23.797383],[90.351634,23.797601],[90.352003,23.797824],[90.35237,23.798051],[90.353337,23.798668],[90.354307,23.79928],[90.355279,23.79989],[90.357666,23.801409],[90.358291,23.800123],[90.358376,23.800029],[90.358584,23.800023],[90.358671,23.799824],[90.358706,23.799633],[90.358699,23.79948],[90.358682,23.799279],[90.358657,23.798973],[90.358858,23.798795],[90.358982,23.798797],[90.359344,23.798861],[90.359573,23.798846],[90.359723,23.798638],[90.35997,23.798212],[90.360098,23.798062],[90.360216,23.797834],[90.360243,23.797567],[90.360227,23.797309],[90.36016,23.797022],[90.360113,23.796772],[90.360117,23.7966],[90.360237,23.796326],[90.360312,23.796212],[90.360465,23.795823],[90.360585,23.795013],[90.360566,23.794148],[90.356285,23.794104],[90.35556,23.793972],[90.355282,23.793882],[90.355087,23.793864],[90.354939,23.793869],[90.354705,23.793922],[90.354321,23.794051],[90.354024,23.794096],[90.35387,23.794022],[90.353748,23.793877],[90.353683,23.793639],[90.353671,23.79346],[90.353629,23.793237],[90.353577,23.793107],[90.353565,23.793095],[90.353718,23.791208],[90.353493,23.791202],[90.353537,23.790857],[90.353611,23.787212],[90.353081,23.787195],[90.352583,23.787215],[90.352286,23.787275],[90.35212,23.787365],[90.351939,23.787455],[90.35175,23.787559],[90.350994,23.787639],[90.350674,23.787648],[90.3503,23.787699],[90.349878,23.787771],[90.349502,23.78785],[90.349322,23.78789],[90.349196,23.787974],[90.349192,23.788175],[90.349259,23.788348],[90.34934,23.788564],[90.349452,23.788781],[90.349571,23.789077],[90.34969,23.789365],[90.349778,23.789617],[90.349864,23.789991],[90.350171,23.790563],[90.350276,23.79078],[90.350355,23.791082],[90.350375,23.791254],[90.350407,23.791606],[90.350449,23.791857],[90.350349,23.792536],[90.350314,23.79317],[90.350508,23.793167]]]}},{"type":"Feature","properties":{"Ward_Name":"DCC North W-13","Exposure":0.66957246,"Sensitivity":0.66647897,"Adaptive_Capacity":-0.12248827,"Exposure_s":0.70894934,"Sensitivity_s":0.49976363,"Adaptive_s":0.20013526,"HVI_raw":0.32611026,"HVI":0.76958257,"HVI_Class":"High","Rank":21.0,"Corporation":"DNCC","Area_m2":2693616.2992719,"LST_mean":32.41766218,"Road_Density":24.96,"industry%":0.0,"Pop_Density":301987.75390625,"SVF_mean":0.56545919,"Poverty_HCR":12.3,"build_km2":3749.935,"informal%":9.12,"NDBI_media":0.02814215,"Green%":0.554,"Blue%":0.056,"Hosp_count":7.0,"NTL_median":17.63333321,"unit_id":"DCC North W-13","name":"DCC North W-13","imputed":[],"center":[90.367075,23.793568]},"geometry":{"type":"Polygon","coordinates":[[[90.372398,23.784482],[90.372172,23.784539],[90.371948,23.784603],[90.371726,23.784672],[90.371641,23.784585],[90.371628,23.784571],[90.371525,23.784474],[90.371418,23.784382],[90.371306,23.784295],[90.371191,23.784213],[90.371072,23.784137],[90.370869,23.783984],[90.370662,23.783836],[90.370452,23.783694],[90.370237,23.783558],[90.370019,23.783428],[90.369797,23.783303],[90.369573,23.783185],[90.369469,23.783139],[90.369363,23.783099],[90.369255,23.783065],[90.369145,23.783037],[90.369033,23.783016],[90.368921,23.783001],[90.368808,23.782992],[90.368694,23.782991],[90.368581,23.782995],[90.368468,23.783007],[90.368356,23.783024],[90.368208,23.783062],[90.368059,23.783094],[90.367909,23.78312],[90.367758,23.783141],[90.367606,23.783157],[90.367454,23.783167],[90.367301,23.783171],[90.367148,23.78317],[90.366988,23.783136],[90.36683,23.783095],[90.366673,23.783048],[90.366518,23.782995],[90.366366,23.782936],[90.366215,23.78287],[90.366068,23.782799],[90.365924,23.782721],[90.365783,23.782638],[90.365645,23.782549],[90.365579,23.782502],[90.365,23.782456],[90.364734,23.782338],[90.363925,23.782324],[90.363871,23.782447],[90.363743,23.782589],[90.363658,23.782711],[90.363511,23.782795],[90.363323,23.782849],[90.363278,23.78303],[90.363274,23.783201],[90.36322,23.783334],[90.363043,23.78335],[90.362876,23.783386],[90.362843,23.783481],[90.36287,23.783701],[90.362993,23.78377],[90.363022,23.783885],[90.363018,23.784076],[90.362994,23.784228],[90.362837,23.784293],[90.362661,23.78429],[90.362524,23.784364],[90.362478,23.784602],[90.362437,23.785211],[90.362281,23.785266],[90.361987,23.785146],[90.361755,23.785099],[90.361551,23.785139],[90.361439,23.78528],[90.361219,23.78542],[90.361029,23.78556],[90.360853,23.7858],[90.360755,23.786028],[90.360688,23.78627],[90.360744,23.786544],[90.360848,23.786818],[90.360951,23.787092],[90.360975,23.78745],[90.360999,23.787809],[90.361022,23.788196],[90.361,23.788525],[90.360979,23.788783],[90.360882,23.788982],[90.360739,23.789897],[90.360607,23.7918],[90.360566,23.794148],[90.360585,23.795013],[90.360465,23.795823],[90.360312,23.796212],[90.360237,23.796326],[90.360117,23.7966],[90.360113,23.796772],[90.36016,23.797022],[90.360227,23.797309],[90.360243,23.797567],[90.360216,23.797834],[90.360098,23.798062],[90.35997,23.798212],[90.359723,23.798638],[90.359573,23.798846],[90.359344,23.798861],[90.358982,23.798797],[90.358858,23.798795],[90.358657,23.798973],[90.358682,23.799279],[90.358699,23.79948],[90.358706,23.799633],[90.358671,23.799824],[90.358584,23.800023],[90.358376,23.800029],[90.358291,23.800123],[90.357666,23.801409],[90.361286,23.803712],[90.362996,23.804761],[90.363483,23.804179],[90.363616,23.804008],[90.363779,23.803981],[90.363969,23.803889],[90.364042,23.803788],[90.364091,23.80361],[90.364316,23.803095],[90.364749,23.802845],[90.365015,23.802533],[90.365608,23.80206],[90.365892,23.801826],[90.366032,23.801661],[90.366171,23.801502],[90.366259,23.801325],[90.366352,23.799917],[90.366459,23.799776],[90.366546,23.799646],[90.366658,23.799576],[90.366847,23.799526],[90.367048,23.799523],[90.367165,23.799513],[90.367237,23.799461],[90.367279,23.799348],[90.367282,23.799205],[90.367258,23.799085],[90.367182,23.798988],[90.367121,23.798778],[90.367144,23.798641],[90.367232,23.798434],[90.3673,23.798286],[90.36744,23.798121],[90.367702,23.797964],[90.36797,23.797903],[90.368051,23.797713],[90.36814,23.797512],[90.368169,23.797339],[90.368154,23.797124],[90.368094,23.796899],[90.368004,23.796754],[90.367851,23.796608],[90.367781,23.796473],[90.367733,23.796272],[90.367685,23.796061],[90.367782,23.7959],[90.368022,23.795818],[90.368292,23.795823],[90.3685,23.795827],[90.368647,23.795762],[90.368764,23.795611],[90.368977,23.795328],[90.369326,23.795029],[90.369536,23.794898],[90.369702,23.79492],[90.369845,23.795018],[90.369927,23.795058],[90.37028,23.795064],[90.370749,23.794976],[90.371145,23.794888],[90.371447,23.794836],[90.371591,23.794905],[90.37181,23.794899],[90.371947,23.794796],[90.372128,23.79457],[90.372555,23.794491],[90.372831,23.7944],[90.372835,23.794323],[90.372872,23.794324],[90.373533,23.794341],[90.373611,23.793023],[90.373709,23.792758],[90.373709,23.792461],[90.373683,23.792421],[90.373663,23.792379],[90.373648,23.792334],[90.373639,23.792288],[90.373637,23.792241],[90.373641,23.792194],[90.373651,23.792147],[90.373667,23.792103],[90.373689,23.792061],[90.373716,23.792023],[90.373748,23.791988],[90.373764,23.791953],[90.373773,23.791916],[90.373777,23.791877],[90.373774,23.791839],[90.373765,23.791801],[90.373749,23.791766],[90.373728,23.791734],[90.373719,23.791724],[90.373702,23.791705],[90.373672,23.791682],[90.373638,23.791664],[90.374051,23.790846],[90.374238,23.790105],[90.374732,23.790138],[90.374768,23.790141],[90.37569,23.790459],[90.376368,23.789034],[90.376532,23.788726],[90.376642,23.78852],[90.376815,23.788194],[90.376914,23.788089],[90.377008,23.78798],[90.377098,23.787867],[90.377183,23.787751],[90.377263,23.787631],[90.377285,23.787596],[90.377338,23.787508],[90.377407,23.787382],[90.377472,23.787253],[90.37753,23.787121],[90.377583,23.786987],[90.37763,23.786851],[90.377672,23.786713],[90.377785,23.786425],[90.377893,23.786136],[90.377997,23.785845],[90.378095,23.785552],[90.378189,23.785258],[90.378385,23.784456],[90.378505,23.783978],[90.378493,23.783977],[90.377713,23.783914],[90.377152,23.783779],[90.376195,23.783608],[90.375096,23.783398],[90.373916,23.783354],[90.373444,23.783274],[90.373068,23.78328],[90.372841,23.78327],[90.372668,23.783165],[90.372579,23.783062],[90.372498,23.782918],[90.372416,23.782803],[90.372267,23.782753],[90.372169,23.782811],[90.372108,23.782929],[90.37206,23.78306],[90.372005,23.78322],[90.371944,23.783362],[90.371915,23.783499],[90.371931,23.783678],[90.372026,23.783793],[90.372189,23.784089],[90.372264,23.784191],[90.372306,23.784377],[90.372398,23.784482]]]}},{"type":"Feature","properties":{"Ward_Name":"DCC North W-14","Exposure":0.67623625,"Sensitivity":0.30082736,"Adaptive_Capacity":-0.2268587,"Exposure_s":0.7107911,"Sensitivity_s":0.41882766,"Adaptive_s":0.15902481,"HVI_raw":0.31042232,"HVI":0.7473288,"HVI_Class":"High","Rank":28.0,"Corporation":"DNCC","Area_m2":1898424.76070541,"LST_mean":32.69591413,"Road_Density":25.1,"industry%":0.0,"Pop_Density":299994.5703125,"SVF_mean":0.58673087,"Poverty_HCR":9.5,"build_km2":3476.785,"informal%":2.93,"NDBI_media":0.03172868,"Green%":0.602,"Blue%":0.005,"Hosp_count":6.0,"NTL_median":16.47708321,"unit_id":"DCC North W-14","name":"DCC North W-14","imputed":[],"center":[90.373637,23.797707]},"geometry":{"type":"Polygon","coordinates":[[[90.37559,23.805485],[90.375915,23.805246],[90.376235,23.805001],[90.376551,23.804751],[90.376862,23.804495],[90.377169,23.804234],[90.378166,23.803429],[90.378459,23.803193],[90.378775,23.802887],[90.379016,23.802673],[90.378833,23.802016],[90.378647,23.801459],[90.37848,23.800978],[90.378461,23.800357],[90.378578,23.799728],[90.378808,23.798586],[90.378969,23.79836],[90.379105,23.798276],[90.379182,23.798086],[90.379173,23.796987],[90.379252,23.796664],[90.379289,23.796349],[90.379314,23.79613],[90.379205,23.795889],[90.379074,23.795715],[90.378995,23.795494],[90.378917,23.795254],[90.379059,23.794913],[90.379199,23.794657],[90.379391,23.794364],[90.379585,23.794052],[90.379581,23.793699],[90.379566,23.793421],[90.379584,23.79304],[90.379653,23.792726],[90.379732,23.792373],[90.379747,23.792164],[90.379583,23.792037],[90.379418,23.792015],[90.379115,23.792124],[90.378781,23.792144],[90.378766,23.792214],[90.37869,23.792375],[90.378634,23.792575],[90.37858,23.792698],[90.378506,23.792754],[90.378432,23.792829],[90.378327,23.792885],[90.378213,23.792902],[90.37814,23.792891],[90.37804,23.792689],[90.378042,23.792612],[90.378044,23.792526],[90.37811,23.792308],[90.378165,23.792175],[90.378209,23.792032],[90.378318,23.791767],[90.378351,23.791681],[90.378364,23.791586],[90.378327,23.791347],[90.378268,23.791193],[90.378217,23.791106],[90.378084,23.791027],[90.377971,23.790997],[90.377785,23.790927],[90.377703,23.790887],[90.377652,23.790838],[90.377582,23.790694],[90.377668,23.790543],[90.377701,23.790476],[90.377683,23.790323],[90.377571,23.790216],[90.377449,23.79008],[90.3774,23.789965],[90.377371,23.78984],[90.377214,23.789398],[90.377114,23.789215],[90.377004,23.788984],[90.376966,23.788821],[90.376963,23.788692],[90.376815,23.788194],[90.376642,23.78852],[90.376532,23.788726],[90.376368,23.789034],[90.37569,23.790459],[90.374768,23.790141],[90.374732,23.790138],[90.374238,23.790105],[90.374051,23.790846],[90.373638,23.791664],[90.373672,23.791682],[90.373702,23.791705],[90.373719,23.791724],[90.373728,23.791734],[90.373749,23.791766],[90.373765,23.791801],[90.373774,23.791839],[90.373777,23.791877],[90.373773,23.791916],[90.373764,23.791953],[90.373748,23.791988],[90.373716,23.792023],[90.373689,23.792061],[90.373667,23.792103],[90.373651,23.792147],[90.373641,23.792194],[90.373637,23.792241],[90.373639,23.792288],[90.373648,23.792334],[90.373663,23.792379],[90.373683,23.792421],[90.373709,23.792461],[90.373709,23.792758],[90.373611,23.793023],[90.373533,23.794341],[90.372872,23.794324],[90.372835,23.794323],[90.372831,23.7944],[90.372555,23.794491],[90.372128,23.79457],[90.371947,23.794796],[90.37181,23.794899],[90.371591,23.794905],[90.371447,23.794836],[90.371145,23.794888],[90.370749,23.794976],[90.37028,23.795064],[90.369927,23.795058],[90.369845,23.795018],[90.369702,23.79492],[90.369536,23.794898],[90.369326,23.795029],[90.368977,23.795328],[90.368764,23.795611],[90.368647,23.795762],[90.3685,23.795827],[90.368292,23.795823],[90.368022,23.795818],[90.367782,23.7959],[90.367685,23.796061],[90.367733,23.796272],[90.367781,23.796473],[90.367851,23.796608],[90.368004,23.796754],[90.368094,23.796899],[90.368154,23.797124],[90.368169,23.797339],[90.36814,23.797512],[90.368051,23.797713],[90.36797,23.797903],[90.367702,23.797964],[90.36744,23.798121],[90.3673,23.798286],[90.367232,23.798434],[90.367144,23.798641],[90.367121,23.798778],[90.367182,23.798988],[90.367258,23.799085],[90.367282,23.799205],[90.367279,23.799348],[90.367237,23.799461],[90.367165,23.799513],[90.367048,23.799523],[90.366847,23.799526],[90.366658,23.799576],[90.366546,23.799646],[90.366459,23.799776],[90.366352,23.799917],[90.366259,23.801325],[90.366171,23.801502],[90.366032,23.801661],[90.365892,23.801826],[90.365608,23.80206],[90.365015,23.802533],[90.364749,23.802845],[90.364316,23.803095],[90.364091,23.80361],[90.364042,23.803788],[90.363969,23.803889],[90.363779,23.803981],[90.363616,23.804008],[90.363483,23.804179],[90.362996,23.804761],[90.364688,23.8058],[90.366199,23.806591],[90.366858,23.806665],[90.366997,23.80668],[90.368555,23.807037],[90.368733,23.807086],[90.368913,23.807129],[90.369094,23.807165],[90.369276,23.807196],[90.36946,23.80722],[90.369644,23.807238],[90.369828,23.80725],[90.370144,23.807205],[90.37046,23.807153],[90.370774,23.807096],[90.371087,23.807032],[90.371399,23.806961],[90.371709,23.806885],[90.372018,23.806803],[90.372325,23.806714],[90.37263,23.80662],[90.37288,23.806586],[90.373129,23.806545],[90.373377,23.806499],[90.373623,23.806445],[90.373868,23.806385],[90.374112,23.806319],[90.374353,23.806246],[90.374593,23.806167],[90.374929,23.805946],[90.375262,23.805718],[90.37559,23.805485]]]}},{"type":"Feature","properties":{"Ward_Name":"DCC North W-15","Exposure":-0.42473311,"Sensitivity":-0.30168298,"Adaptive_Capacity":0.47107481,"Exposure_s":0.40650239,"Sensitivity_s":0.28546368,"Adaptive_s":0.43393373,"HVI_raw":0.07941809,"HVI":0.41964298,"HVI_Class":"Moderate","Rank":106.0,"Corporation":"DNCC","Area_m2":6837997.57665793,"LST_mean":32.07822727,"Road_Density":11.82,"industry%":0.006,"Pop_Density":133404.34399414,"SVF_mean":0.71510793,"Poverty_HCR":8.4,"build_km2":2157.938,"informal%":8.81,"NDBI_media":-0.05880544,"Green%":19.693,"Blue%":11.185,"Hosp_count":4.0,"NTL_median":14.70583344,"unit_id":"DCC North W-15","name":"DCC North W-15","imputed":[],"center":[90.389451,23.824057]},"geometry":{"type":"Polygon","coordinates":[[[90.396012,23.807854],[90.396062,23.808942],[90.395938,23.809387],[90.39532,23.810129],[90.395295,23.811217],[90.394133,23.811934],[90.393316,23.812009],[90.391882,23.810203],[90.390744,23.808719],[90.389508,23.807087],[90.38837,23.805702],[90.387949,23.805282],[90.389681,23.804911],[90.389903,23.804342],[90.391832,23.803723],[90.393193,23.803291],[90.394173,23.803025],[90.394171,23.80301],[90.394147,23.802878],[90.394116,23.802747],[90.394092,23.802706],[90.394035,23.802608],[90.393947,23.802472],[90.393854,23.802339],[90.393756,23.802211],[90.393653,23.802087],[90.393544,23.801967],[90.393431,23.801852],[90.393313,23.801742],[90.393207,23.801624],[90.393106,23.801502],[90.39301,23.801376],[90.39292,23.801246],[90.392835,23.801112],[90.392756,23.800975],[90.392684,23.800834],[90.392617,23.80069],[90.392557,23.800544],[90.392503,23.800395],[90.392456,23.800243],[90.392416,23.80009],[90.392382,23.799936],[90.392354,23.79978],[90.392334,23.799623],[90.39232,23.799465],[90.392314,23.799306],[90.392314,23.799148],[90.392309,23.799042],[90.392297,23.798936],[90.392279,23.798831],[90.392255,23.798727],[90.392224,23.798625],[90.392187,23.798526],[90.392144,23.798428],[90.392096,23.798334],[90.392041,23.798242],[90.391981,23.798155],[90.39177,23.798107],[90.391558,23.798066],[90.391345,23.798032],[90.391131,23.798004],[90.390916,23.797983],[90.390701,23.797968],[90.390485,23.797959],[90.390269,23.797958],[90.390067,23.797962],[90.390053,23.797962],[90.389838,23.797974],[90.389622,23.797992],[90.389408,23.798016],[90.389194,23.798047],[90.388982,23.798084],[90.38877,23.798128],[90.38856,23.798178],[90.388453,23.798745],[90.38835,23.799313],[90.388252,23.799882],[90.38816,23.800451],[90.388072,23.801022],[90.387952,23.8018],[90.387827,23.802577],[90.387698,23.803354],[90.387703,23.803419],[90.387701,23.803484],[90.387694,23.80355],[90.38768,23.803614],[90.38766,23.803676],[90.387635,23.803736],[90.387603,23.803794],[90.387566,23.803848],[90.387524,23.803898],[90.387478,23.803944],[90.387427,23.803986],[90.387373,23.804022],[90.387315,23.804053],[90.387255,23.804078],[90.387192,23.804097],[90.386863,23.804123],[90.386534,23.804142],[90.386204,23.804155],[90.385903,23.804162],[90.385708,23.804415],[90.385164,23.805624],[90.385027,23.806015],[90.384946,23.806175],[90.384859,23.806275],[90.384671,23.806612],[90.384431,23.807229],[90.384344,23.807711],[90.38431,23.808415],[90.384181,23.809697],[90.384153,23.810837],[90.384745,23.811046],[90.385073,23.811227],[90.385087,23.811593],[90.385349,23.811812],[90.385644,23.812259],[90.385844,23.812635],[90.385853,23.813007],[90.38573,23.813287],[90.385539,23.813425],[90.385254,23.81334],[90.385178,23.813406],[90.385097,23.814049],[90.385401,23.814172],[90.385601,23.814372],[90.385639,23.814463],[90.385649,23.814544],[90.38563,23.814572],[90.385558,23.814601],[90.38523,23.814601],[90.384031,23.815667],[90.383724,23.815921],[90.383341,23.816238],[90.382575,23.81668],[90.382532,23.816928],[90.382475,23.817185],[90.382356,23.817337],[90.382241,23.817761],[90.382227,23.818408],[90.382379,23.818865],[90.382674,23.819445],[90.382798,23.819831],[90.382827,23.820611],[90.382343,23.82209],[90.382401,23.8225],[90.382453,23.82291],[90.382498,23.823322],[90.382508,23.823422],[90.382538,23.823734],[90.382572,23.824146],[90.3826,23.824559],[90.382621,23.825023],[90.382637,23.825487],[90.382646,23.825951],[90.38265,23.826416],[90.382648,23.82688],[90.382639,23.827344],[90.382625,23.827808],[90.382605,23.828272],[90.382578,23.828735],[90.382579,23.828901],[90.382573,23.829067],[90.382561,23.829232],[90.382541,23.829397],[90.382515,23.829561],[90.382482,23.829724],[90.382442,23.829885],[90.382414,23.829981],[90.382432,23.830138],[90.382487,23.830511],[90.38232,23.831053],[90.382213,23.831213],[90.382137,23.831384],[90.382175,23.831566],[90.382265,23.831711],[90.382409,23.831771],[90.382458,23.831934],[90.382412,23.832153],[90.382272,23.832427],[90.382205,23.832617],[90.381923,23.833253],[90.381674,23.833764],[90.381511,23.834115],[90.381527,23.834344],[90.381534,23.834497],[90.381574,23.834603],[90.381568,23.834899],[90.381449,23.835117],[90.381343,23.835239],[90.381194,23.83539],[90.381003,23.835597],[90.380928,23.83571],[90.380839,23.836024],[90.380834,23.836272],[90.380871,23.836483],[90.381137,23.836669],[90.381152,23.837003],[90.381106,23.837222],[90.38103,23.837364],[90.380944,23.837487],[90.380858,23.837657],[90.380792,23.837857],[90.380693,23.838132],[90.380658,23.838294],[90.3806,23.838618],[90.380541,23.83897],[90.380474,23.839198],[90.380465,23.839619],[90.380438,23.839972],[90.380432,23.840248],[90.380474,23.840765],[90.380509,23.841081],[90.380556,23.84133],[90.380772,23.841945],[90.380883,23.842081],[90.380975,23.842168],[90.380972,23.842311],[90.380907,23.842473],[90.38105,23.842561],[90.381206,23.842583],[90.381392,23.842605],[90.381463,23.842692],[90.38149,23.842884],[90.381457,23.843007],[90.381432,23.843198],[90.381461,23.843304],[90.381562,23.843439],[90.381686,23.843479],[90.381788,23.843577],[90.381794,23.843768],[90.381802,23.843892],[90.381778,23.844054],[90.381723,23.844225],[90.381739,23.844474],[90.381797,23.844695],[90.381875,23.844916],[90.381945,23.845403],[90.382111,23.845893],[90.382443,23.846185],[90.382712,23.846357],[90.382866,23.846431],[90.382982,23.846481],[90.383058,23.846589],[90.383079,23.846852],[90.383073,23.847115],[90.383109,23.847295],[90.383262,23.847429],[90.383441,23.847551],[90.383702,23.847484],[90.383857,23.847534],[90.383866,23.847714],[90.383863,23.847893],[90.383897,23.84812],[90.384,23.84817],[90.38418,23.848232],[90.384308,23.848366],[90.384619,23.848359],[90.384762,23.848386],[90.384878,23.848423],[90.384927,23.848556],[90.384828,23.848936],[90.384762,23.848995],[90.384747,23.849126],[90.384745,23.849221],[90.384832,23.849426],[90.384869,23.849498],[90.384982,23.849679],[90.385293,23.849708],[90.385526,23.849736],[90.385811,23.849777],[90.385901,23.849826],[90.38629,23.849832],[90.386433,23.849847],[90.386522,23.849932],[90.386548,23.849994],[90.387133,23.850071],[90.389433,23.850319],[90.3899,23.850359],[90.390875,23.849126],[90.390915,23.849076],[90.391782,23.847938],[90.392093,23.847603],[90.393206,23.846403],[90.393281,23.846312],[90.393744,23.845749],[90.393846,23.845399],[90.393942,23.845047],[90.394031,23.844693],[90.394113,23.844338],[90.394188,23.843981],[90.394257,23.843623],[90.394344,23.842991],[90.394438,23.84236],[90.394537,23.84173],[90.394643,23.8411],[90.395241,23.840449],[90.395834,23.839793],[90.396421,23.839132],[90.397003,23.838467],[90.397581,23.837797],[90.398153,23.837123],[90.398719,23.836445],[90.399157,23.835912],[90.399228,23.835825],[90.399128,23.835455],[90.398683,23.833798],[90.398436,23.832512],[90.398213,23.831547],[90.398065,23.830805],[90.398263,23.830014],[90.398436,23.829593],[90.39804,23.828629],[90.397818,23.827911],[90.39757,23.827268],[90.397273,23.826403],[90.397175,23.825216],[90.396299,23.824788],[90.396387,23.82365],[90.396472,23.823566],[90.396551,23.823477],[90.396625,23.823384],[90.396694,23.823286],[90.396757,23.823185],[90.396813,23.823081],[90.396864,23.822973],[90.396908,23.822862],[90.396946,23.822749],[90.396977,23.822634],[90.397002,23.822518],[90.397019,23.8224],[90.39703,23.822281],[90.397102,23.821856],[90.39718,23.821432],[90.397262,23.821008],[90.397354,23.820982],[90.397445,23.82095],[90.397533,23.820911],[90.397618,23.820866],[90.3977,23.820815],[90.397778,23.820758],[90.397851,23.820697],[90.397921,23.82063],[90.397985,23.820558],[90.398044,23.820482],[90.398098,23.820403],[90.398146,23.820319],[90.398188,23.820233],[90.398224,23.820143],[90.398253,23.820052],[90.398276,23.819958],[90.398293,23.819863],[90.398302,23.819768],[90.398305,23.819671],[90.398301,23.819575],[90.398291,23.81948],[90.398304,23.819236],[90.398311,23.818992],[90.398311,23.818748],[90.398305,23.818504],[90.398292,23.818261],[90.398272,23.818018],[90.398247,23.817775],[90.398221,23.817582],[90.398214,23.817533],[90.398194,23.81741],[90.398175,23.817292],[90.39813,23.817053],[90.398098,23.816918],[90.398061,23.816785],[90.398017,23.816654],[90.397967,23.816525],[90.397912,23.816399],[90.397852,23.816275],[90.397785,23.816154],[90.397714,23.816035],[90.397598,23.816025],[90.397482,23.816022],[90.397366,23.816026],[90.39725,23.816038],[90.397136,23.816056],[90.397022,23.816081],[90.396911,23.816114],[90.396801,23.816153],[90.396695,23.816198],[90.396591,23.81625],[90.396455,23.816273],[90.396317,23.816289],[90.39618,23.816298],[90.396042,23.816299],[90.395903,23.816294],[90.395766,23.816281],[90.395629,23.816261],[90.395494,23.816235],[90.39536,23.816201],[90.395228,23.816161],[90.395098,23.816114],[90.394996,23.815781],[90.394888,23.81545],[90.394775,23.81512],[90.394658,23.814793],[90.394671,23.814735],[90.39469,23.814651],[90.394728,23.81451],[90.394772,23.814371],[90.394822,23.814234],[90.394877,23.814098],[90.394937,23.813966],[90.395003,23.813835],[90.395529,23.812689],[90.395783,23.81214],[90.39606,23.811544],[90.39638,23.810865],[90.396597,23.810403],[90.396687,23.810312],[90.39678,23.810226],[90.396877,23.810142],[90.396927,23.810102],[90.396976,23.810062],[90.397079,23.809986],[90.397119,23.809875],[90.397153,23.809762],[90.39718,23.809647],[90.3972,23.809531],[90.397214,23.809414],[90.397221,23.809296],[90.397221,23.809178],[90.397214,23.80906],[90.3972,23.808943],[90.39718,23.808826],[90.397082,23.808783],[90.396987,23.808734],[90.396895,23.80868],[90.396807,23.80862],[90.396722,23.808554],[90.396641,23.808484],[90.396565,23.808409],[90.396561,23.808404],[90.396494,23.808329],[90.396428,23.808245],[90.396366,23.808158],[90.396311,23.808066],[90.39626,23.807972],[90.396216,23.807875],[90.396166,23.807839],[90.396114,23.807803],[90.396012,23.807854]]]}},{"type":"Feature","properties":{"Ward_Name":"DCC North W-16","Exposure":0.45748717,"Sensitivity":0.31768215,"Adaptive_Capacity":-0.47155473,"Exposure_s":0.65033267,"Sensitivity_s":0.42255842,"Adaptive_s":0.06264153,"HVI_raw":0.32643991,"HVI":0.7700502,"HVI_Class":"High","Rank":20.0,"Corporation":"DNCC","Area_m2":1242690.0241512,"LST_mean":33.09764996,"Road_Density":25.32,"industry%":0.165,"Pop_Density":176578.4375,"SVF_mean":0.61146094,"Poverty_HCR":7.1,"build_km2":3830.85,"informal%":11.03,"NDBI_media":0.01755117,"Green%":0.675,"Blue%":0.097,"Hosp_count":2.0,"NTL_median":18.06333351,"unit_id":"DCC North W-16","name":"DCC North W-16","imputed":[],"center":[90.383867,23.792955]},"geometry":{"type":"Polygon","coordinates":[[[90.387017,23.798677],[90.387433,23.798543],[90.387579,23.798292],[90.387542,23.798155],[90.387515,23.797947],[90.387453,23.797566],[90.387439,23.797115],[90.387628,23.794991],[90.387881,23.793754],[90.388479,23.791891],[90.388522,23.79129],[90.388537,23.791099],[90.388571,23.790947],[90.388585,23.790766],[90.388496,23.790516],[90.388302,23.790379],[90.388106,23.790299],[90.387985,23.790144],[90.387885,23.789961],[90.387852,23.789512],[90.387865,23.788862],[90.387872,23.788528],[90.38797,23.788291],[90.388027,23.788005],[90.388074,23.787758],[90.388067,23.787567],[90.388021,23.787298],[90.387873,23.786895],[90.387827,23.786626],[90.387749,23.786377],[90.387628,23.786203],[90.387348,23.786188],[90.386891,23.786181],[90.386601,23.786147],[90.386445,23.786154],[90.386164,23.786216],[90.386029,23.786204],[90.38599,23.78607],[90.386014,23.785898],[90.386197,23.785586],[90.386241,23.785434],[90.386244,23.785329],[90.386183,23.785232],[90.385914,23.785218],[90.385675,23.785195],[90.385437,23.785153],[90.385358,23.784989],[90.385271,23.784663],[90.385142,23.784355],[90.385145,23.784202],[90.38515,23.783954],[90.385154,23.783744],[90.385159,23.783505],[90.385101,23.783265],[90.385002,23.783073],[90.384857,23.783051],[90.384586,23.783075],[90.384481,23.783159],[90.384393,23.783397],[90.383939,23.784831],[90.38296,23.788082],[90.382385,23.789849],[90.382223,23.790687],[90.382219,23.790868],[90.382174,23.79102],[90.38213,23.791144],[90.382005,23.791189],[90.38186,23.791187],[90.381632,23.791145],[90.381311,23.791092],[90.381011,23.791048],[90.380774,23.790987],[90.380608,23.790946],[90.380246,23.790902],[90.379967,23.79084],[90.37976,23.790788],[90.379532,23.790784],[90.37924,23.790846],[90.379124,23.790949],[90.379037,23.791158],[90.378936,23.79151],[90.378828,23.791718],[90.378824,23.791938],[90.378781,23.792144],[90.379115,23.792124],[90.379418,23.792015],[90.379583,23.792037],[90.379747,23.792164],[90.379732,23.792373],[90.379653,23.792726],[90.379584,23.79304],[90.379566,23.793421],[90.379581,23.793699],[90.379585,23.794052],[90.379391,23.794364],[90.379199,23.794657],[90.379059,23.794913],[90.378917,23.795254],[90.378995,23.795494],[90.379074,23.795715],[90.379205,23.795889],[90.379314,23.79613],[90.379289,23.796349],[90.379252,23.796664],[90.379173,23.796987],[90.379182,23.798086],[90.379105,23.798276],[90.378969,23.79836],[90.378808,23.798586],[90.378578,23.799728],[90.378461,23.800357],[90.37848,23.800978],[90.378647,23.801459],[90.378833,23.802016],[90.379016,23.802673],[90.379795,23.801979],[90.380039,23.801795],[90.380286,23.801615],[90.380537,23.801442],[90.380792,23.801273],[90.381051,23.801111],[90.381313,23.800954],[90.381579,23.800803],[90.381847,23.800657],[90.382119,23.800518],[90.382394,23.800384],[90.382672,23.800257],[90.382952,23.800135],[90.383235,23.80002],[90.38352,23.799911],[90.383808,23.799808],[90.384098,23.799711],[90.38439,23.799621],[90.386021,23.79904],[90.386696,23.798779],[90.387017,23.798677]]]}},{"type":"Feature","properties":{"Ward_Name":"DCC North W-17","Exposure":0.36244525,"Sensitivity":-0.26435995,"Adaptive_Capacity":0.45708168,"Exposure_s":0.62406474,"Sensitivity_s":0.29372502,"Adaptive_s":0.42842198,"HVI_raw":0.14812558,"HVI":0.51710645,"HVI_Class":"Moderate","Rank":91.0,"Corporation":"DNCC","Area_m2":9461292.3581384,"LST_mean":31.84981375,"Road_Density":24.56,"industry%":2.52,"Pop_Density":284789.22583008,"SVF_mean":0.65301749,"Poverty_HCR":5.6,"build_km2":2073.773,"informal%":10.08,"NDBI_media":-0.01110124,"Green%":6.474,"Blue%":4.409,"Hosp_count":7.0,"NTL_median":27.74833298,"unit_id":"DCC North W-17","name":"DCC North W-17","imputed":[],"center":[90.432441,23.822761]},"geometry":{"type":"Polygon","coordinates":[[[90.41352,23.823484],[90.413646,23.824066],[90.413201,23.825055],[90.412756,23.825945],[90.412657,23.826737],[90.412756,23.828122],[90.413201,23.829061],[90.4133,23.829803],[90.41325,23.830842],[90.413151,23.831634],[90.41325,23.832573],[90.413794,23.833068],[90.414289,23.833464],[90.414388,23.833711],[90.414289,23.834354],[90.413943,23.835145],[90.414042,23.835442],[90.414685,23.835591],[90.415328,23.835838],[90.41602,23.836333],[90.417158,23.837124],[90.417851,23.837965],[90.418322,23.838436],[90.418531,23.837949],[90.418664,23.837619],[90.41879,23.837303],[90.418977,23.837318],[90.419163,23.837339],[90.419348,23.837365],[90.419532,23.837396],[90.419487,23.837627],[90.420118,23.837699],[90.423183,23.837947],[90.424545,23.838006],[90.42506,23.837913],[90.426859,23.837871],[90.428898,23.837822],[90.429612,23.837786],[90.430418,23.83774],[90.431096,23.837602],[90.431379,23.837422],[90.431602,23.837306],[90.431862,23.837256],[90.432961,23.837472],[90.434141,23.837575],[90.434719,23.837537],[90.434992,23.837506],[90.435727,23.837452],[90.435807,23.836653],[90.436082,23.836562],[90.436706,23.836507],[90.436843,23.836471],[90.436978,23.836428],[90.437111,23.836379],[90.437241,23.836323],[90.437368,23.836261],[90.437492,23.836192],[90.437613,23.836118],[90.437729,23.836038],[90.437842,23.835952],[90.43795,23.83586],[90.438054,23.835764],[90.438152,23.835662],[90.438246,23.835556],[90.438334,23.835445],[90.438417,23.83533],[90.438585,23.835338],[90.438642,23.835417],[90.438693,23.835478],[90.438763,23.83552],[90.438919,23.835523],[90.43905,23.83546],[90.439182,23.835348],[90.439256,23.835248],[90.439332,23.835016],[90.439391,23.834289],[90.43943,23.833949],[90.439595,23.833839],[90.44046,23.833478],[90.441932,23.832547],[90.445941,23.830123],[90.446016,23.830064],[90.446715,23.830218],[90.44729,23.830344],[90.451303,23.831223],[90.451311,23.83114],[90.451403,23.829479],[90.451673,23.826826],[90.45196,23.823671],[90.450676,23.823621],[90.450237,23.823356],[90.448185,23.822347],[90.446304,23.821406],[90.4447,23.820548],[90.441464,23.818804],[90.44132,23.818652],[90.441181,23.818496],[90.441047,23.818336],[90.440919,23.818171],[90.440795,23.818002],[90.440677,23.81783],[90.440565,23.817654],[90.440458,23.817475],[90.440356,23.817292],[90.440261,23.817106],[90.440171,23.816917],[90.440088,23.816726],[90.44001,23.816532],[90.439939,23.816335],[90.439807,23.815121],[90.439726,23.815005],[90.439561,23.814974],[90.439365,23.814923],[90.439147,23.8149],[90.438981,23.814897],[90.438814,23.814952],[90.438696,23.815103],[90.43858,23.815215],[90.438485,23.8153],[90.438255,23.815353],[90.437736,23.815364],[90.437651,23.815477],[90.437452,23.815541],[90.437293,23.815729],[90.437157,23.815794],[90.436844,23.815855],[90.436832,23.814871],[90.436419,23.81475],[90.43642,23.814683],[90.436192,23.814669],[90.435416,23.814561],[90.435039,23.814173],[90.434409,23.813474],[90.433331,23.81338],[90.431694,23.812168],[90.430817,23.811857],[90.429764,23.811047],[90.42911,23.810491],[90.427743,23.809771],[90.425164,23.808419],[90.424169,23.808326],[90.423258,23.808158],[90.421826,23.807982],[90.421754,23.807937],[90.421667,23.807888],[90.42155,23.807878],[90.421409,23.808728],[90.421265,23.809603],[90.421156,23.809602],[90.420908,23.809598],[90.42077,23.809484],[90.42068,23.809398],[90.42057,23.809322],[90.42037,23.809303],[90.420251,23.80927],[90.420132,23.809203],[90.41909,23.808542],[90.418633,23.808099],[90.418434,23.807804],[90.418253,23.807633],[90.417981,23.807452],[90.416592,23.80709],[90.416308,23.806955],[90.416121,23.806867],[90.415664,23.806532],[90.415569,23.806462],[90.415469,23.806657],[90.415459,23.806805],[90.415388,23.807038],[90.415293,23.807205],[90.415216,23.807271],[90.414245,23.808176],[90.413903,23.808494],[90.41382,23.80857],[90.413736,23.808646],[90.413468,23.808891],[90.413261,23.80908],[90.412889,23.809103],[90.412777,23.809149],[90.412668,23.809202],[90.412562,23.809261],[90.41246,23.809326],[90.412362,23.809396],[90.412268,23.809472],[90.412178,23.809554],[90.412093,23.80964],[90.412013,23.809731],[90.411939,23.809827],[90.411871,23.809927],[90.411808,23.81003],[90.411751,23.810137],[90.411701,23.810247],[90.411657,23.81036],[90.411619,23.810475],[90.411588,23.810592],[90.411564,23.810711],[90.411547,23.810831],[90.411405,23.811345],[90.410596,23.811864],[90.410391,23.812135],[90.410248,23.812511],[90.410191,23.812934],[90.410072,23.813443],[90.409292,23.81439],[90.4105,23.815171],[90.410581,23.816648],[90.411489,23.816768],[90.411636,23.816812],[90.411781,23.816863],[90.411923,23.816921],[90.412063,23.816985],[90.412199,23.817055],[90.412863,23.817486],[90.413524,23.817922],[90.414182,23.818361],[90.414838,23.818804],[90.41549,23.819252],[90.415796,23.819454],[90.4161,23.81966],[90.4164,23.81987],[90.416477,23.819926],[90.416698,23.820085],[90.416698,23.820085],[90.416733,23.820196],[90.416761,23.82031],[90.416784,23.820424],[90.416802,23.82054],[90.416813,23.820656],[90.416818,23.820773],[90.416818,23.82089],[90.416811,23.821007],[90.416773,23.821031],[90.41623,23.821383],[90.415651,23.821762],[90.415577,23.821925],[90.415497,23.822086],[90.415412,23.822243],[90.415322,23.822398],[90.415228,23.82255],[90.415199,23.822592],[90.415128,23.822699],[90.415023,23.822844],[90.414914,23.822986],[90.4148,23.823124],[90.414646,23.823144],[90.414492,23.82317],[90.41434,23.823201],[90.414189,23.823238],[90.41404,23.823281],[90.413892,23.82333],[90.413746,23.823385],[90.413603,23.823445],[90.413552,23.823469],[90.41352,23.823484]]]}},{"type":"Feature","properties":{"Ward_Name":"DCC North W-18","Exposure":-0.36879559,"Sensitivity":-0.75468483,"Adaptive_Capacity":0.64499674,"Exposure_s":0.42196255,"Sensitivity_s":0.18519298,"Adaptive_s":0.50243981,"HVI_raw":0.0237458,"HVI":0.34067032,"HVI_Class":"Low","Rank":118.0,"Corporation":"DNCC","Area_m2":1043408.53969708,"LST_mean":31.24830839,"Road_Density":20.34,"industry%":0.0,"Pop_Density":44225.0102963,"SVF_mean":0.62723333,"Poverty_HCR":3.2,"build_km2":1580.876,"informal%":4.2,"NDBI_media":-0.03345693,"Green%":7.735,"Blue%":18.924,"Hosp_count":0.0,"NTL_median":28.25083256,"unit_id":"DCC North W-18","name":"DCC North W-18","imputed":[],"center":[90.420496,23.798276]},"geometry":{"type":"Polygon","coordinates":[[[90.424197,23.794435],[90.424797,23.789065],[90.424806,23.789037],[90.424805,23.789028],[90.42479,23.789022],[90.424743,23.789007],[90.424698,23.788985],[90.424657,23.788958],[90.424619,23.788926],[90.424586,23.78889],[90.424557,23.78885],[90.424554,23.788844],[90.424534,23.788806],[90.424516,23.78876],[90.424504,23.788712],[90.424498,23.788662],[90.424034,23.788648],[90.42393,23.788596],[90.423515,23.78839],[90.423033,23.788154],[90.422995,23.788135],[90.422473,23.787883],[90.422403,23.787809],[90.422328,23.78774],[90.42225,23.787675],[90.422167,23.787616],[90.422081,23.787561],[90.421992,23.787512],[90.421899,23.787469],[90.421805,23.787431],[90.421708,23.787399],[90.421609,23.787374],[90.421558,23.787363],[90.421509,23.787354],[90.421408,23.787341],[90.421307,23.787334],[90.421498,23.787931],[90.421548,23.788112],[90.421708,23.788692],[90.421798,23.789021],[90.421809,23.789077],[90.421829,23.78918],[90.422022,23.790187],[90.422031,23.790605],[90.422036,23.790815],[90.421884,23.79209],[90.421651,23.79279],[90.421611,23.792873],[90.421143,23.793847],[90.421141,23.793851],[90.421142,23.793853],[90.420837,23.794035],[90.420169,23.794727],[90.419106,23.795716],[90.418438,23.796483],[90.417919,23.796978],[90.417647,23.797744],[90.417449,23.798709],[90.417548,23.800242],[90.417523,23.801924],[90.417325,23.80321],[90.416602,23.804929],[90.416292,23.805807],[90.415674,23.806432],[90.415566,23.806459],[90.415569,23.806462],[90.415664,23.806532],[90.416121,23.806867],[90.416308,23.806955],[90.416592,23.80709],[90.417981,23.807452],[90.418253,23.807633],[90.418434,23.807804],[90.418633,23.808099],[90.41909,23.808542],[90.420132,23.809203],[90.420251,23.80927],[90.42037,23.809303],[90.42057,23.809322],[90.42068,23.809398],[90.42077,23.809484],[90.420908,23.809598],[90.421156,23.809602],[90.421265,23.809603],[90.421409,23.808728],[90.42155,23.807878],[90.421936,23.805534],[90.422935,23.801037],[90.423164,23.799817],[90.424159,23.794522],[90.424148,23.794522],[90.424197,23.794435]]]}},{"type":"Feature","properties":{"Ward_Name":"DCC North W-19","Exposure":0.04885864,"Sensitivity":-0.59624632,"Adaptive_Capacity":1.17690189,"Exposure_s":0.53739488,"Sensitivity_s":0.2202629,"Adaptive_s":0.71195185,"HVI_raw":0.00026121,"HVI":0.30735679,"HVI_Class":"Low","Rank":124.0,"Corporation":"DNCC","Area_m2":5342979.55625177,"LST_mean":31.05273617,"Road_Density":18.57,"industry%":0.305,"Pop_Density":231577.07617188,"SVF_mean":0.58307201,"Poverty_HCR":6.0,"build_km2":1668.581,"informal%":6.95,"NDBI_media":-0.05806846,"Green%":6.49,"Blue%":13.562,"Hosp_count":10.0,"NTL_median":30.99749947,"unit_id":"DCC North W-19","name":"DCC North W-19","imputed":[],"center":[90.411037,23.789501]},"geometry":{"type":"Polygon","coordinates":[[[90.415566,23.806459],[90.415674,23.806432],[90.416292,23.805807],[90.416602,23.804929],[90.417325,23.80321],[90.417523,23.801924],[90.417548,23.800242],[90.417449,23.798709],[90.417647,23.797744],[90.417919,23.796978],[90.418438,23.796483],[90.419106,23.795716],[90.420169,23.794727],[90.420837,23.794035],[90.421142,23.793853],[90.421141,23.793851],[90.421143,23.793847],[90.421611,23.792873],[90.421651,23.79279],[90.421884,23.79209],[90.422036,23.790815],[90.422031,23.790605],[90.422022,23.790187],[90.421829,23.78918],[90.421809,23.789077],[90.421798,23.789021],[90.421708,23.788692],[90.421548,23.788112],[90.421498,23.787931],[90.421307,23.787334],[90.42098,23.786313],[90.420399,23.784271],[90.420004,23.782963],[90.419914,23.781444],[90.419933,23.779084],[90.419893,23.778033],[90.419875,23.777566],[90.419809,23.777304],[90.419608,23.776929],[90.419033,23.775857],[90.41831,23.77442],[90.418396,23.774168],[90.418629,23.773492],[90.418771,23.772893],[90.418809,23.772731],[90.418809,23.77256],[90.418748,23.772345],[90.4187,23.772041],[90.418731,23.771577],[90.418732,23.771574],[90.418729,23.771577],[90.418655,23.771673],[90.418583,23.771776],[90.418516,23.771883],[90.418455,23.771993],[90.418399,23.772106],[90.418349,23.772221],[90.418305,23.772339],[90.418267,23.772459],[90.418237,23.77253],[90.418201,23.772598],[90.418159,23.772663],[90.418112,23.772724],[90.41806,23.77278],[90.418004,23.772833],[90.417943,23.77288],[90.417878,23.772922],[90.417811,23.772958],[90.41774,23.772989],[90.417737,23.77299],[90.417667,23.773013],[90.417592,23.773031],[90.417516,23.773043],[90.417439,23.773048],[90.417362,23.773047],[90.417285,23.773039],[90.41721,23.773025],[90.417135,23.773004],[90.417063,23.772978],[90.416969,23.772897],[90.41687,23.772821],[90.416768,23.772751],[90.416662,23.772686],[90.416553,23.772627],[90.41644,23.772573],[90.416326,23.772526],[90.416244,23.772545],[90.416163,23.77257],[90.416085,23.7726],[90.416009,23.772636],[90.415935,23.772677],[90.415865,23.772722],[90.415797,23.772773],[90.415783,23.773311],[90.415631,23.773194],[90.415477,23.773082],[90.41532,23.772973],[90.41516,23.772868],[90.414839,23.772708],[90.413837,23.774133],[90.413823,23.77567],[90.413775,23.775837],[90.412862,23.777012],[90.412048,23.77845],[90.411505,23.779568],[90.411467,23.779968],[90.411348,23.781662],[90.411396,23.78179],[90.410619,23.781289],[90.410534,23.781299],[90.410327,23.781296],[90.41023,23.781246],[90.41013,23.781077],[90.410067,23.780999],[90.409932,23.780919],[90.40975,23.780952],[90.409584,23.781104],[90.409218,23.781922],[90.408629,23.782802],[90.408035,23.783645],[90.407232,23.784247],[90.40641,23.784776],[90.405649,23.78503],[90.405084,23.785403],[90.404835,23.785518],[90.404736,23.785624],[90.404688,23.785725],[90.404654,23.785831],[90.404652,23.785921],[90.404657,23.785993],[90.404708,23.786059],[90.404759,23.786108],[90.404763,23.786197],[90.404729,23.786275],[90.404584,23.786391],[90.404479,23.786449],[90.404133,23.786545],[90.404016,23.786555],[90.403691,23.786591],[90.403484,23.78657],[90.40333,23.786478],[90.403035,23.785983],[90.402883,23.78579],[90.402775,23.785668],[90.402646,23.785642],[90.402536,23.785635],[90.402334,23.785691],[90.402228,23.785779],[90.402102,23.78595],[90.401685,23.786677],[90.401538,23.786872],[90.401419,23.787019],[90.401307,23.787083],[90.401203,23.787093],[90.401075,23.786995],[90.401057,23.786941],[90.400967,23.786868],[90.40089,23.786831],[90.400728,23.786816],[90.400547,23.786777],[90.400443,23.786793],[90.400345,23.786845],[90.400312,23.786875],[90.400221,23.786879],[90.400112,23.786812],[90.39965,23.786424],[90.400428,23.790929],[90.401135,23.795233],[90.402227,23.801886],[90.403012,23.806876],[90.403141,23.807083],[90.403319,23.807162],[90.403887,23.807067],[90.405285,23.806834],[90.408126,23.806361],[90.408055,23.805043],[90.40824,23.804991],[90.408429,23.804889],[90.408599,23.804663],[90.408653,23.804559],[90.408729,23.804417],[90.408804,23.804304],[90.408866,23.804285],[90.409053,23.804308],[90.409623,23.804346],[90.409924,23.804351],[90.410235,23.804356],[90.410723,23.804364],[90.41093,23.804406],[90.411313,23.80446],[90.41154,23.804512],[90.411778,23.804573],[90.411964,23.804624],[90.412167,23.804876],[90.412227,23.804972],[90.41241,23.805167],[90.412891,23.805499],[90.413095,23.805684],[90.413391,23.805985],[90.413678,23.806172],[90.414008,23.806273],[90.414308,23.806316],[90.414931,23.806326],[90.415118,23.80633],[90.415242,23.806332],[90.415479,23.806368],[90.415566,23.806459]]]}},{"type":"Feature","properties":{"Ward_Name":"DCC North W-20","Exposure":-0.08301544,"Sensitivity":0.25382171,"Adaptive_Capacity":0.45175871,"Exposure_s":0.50094719,"Sensitivity_s":0.40842309,"Adaptive_s":0.42632532,"HVI_raw":0.15528797,"HVI":0.52726648,"HVI_Class":"Moderate","Rank":90.0,"Corporation":"DNCC","Area_m2":1780767.77715079,"LST_mean":32.02927407,"Road_Density":19.57,"industry%":0.024,"Pop_Density":141233.7578125,"SVF_mean":0.65277267,"Poverty_HCR":10.3,"build_km2":3049.26,"informal%":11.34,"NDBI_media":-0.01443813,"Green%":7.59,"Blue%":5.09,"Hosp_count":6.0,"NTL_median":28.29833412,"unit_id":"DCC North W-20","name":"DCC North W-20","imputed":[],"center":[90.404947,23.779658]},"geometry":{"type":"Polygon","coordinates":[[[90.401538,23.786872],[90.401685,23.786677],[90.402102,23.78595],[90.402228,23.785779],[90.402334,23.785691],[90.402536,23.785635],[90.402646,23.785642],[90.402775,23.785668],[90.402883,23.78579],[90.403035,23.785983],[90.40333,23.786478],[90.403484,23.78657],[90.403691,23.786591],[90.404016,23.786555],[90.404133,23.786545],[90.404479,23.786449],[90.404584,23.786391],[90.404729,23.786275],[90.404763,23.786197],[90.404759,23.786108],[90.404708,23.786059],[90.404657,23.785993],[90.404652,23.785921],[90.404654,23.785831],[90.404688,23.785725],[90.404736,23.785624],[90.404835,23.785518],[90.405084,23.785403],[90.405649,23.78503],[90.40641,23.784776],[90.407232,23.784247],[90.408035,23.783645],[90.408629,23.782802],[90.409218,23.781922],[90.409584,23.781104],[90.40975,23.780952],[90.409932,23.780919],[90.410067,23.780999],[90.41013,23.781077],[90.41023,23.781246],[90.410327,23.781296],[90.410534,23.781299],[90.410619,23.781289],[90.411396,23.78179],[90.411348,23.781662],[90.411467,23.779968],[90.411505,23.779568],[90.412048,23.77845],[90.412862,23.777012],[90.413775,23.775837],[90.413823,23.77567],[90.413837,23.774133],[90.414839,23.772708],[90.414528,23.772561],[90.414515,23.772555],[90.414189,23.772407],[90.413859,23.772266],[90.413527,23.772131],[90.413524,23.772156],[90.413508,23.772271],[90.413484,23.772411],[90.413456,23.772549],[90.413289,23.772578],[90.413121,23.772601],[90.412952,23.772619],[90.412783,23.772632],[90.412614,23.77264],[90.412523,23.772598],[90.412472,23.772571],[90.412435,23.772551],[90.412349,23.7725],[90.412266,23.772445],[90.411963,23.772453],[90.41166,23.772468],[90.411359,23.772489],[90.411357,23.77249],[90.411054,23.772518],[90.410753,23.772554],[90.409038,23.772708],[90.407322,23.772859],[90.406845,23.772915],[90.406368,23.772965],[90.40589,23.773008],[90.405412,23.773044],[90.404999,23.773069],[90.404933,23.773073],[90.404845,23.773112],[90.404434,23.773297],[90.404033,23.773477],[90.403743,23.77353],[90.403452,23.773576],[90.403159,23.773615],[90.402988,23.773634],[90.402866,23.773647],[90.402572,23.773673],[90.402501,23.773805],[90.402425,23.773935],[90.402344,23.774063],[90.402268,23.774089],[90.402189,23.774109],[90.40211,23.774124],[90.402029,23.774132],[90.401949,23.774134],[90.401868,23.774129],[90.40166,23.774074],[90.401455,23.774012],[90.401251,23.773944],[90.401049,23.77387],[90.40085,23.77379],[90.400653,23.773704],[90.400459,23.773612],[90.400426,23.773595],[90.400267,23.773514],[90.400079,23.773411],[90.39992,23.773641],[90.399908,23.773659],[90.399742,23.77391],[90.399581,23.774165],[90.399425,23.774422],[90.399274,23.774683],[90.399128,23.774947],[90.398988,23.775213],[90.398853,23.775482],[90.398723,23.775754],[90.398599,23.776028],[90.398379,23.777239],[90.398161,23.77845],[90.398729,23.780978],[90.399521,23.785682],[90.39965,23.786424],[90.400112,23.786812],[90.400221,23.786879],[90.400312,23.786875],[90.400345,23.786845],[90.400443,23.786793],[90.400547,23.786777],[90.400728,23.786816],[90.40089,23.786831],[90.400967,23.786868],[90.401057,23.786941],[90.401075,23.786995],[90.401203,23.787093],[90.401307,23.787083],[90.401419,23.787019],[90.401538,23.786872]]]}},{"type":"Feature","properties":{"Ward_Name":"DCC North W-21","Exposure":-0.09833299,"Sensitivity":0.34575529,"Adaptive_Capacity":0.13776289,"Exposure_s":0.49671368,"Sensitivity_s":0.42877234,"Adaptive_s":0.30264555,"HVI_raw":0.20312219,"HVI":0.59512063,"HVI_Class":"Moderate","Rank":78.0,"Corporation":"DNCC","Area_m2":1123327.77237361,"LST_mean":31.8541973,"Road_Density":22.67,"industry%":0.0,"Pop_Density":71175.5134798,"SVF_mean":0.61447119,"Poverty_HCR":7.4,"build_km2":3162.228,"informal%":17.4,"NDBI_media":0.01523946,"Green%":1.062,"Blue%":11.241,"Hosp_count":0.0,"NTL_median":27.30833244,"unit_id":"DCC North W-21","name":"DCC North W-21","imputed":[],"center":[90.422759,23.779409]},"geometry":{"type":"Polygon","coordinates":[[[90.425897,23.775756],[90.425856,23.775212],[90.425828,23.773629],[90.425724,23.773337],[90.425632,23.773077],[90.425525,23.772504],[90.425473,23.772226],[90.425308,23.771728],[90.425207,23.771243],[90.424809,23.770544],[90.424763,23.770463],[90.424611,23.77027],[90.424372,23.770251],[90.424135,23.770227],[90.423897,23.770199],[90.423767,23.770212],[90.423638,23.770233],[90.42351,23.770261],[90.423384,23.770296],[90.42326,23.770337],[90.423138,23.770385],[90.423019,23.77044],[90.422904,23.770501],[90.422791,23.770568],[90.422683,23.770641],[90.422579,23.77072],[90.422479,23.770804],[90.422384,23.770894],[90.422293,23.770988],[90.422194,23.771082],[90.422091,23.771171],[90.421984,23.771256],[90.421873,23.771335],[90.421759,23.77141],[90.421641,23.771479],[90.421568,23.771459],[90.421496,23.771434],[90.421426,23.771403],[90.421359,23.771367],[90.421296,23.771325],[90.421235,23.771279],[90.421179,23.771227],[90.421148,23.771194],[90.421127,23.771172],[90.42108,23.771112],[90.42099,23.771054],[90.420898,23.771003],[90.420801,23.770957],[90.420702,23.770918],[90.420601,23.770885],[90.420507,23.770861],[90.420498,23.770859],[90.420393,23.77084],[90.420288,23.770827],[90.420181,23.770822],[90.420075,23.770824],[90.419969,23.770832],[90.419864,23.770848],[90.41976,23.77087],[90.419657,23.770899],[90.419585,23.770925],[90.419557,23.770935],[90.419459,23.770977],[90.419365,23.771026],[90.419273,23.77108],[90.419186,23.771141],[90.419086,23.771218],[90.418991,23.7713],[90.4189,23.771387],[90.418813,23.771478],[90.418732,23.771574],[90.418731,23.771577],[90.4187,23.772041],[90.418748,23.772345],[90.418809,23.77256],[90.418809,23.772731],[90.418771,23.772893],[90.418629,23.773492],[90.418396,23.774168],[90.41831,23.77442],[90.419033,23.775857],[90.419608,23.776929],[90.419809,23.777304],[90.419875,23.777566],[90.419893,23.778033],[90.419933,23.779084],[90.419914,23.781444],[90.420004,23.782963],[90.420399,23.784271],[90.42098,23.786313],[90.421307,23.787334],[90.421408,23.787341],[90.421509,23.787354],[90.421558,23.787363],[90.421609,23.787374],[90.421708,23.787399],[90.421805,23.787431],[90.421899,23.787469],[90.421992,23.787512],[90.422081,23.787561],[90.422167,23.787616],[90.42225,23.787675],[90.422328,23.78774],[90.422403,23.787809],[90.422473,23.787883],[90.422995,23.788135],[90.423033,23.788154],[90.423515,23.78839],[90.42393,23.788596],[90.424034,23.788648],[90.424498,23.788662],[90.424504,23.788712],[90.424516,23.78876],[90.424534,23.788806],[90.424554,23.788844],[90.424557,23.78885],[90.424586,23.78889],[90.424619,23.788926],[90.424657,23.788958],[90.424698,23.788985],[90.424743,23.789007],[90.42479,23.789022],[90.424807,23.789029],[90.424827,23.788915],[90.424959,23.788798],[90.425112,23.788209],[90.425134,23.788126],[90.425251,23.785835],[90.425431,23.782961],[90.425585,23.779733],[90.425615,23.776241],[90.425653,23.775937],[90.425797,23.775874],[90.425897,23.775756]]]}},{"type":"Feature","properties":{"Ward_Name":"DCC North W-22","Exposure":0.15077648,"Sensitivity":-0.20349005,"Adaptive_Capacity":0.63764478,"Exposure_s":0.56556319,"Sensitivity_s":0.30719841,"Adaptive_s":0.49954395,"HVI_raw":0.11209251,"HVI":0.46599255,"HVI_Class":"Moderate","Rank":101.0,"Corporation":"DNCC","Area_m2":2329913.04656346,"LST_mean":31.51026953,"Road_Density":23.98,"industry%":0.002,"Pop_Density":290493.25390625,"SVF_mean":0.68044391,"Poverty_HCR":6.1,"build_km2":2545.322,"informal%":4.51,"NDBI_media":0.00275052,"Green%":4.352,"Blue%":21.341,"Hosp_count":1.0,"NTL_median":23.54333305,"unit_id":"DCC North W-22","name":"DCC North W-22","imputed":[],"center":[90.419232,23.765778]},"geometry":{"type":"Polygon","coordinates":[[[90.429819,23.759971],[90.429812,23.759684],[90.42973,23.759229],[90.429668,23.759109],[90.429374,23.758841],[90.429234,23.758743],[90.429029,23.758597],[90.428683,23.758388],[90.428435,23.758269],[90.428415,23.758765],[90.428206,23.75918],[90.428146,23.759244],[90.428007,23.759368],[90.427744,23.759578],[90.427303,23.759875],[90.427192,23.759945],[90.427113,23.759991],[90.426866,23.759993],[90.426588,23.759989],[90.425784,23.759933],[90.425434,23.759952],[90.425357,23.759891],[90.425306,23.759818],[90.425282,23.759734],[90.425218,23.759685],[90.425115,23.759683],[90.42503,23.759688],[90.424964,23.759771],[90.424929,23.759901],[90.424876,23.75996],[90.424804,23.759995],[90.424726,23.759987],[90.424577,23.759979],[90.424422,23.759959],[90.424294,23.759861],[90.424186,23.759734],[90.423959,23.75973],[90.423797,23.759727],[90.42374,23.759661],[90.423729,23.759547],[90.423673,23.759415],[90.423564,23.759353],[90.423353,23.759182],[90.42299,23.75917],[90.422984,23.759499],[90.422588,23.759498],[90.422465,23.75952],[90.422451,23.759555],[90.422352,23.759655],[90.42224,23.759719],[90.421248,23.759685],[90.420946,23.75956],[90.420858,23.759433],[90.420333,23.759395],[90.420058,23.759181],[90.419819,23.759153],[90.419255,23.759114],[90.418818,23.758898],[90.418326,23.758848],[90.417974,23.758674],[90.417907,23.758642],[90.417476,23.75867],[90.417281,23.758653],[90.417111,23.758593],[90.41695,23.758504],[90.416734,23.758407],[90.416438,23.758374],[90.413708,23.758285],[90.41367,23.760584],[90.413588,23.760783],[90.413546,23.760976],[90.413457,23.761132],[90.413448,23.761218],[90.413477,23.761297],[90.413537,23.761434],[90.413558,23.761951],[90.413455,23.762021],[90.413196,23.762109],[90.412485,23.762248],[90.412258,23.762309],[90.412118,23.762313],[90.411932,23.762282],[90.41187,23.762259],[90.411733,23.762106],[90.411547,23.762067],[90.410861,23.762507],[90.410646,23.762762],[90.410242,23.763151],[90.409813,23.763572],[90.4099,23.763686],[90.410509,23.764343],[90.410756,23.764632],[90.410856,23.765028],[90.410995,23.765357],[90.411042,23.765524],[90.410992,23.765713],[90.410806,23.766024],[90.410406,23.766409],[90.41016,23.766577],[90.409935,23.766713],[90.409846,23.766752],[90.409653,23.766838],[90.409546,23.766916],[90.409146,23.767266],[90.408879,23.767612],[90.408772,23.767759],[90.408693,23.767969],[90.408686,23.768194],[90.408693,23.768344],[90.408715,23.768451],[90.40885,23.768697],[90.408961,23.768826],[90.409107,23.768915],[90.409275,23.768965],[90.409471,23.769015],[90.409682,23.769022],[90.409864,23.769022],[90.410114,23.769015],[90.410224,23.76899],[90.410399,23.768894],[90.41056,23.768837],[90.410713,23.768772],[90.410828,23.768726],[90.410999,23.768665],[90.41137,23.768644],[90.411591,23.768662],[90.411759,23.768697],[90.411873,23.768744],[90.412027,23.768812],[90.41212,23.768865],[90.412202,23.768951],[90.412262,23.769033],[90.412323,23.769161],[90.412384,23.769329],[90.412452,23.769486],[90.412601,23.769882],[90.412726,23.770507],[90.412705,23.771024],[90.412605,23.771738],[90.413527,23.772131],[90.413859,23.772266],[90.414189,23.772407],[90.414515,23.772555],[90.414528,23.772561],[90.414839,23.772708],[90.41516,23.772868],[90.41532,23.772973],[90.415477,23.773082],[90.415631,23.773194],[90.415783,23.773311],[90.415797,23.772773],[90.415865,23.772722],[90.415935,23.772677],[90.416009,23.772636],[90.416085,23.7726],[90.416163,23.77257],[90.416244,23.772545],[90.416326,23.772526],[90.41644,23.772573],[90.416553,23.772627],[90.416662,23.772686],[90.416768,23.772751],[90.41687,23.772821],[90.416969,23.772897],[90.417063,23.772978],[90.417135,23.773004],[90.41721,23.773025],[90.417285,23.773039],[90.417362,23.773047],[90.417439,23.773048],[90.417516,23.773043],[90.417592,23.773031],[90.417667,23.773013],[90.417737,23.77299],[90.41774,23.772989],[90.417811,23.772958],[90.417878,23.772922],[90.417943,23.77288],[90.418004,23.772833],[90.41806,23.77278],[90.418112,23.772724],[90.418159,23.772663],[90.418201,23.772598],[90.418237,23.77253],[90.418267,23.772459],[90.418305,23.772339],[90.418349,23.772221],[90.418399,23.772106],[90.418455,23.771993],[90.418516,23.771883],[90.418583,23.771776],[90.418655,23.771673],[90.418729,23.771577],[90.418732,23.771574],[90.418813,23.771478],[90.4189,23.771387],[90.418991,23.7713],[90.419086,23.771218],[90.419186,23.771141],[90.419273,23.77108],[90.419365,23.771026],[90.419459,23.770977],[90.419557,23.770935],[90.419585,23.770925],[90.419657,23.770899],[90.41976,23.77087],[90.419864,23.770848],[90.419969,23.770832],[90.420075,23.770824],[90.420181,23.770822],[90.420288,23.770827],[90.420393,23.77084],[90.420498,23.770859],[90.420507,23.770861],[90.420601,23.770885],[90.420702,23.770918],[90.420801,23.770957],[90.420898,23.771003],[90.42099,23.771054],[90.42108,23.771112],[90.421127,23.771172],[90.421148,23.771194],[90.421179,23.771227],[90.421235,23.771279],[90.421296,23.771325],[90.421359,23.771367],[90.421426,23.771403],[90.421496,23.771434],[90.421568,23.771459],[90.421641,23.771479],[90.421759,23.77141],[90.421873,23.771335],[90.421984,23.771256],[90.422091,23.771171],[90.422194,23.771082],[90.422293,23.770988],[90.422384,23.770894],[90.422479,23.770804],[90.422579,23.77072],[90.422683,23.770641],[90.422791,23.770568],[90.422904,23.770501],[90.423019,23.77044],[90.423138,23.770385],[90.42326,23.770337],[90.423384,23.770296],[90.42351,23.770261],[90.423638,23.770233],[90.423767,23.770212],[90.423897,23.770199],[90.424135,23.770227],[90.424372,23.770251],[90.424611,23.77027],[90.424174,23.76951],[90.423861,23.768955],[90.423743,23.768747],[90.423345,23.768031],[90.423318,23.767981],[90.42465,23.767358],[90.425554,23.766934],[90.426382,23.76649],[90.427586,23.765845],[90.429047,23.765064],[90.430532,23.764436],[90.432631,23.763608],[90.432865,23.763543],[90.432851,23.763461],[90.432765,23.763232],[90.432742,23.763065],[90.432719,23.762957],[90.432579,23.762811],[90.432503,23.762703],[90.432349,23.762604],[90.432096,23.76229],[90.432046,23.762193],[90.431792,23.761926],[90.431629,23.761649],[90.431553,23.761528],[90.431426,23.761371],[90.431376,23.761322],[90.431171,23.761188],[90.430951,23.761112],[90.430641,23.761048],[90.430435,23.760984],[90.430151,23.760908],[90.430037,23.760787],[90.429977,23.760523],[90.429903,23.760355],[90.429819,23.759971]]]}},{"type":"Feature","properties":{"Ward_Name":"DCC North W-23","Exposure":0.3095177,"Sensitivity":0.1033183,"Adaptive_Capacity":-0.29156904,"Exposure_s":0.60943649,"Sensitivity_s":0.37510958,"Adaptive_s":0.13353606,"HVI_raw":0.27304057,"HVI":0.69430176,"HVI_Class":"High","Rank":47.0,"Corporation":"DNCC","Area_m2":1005914.84708339,"LST_mean":32.7809506,"Road_Density":24.99,"industry%":0.0,"Pop_Density":135775.8060036,"SVF_mean":0.60499031,"Poverty_HCR":6.3,"build_km2":3332.338,"informal%":7.86,"NDBI_media":0.0184954,"Green%":1.565,"Blue%":5.079,"Hosp_count":0.0,"NTL_median":21.19333267,"unit_id":"DCC North W-23","name":"DCC North W-23","imputed":[],"center":[90.421588,23.754586]},"geometry":{"type":"Polygon","coordinates":[[[90.425768,23.75287],[90.425771,23.752763],[90.425697,23.752547],[90.425623,23.752342],[90.425511,23.752126],[90.425308,23.751895],[90.425089,23.751784],[90.424883,23.751721],[90.424419,23.751546],[90.42411,23.751457],[90.423994,23.75142],[90.423696,23.751391],[90.423319,23.75142],[90.423033,23.751451],[90.422602,23.751588],[90.422068,23.75171],[90.421742,23.751776],[90.421417,23.751854],[90.421079,23.751885],[90.420636,23.751961],[90.420077,23.752035],[90.419244,23.752164],[90.419046,23.752177],[90.418848,23.752183],[90.41865,23.752183],[90.418451,23.752178],[90.418253,23.752166],[90.418056,23.752149],[90.417859,23.752125],[90.417663,23.752096],[90.417468,23.752061],[90.417274,23.75202],[90.417081,23.751973],[90.416979,23.751922],[90.416879,23.751864],[90.416783,23.751801],[90.416692,23.751732],[90.416604,23.751658],[90.416521,23.751578],[90.416444,23.751494],[90.416371,23.751405],[90.416304,23.751311],[90.416243,23.751214],[90.416188,23.751114],[90.416139,23.75101],[90.416097,23.750903],[90.416061,23.750794],[90.416032,23.750683],[90.416009,23.750571],[90.415993,23.750457],[90.415985,23.750343],[90.415942,23.74953],[90.41584,23.749548],[90.413803,23.749849],[90.412903,23.750003],[90.412953,23.750112],[90.413809,23.751582],[90.414994,23.75359],[90.416341,23.755894],[90.416585,23.756306],[90.417726,23.758235],[90.417974,23.758674],[90.418326,23.758848],[90.418818,23.758898],[90.419255,23.759114],[90.419819,23.759153],[90.420058,23.759181],[90.420333,23.759395],[90.420858,23.759433],[90.420946,23.75956],[90.421248,23.759685],[90.42224,23.759719],[90.422352,23.759655],[90.422451,23.759555],[90.422465,23.75952],[90.422588,23.759498],[90.422984,23.759499],[90.42299,23.75917],[90.423353,23.759182],[90.423564,23.759353],[90.423673,23.759415],[90.423729,23.759547],[90.42374,23.759661],[90.423797,23.759727],[90.423959,23.75973],[90.424186,23.759734],[90.424294,23.759861],[90.424422,23.759959],[90.424577,23.759979],[90.424726,23.759987],[90.424804,23.759995],[90.424876,23.75996],[90.424929,23.759901],[90.424964,23.759771],[90.42503,23.759688],[90.425115,23.759683],[90.425218,23.759685],[90.425282,23.759734],[90.425306,23.759818],[90.425357,23.759891],[90.425434,23.759952],[90.425784,23.759933],[90.426588,23.759989],[90.426866,23.759993],[90.427113,23.759991],[90.427192,23.759945],[90.427303,23.759875],[90.427744,23.759578],[90.428007,23.759368],[90.428146,23.759244],[90.428206,23.75918],[90.428415,23.758765],[90.428435,23.758269],[90.428374,23.758239],[90.427989,23.758042],[90.427589,23.757904],[90.427306,23.757816],[90.427231,23.757659],[90.427169,23.757515],[90.427108,23.757323],[90.426972,23.756986],[90.426911,23.756794],[90.426862,23.75665],[90.426815,23.756398],[90.426818,23.756255],[90.42695,23.756138],[90.427016,23.756067],[90.427007,23.755864],[90.427011,23.755673],[90.42713,23.755532],[90.427276,23.755379],[90.427422,23.755202],[90.427594,23.75505],[90.427648,23.75492],[90.42767,23.754454],[90.427686,23.754335],[90.427701,23.754192],[90.427704,23.754061],[90.427616,23.75394],[90.4275,23.75389],[90.427357,23.7539],[90.427265,23.75397],[90.427081,23.75405],[90.42695,23.754132],[90.426715,23.7542],[90.426456,23.754183],[90.426185,23.754131],[90.426043,23.754069],[90.425864,23.753935],[90.425815,23.753791],[90.425754,23.753587],[90.425756,23.753515],[90.425761,23.753264],[90.425766,23.752991],[90.425768,23.75287]]]}},{"type":"Feature","properties":{"Ward_Name":"DCC North W-24","Exposure":1.72264428,"Sensitivity":-0.13204376,"Adaptive_Capacity":0.19122067,"Exposure_s":1.0,"Sensitivity_s":0.32301285,"Adaptive_s":0.32370203,"HVI_raw":0.30438029,"HVI":0.73875801,"HVI_Class":"High","Rank":33.0,"Corporation":"DNCC","Area_m2":2515009.79377206,"LST_mean":34.25166751,"Road_Density":19.1,"industry%":46.99,"Pop_Density":207105.171875,"SVF_mean":0.69944703,"Poverty_HCR":9.7,"build_km2":1626.159,"informal%":2.08,"NDBI_media":0.01343377,"Green%":3.718,"Blue%":0.116,"Hosp_count":4.0,"NTL_median":35.55124855,"unit_id":"DCC North W-24","name":"DCC North W-24","imputed":[],"center":[90.402237,23.762735]},"geometry":{"type":"Polygon","coordinates":[[[90.411963,23.772453],[90.412266,23.772445],[90.412349,23.7725],[90.412435,23.772551],[90.412472,23.772571],[90.412523,23.772598],[90.412614,23.77264],[90.412783,23.772632],[90.412952,23.772619],[90.413121,23.772601],[90.413289,23.772578],[90.413456,23.772549],[90.413484,23.772411],[90.413508,23.772271],[90.413524,23.772156],[90.413527,23.772131],[90.412605,23.771738],[90.412705,23.771024],[90.412726,23.770507],[90.412601,23.769882],[90.412452,23.769486],[90.412384,23.769329],[90.412323,23.769161],[90.412262,23.769033],[90.412202,23.768951],[90.41212,23.768865],[90.412027,23.768812],[90.411873,23.768744],[90.411759,23.768697],[90.411591,23.768662],[90.41137,23.768644],[90.410999,23.768665],[90.410828,23.768726],[90.410713,23.768772],[90.41056,23.768837],[90.410399,23.768894],[90.410224,23.76899],[90.410114,23.769015],[90.409864,23.769022],[90.409682,23.769022],[90.409471,23.769015],[90.409275,23.768965],[90.409107,23.768915],[90.408961,23.768826],[90.40885,23.768697],[90.408715,23.768451],[90.408693,23.768344],[90.408686,23.768194],[90.408693,23.767969],[90.408772,23.767759],[90.408879,23.767612],[90.409146,23.767266],[90.409546,23.766916],[90.409653,23.766838],[90.409846,23.766752],[90.409935,23.766713],[90.41016,23.766577],[90.410406,23.766409],[90.410806,23.766024],[90.410992,23.765713],[90.411042,23.765524],[90.410995,23.765357],[90.410856,23.765028],[90.410756,23.764632],[90.410509,23.764343],[90.4099,23.763686],[90.409462,23.763111],[90.408364,23.761983],[90.40715,23.760876],[90.406149,23.759984],[90.404883,23.759142],[90.404307,23.758849],[90.403605,23.758207],[90.4034,23.757885],[90.403174,23.757314],[90.403091,23.756786],[90.40304,23.756644],[90.402255,23.755996],[90.40185,23.754241],[90.401041,23.753777],[90.40075,23.753545],[90.400149,23.753242],[90.399709,23.752974],[90.398459,23.752135],[90.397801,23.751728],[90.397636,23.751735],[90.397471,23.751748],[90.397308,23.751768],[90.397145,23.751794],[90.396983,23.751827],[90.396823,23.751866],[90.396664,23.751911],[90.396507,23.751962],[90.396353,23.752019],[90.3962,23.752083],[90.396051,23.752152],[90.395904,23.752227],[90.39576,23.752308],[90.39562,23.752395],[90.395483,23.752487],[90.395349,23.752584],[90.39522,23.752686],[90.395095,23.752794],[90.394974,23.752906],[90.394874,23.753],[90.39478,23.753099],[90.39469,23.753203],[90.394607,23.753312],[90.394529,23.753424],[90.394456,23.753541],[90.39439,23.753661],[90.394331,23.753785],[90.394278,23.753911],[90.394231,23.75404],[90.394191,23.754171],[90.394158,23.754304],[90.394132,23.754438],[90.394113,23.754574],[90.394101,23.754711],[90.394096,23.754848],[90.394097,23.755074],[90.394105,23.755299],[90.394121,23.755525],[90.394144,23.75575],[90.394173,23.755974],[90.39421,23.756197],[90.394438,23.75741],[90.3949,23.760377],[90.395138,23.761907],[90.395219,23.762362],[90.395652,23.764799],[90.395858,23.766093],[90.396344,23.766103],[90.396431,23.76642],[90.396505,23.766579],[90.396596,23.766717],[90.396696,23.766754],[90.398375,23.766503],[90.400108,23.766263],[90.400457,23.766208],[90.400724,23.767918],[90.400856,23.768813],[90.401092,23.77004],[90.401128,23.770185],[90.401157,23.770331],[90.401178,23.770478],[90.401193,23.770626],[90.4012,23.770774],[90.401199,23.770923],[90.401192,23.771072],[90.401177,23.771219],[90.401154,23.771367],[90.401124,23.771513],[90.401088,23.771657],[90.401044,23.7718],[90.400992,23.771941],[90.400934,23.77208],[90.40087,23.772216],[90.400798,23.772349],[90.40072,23.772479],[90.400636,23.772606],[90.400545,23.772729],[90.400079,23.773411],[90.400267,23.773514],[90.400426,23.773595],[90.400459,23.773612],[90.400653,23.773704],[90.40085,23.77379],[90.401049,23.77387],[90.401251,23.773944],[90.401455,23.774012],[90.40166,23.774074],[90.401868,23.774129],[90.401949,23.774134],[90.402029,23.774132],[90.40211,23.774124],[90.402189,23.774109],[90.402268,23.774089],[90.402344,23.774063],[90.402425,23.773935],[90.402501,23.773805],[90.402572,23.773673],[90.402866,23.773647],[90.402988,23.773634],[90.403159,23.773615],[90.403452,23.773576],[90.403743,23.77353],[90.404033,23.773477],[90.404434,23.773297],[90.404845,23.773112],[90.404933,23.773073],[90.404999,23.773069],[90.405412,23.773044],[90.40589,23.773008],[90.406368,23.772965],[90.406845,23.772915],[90.407322,23.772859],[90.409038,23.772708],[90.410753,23.772554],[90.411054,23.772518],[90.411357,23.77249],[90.411359,23.772489],[90.41166,23.772468],[90.411963,23.772453]]]}},{"type":"Feature","properties":{"Ward_Name":"DCC North W-25","Exposure":0.48397543,"Sensitivity":0.06634424,"Adaptive_Capacity":0.28611795,"Exposure_s":0.65765356,"Sensitivity_s":0.36692548,"Adaptive_s":0.3610811,"HVI_raw":0.20774414,"HVI":0.601677,"HVI_Class":"High","Rank":74.0,"Corporation":"DNCC","Area_m2":1220365.01135927,"LST_mean":32.94084282,"Road_Density":29.34,"industry%":8.404,"Pop_Density":135251.04363494,"SVF_mean":0.68671304,"Poverty_HCR":7.7,"build_km2":2707.469,"informal%":6.84,"NDBI_media":0.01972428,"Green%":7.007,"Blue%":0.006,"Hosp_count":5.0,"NTL_median":34.06333447,"unit_id":"DCC North W-25","name":"DCC North W-25","imputed":[],"center":[90.395306,23.772322]},"geometry":{"type":"Polygon","coordinates":[[[90.395726,23.766091],[90.395749,23.766255],[90.395308,23.766253],[90.39514,23.766245],[90.394984,23.766248],[90.394834,23.766293],[90.39476,23.766411],[90.394686,23.766547],[90.394605,23.766737],[90.394516,23.766945],[90.394421,23.767158],[90.394386,23.767301],[90.394339,23.767354],[90.394151,23.76735],[90.393886,23.767334],[90.393757,23.767278],[90.393734,23.76714],[90.393711,23.767003],[90.393693,23.766931],[90.393564,23.766881],[90.393396,23.76683],[90.393086,23.766753],[90.392543,23.766684],[90.391864,23.766577],[90.39125,23.766471],[90.391062,23.766444],[90.390946,23.766419],[90.390713,23.766367],[90.390545,23.766352],[90.390285,23.766354],[90.39022,23.76637],[90.390134,23.766447],[90.390047,23.766577],[90.389885,23.76689],[90.389031,23.766865],[90.389046,23.767062],[90.389089,23.767549],[90.389138,23.768036],[90.389194,23.768521],[90.389256,23.769006],[90.389324,23.76949],[90.389399,23.769973],[90.389481,23.770455],[90.389593,23.770945],[90.389698,23.771437],[90.389796,23.77193],[90.389888,23.772424],[90.389973,23.772919],[90.390052,23.773416],[90.389998,23.773804],[90.389952,23.774194],[90.389912,23.774584],[90.389879,23.774975],[90.389852,23.775367],[90.390354,23.775451],[90.390858,23.775529],[90.391362,23.775602],[90.391867,23.775669],[90.392372,23.77573],[90.392879,23.775785],[90.394029,23.77643],[90.394184,23.776517],[90.395177,23.777077],[90.396324,23.777727],[90.396595,23.777864],[90.396648,23.777891],[90.39683,23.777979],[90.396974,23.778049],[90.397302,23.778202],[90.397633,23.77835],[90.397847,23.778442],[90.397966,23.778493],[90.398006,23.778496],[90.398047,23.778493],[90.398087,23.778485],[90.398125,23.77847],[90.398161,23.77845],[90.398379,23.777239],[90.398599,23.776028],[90.398723,23.775754],[90.398853,23.775482],[90.398988,23.775213],[90.399128,23.774947],[90.399274,23.774683],[90.399425,23.774422],[90.399581,23.774165],[90.399742,23.77391],[90.399908,23.773659],[90.39992,23.773641],[90.400079,23.773411],[90.400545,23.772729],[90.400636,23.772606],[90.40072,23.772479],[90.400798,23.772349],[90.40087,23.772216],[90.400934,23.77208],[90.400992,23.771941],[90.401044,23.7718],[90.401088,23.771657],[90.401124,23.771513],[90.401154,23.771367],[90.401177,23.771219],[90.401192,23.771072],[90.401199,23.770923],[90.4012,23.770774],[90.401193,23.770626],[90.401178,23.770478],[90.401157,23.770331],[90.401128,23.770185],[90.401092,23.77004],[90.400856,23.768813],[90.400724,23.767918],[90.400457,23.766208],[90.400108,23.766263],[90.398375,23.766503],[90.396696,23.766754],[90.396596,23.766717],[90.396505,23.766579],[90.396431,23.76642],[90.396344,23.766103],[90.395858,23.766093],[90.395726,23.766091]]]}},{"type":"Feature","properties":{"Ward_Name":"DCC North W-26","Exposure":0.75683709,"Sensitivity":-0.0787896,"Adaptive_Capacity":-0.02149561,"Exposure_s":0.73306776,"Sensitivity_s":0.33480051,"Adaptive_s":0.23991525,"HVI_raw":0.25861774,"HVI":0.67384259,"HVI_Class":"High","Rank":52.0,"Corporation":"DNCC","Area_m2":1130790.99928351,"LST_mean":33.46937525,"Road_Density":27.63,"industry%":4.713,"Pop_Density":208739.40625,"SVF_mean":0.62328818,"Poverty_HCR":6.5,"build_km2":2365.188,"informal%":5.68,"NDBI_media":0.02567299,"Green%":2.919,"Blue%":0.626,"Hosp_count":2.0,"NTL_median":32.70416641,"unit_id":"DCC North W-26","name":"DCC North W-26","imputed":[],"center":[90.392108,23.758576]},"geometry":{"type":"Polygon","coordinates":[[[90.394686,23.766547],[90.39476,23.766411],[90.394834,23.766293],[90.394984,23.766248],[90.39514,23.766245],[90.395308,23.766253],[90.395749,23.766255],[90.395726,23.766091],[90.395858,23.766093],[90.395652,23.764799],[90.395219,23.762362],[90.395138,23.761907],[90.3949,23.760377],[90.394438,23.75741],[90.39421,23.756197],[90.394173,23.755974],[90.394144,23.75575],[90.394121,23.755525],[90.394105,23.755299],[90.394097,23.755074],[90.394096,23.754848],[90.394101,23.754711],[90.394113,23.754574],[90.394132,23.754438],[90.394158,23.754304],[90.394191,23.754171],[90.394231,23.75404],[90.394278,23.753911],[90.394331,23.753785],[90.39439,23.753661],[90.394456,23.753541],[90.394529,23.753424],[90.394607,23.753312],[90.39469,23.753203],[90.39478,23.753099],[90.394874,23.753],[90.394974,23.752906],[90.395095,23.752794],[90.39522,23.752686],[90.395349,23.752584],[90.395483,23.752487],[90.39562,23.752395],[90.39576,23.752308],[90.395904,23.752227],[90.396051,23.752152],[90.3962,23.752083],[90.396353,23.752019],[90.396507,23.751962],[90.396664,23.751911],[90.396823,23.751866],[90.396983,23.751827],[90.397145,23.751794],[90.397308,23.751768],[90.397471,23.751748],[90.397636,23.751735],[90.397801,23.751728],[90.39698,23.751291],[90.396949,23.751278],[90.39554,23.750672],[90.393699,23.75016],[90.393298,23.750053],[90.393076,23.749852],[90.392952,23.749888],[90.392826,23.749919],[90.392729,23.749938],[90.392699,23.749944],[90.392486,23.749991],[90.392,23.750098],[90.3913,23.750247],[90.390599,23.750391],[90.389897,23.750529],[90.387121,23.751058],[90.387185,23.751234],[90.387367,23.75164],[90.388514,23.754159],[90.389068,23.755348],[90.38968,23.756614],[90.389975,23.757371],[90.390067,23.757747],[90.389996,23.758113],[90.389908,23.758417],[90.38961,23.758379],[90.389574,23.758654],[90.389457,23.758805],[90.389418,23.759205],[90.38952,23.759303],[90.389663,23.759401],[90.389651,23.759486],[90.389585,23.759657],[90.389206,23.762039],[90.388979,23.764051],[90.388929,23.764621],[90.388939,23.76511],[90.388956,23.765598],[90.38898,23.766087],[90.38901,23.766575],[90.38902,23.766718],[90.389031,23.766865],[90.389885,23.76689],[90.390047,23.766577],[90.390134,23.766447],[90.39022,23.76637],[90.390285,23.766354],[90.390545,23.766352],[90.390713,23.766367],[90.390946,23.766419],[90.391062,23.766444],[90.39125,23.766471],[90.391864,23.766577],[90.392543,23.766684],[90.393086,23.766753],[90.393396,23.76683],[90.393564,23.766881],[90.393693,23.766931],[90.393711,23.767003],[90.393734,23.76714],[90.393757,23.767278],[90.393886,23.767334],[90.394151,23.76735],[90.394339,23.767354],[90.394386,23.767301],[90.394421,23.767158],[90.394516,23.766945],[90.394605,23.766737],[90.394686,23.766547]]]}},{"type":"Feature","properties":{"Ward_Name":"DCC North W-27","Exposure":-0.13986983,"Sensitivity":-1.07264528,"Adaptive_Capacity":1.30923255,"Exposure_s":0.48523363,"Sensitivity_s":0.11481332,"Adaptive_s":0.76407555,"HVI_raw":-0.07165965,"HVI":0.20533508,"HVI_Class":"Low","Rank":130.0,"Corporation":"DNCC","Area_m2":3346647.60868846,"LST_mean":32.2070102,"Road_Density":17.26,"industry%":1.783,"Pop_Density":226682.0078125,"SVF_mean":0.76191657,"Poverty_HCR":2.7,"build_km2":1111.134,"informal%":1.04,"NDBI_media":-0.0609903,"Green%":28.133,"Blue%":4.416,"Hosp_count":9.0,"NTL_median":38.24166489,"unit_id":"DCC North W-27","name":"DCC North W-27","imputed":[],"center":[90.379903,23.764109]},"geometry":{"type":"Polygon","coordinates":[[[90.388979,23.764051],[90.389206,23.762039],[90.389585,23.759657],[90.389651,23.759486],[90.389663,23.759401],[90.38952,23.759303],[90.389418,23.759205],[90.389457,23.758805],[90.389574,23.758654],[90.38961,23.758379],[90.389908,23.758417],[90.389996,23.758113],[90.390067,23.757747],[90.389975,23.757371],[90.38968,23.756614],[90.389068,23.755348],[90.388514,23.754159],[90.387367,23.75164],[90.387185,23.751234],[90.387121,23.751058],[90.387074,23.751073],[90.386934,23.751121],[90.38675,23.75119],[90.386569,23.751266],[90.386391,23.751348],[90.386215,23.751437],[90.386043,23.751531],[90.385874,23.751632],[90.385708,23.751738],[90.385547,23.75185],[90.385476,23.751947],[90.3854,23.752039],[90.385319,23.752128],[90.385234,23.752212],[90.385144,23.752291],[90.385051,23.752366],[90.384954,23.752436],[90.384853,23.752501],[90.384749,23.75256],[90.384642,23.752614],[90.384532,23.752662],[90.38442,23.752704],[90.384306,23.752741],[90.38419,23.752771],[90.383984,23.752798],[90.383777,23.752819],[90.38357,23.752834],[90.38356,23.752835],[90.383362,23.752843],[90.383154,23.752846],[90.382946,23.752842],[90.382738,23.752833],[90.382531,23.752817],[90.382508,23.752814],[90.382442,23.753144],[90.382416,23.75328],[90.3823,23.753987],[90.3823,23.755176],[90.382293,23.755591],[90.382271,23.755657],[90.382176,23.755732],[90.382061,23.755768],[90.381968,23.755767],[90.381843,23.755784],[90.381708,23.75581],[90.381603,23.755847],[90.381582,23.755875],[90.38158,23.755951],[90.381584,23.756005],[90.381594,23.756029],[90.381604,23.756034],[90.381671,23.756045],[90.381739,23.756046],[90.381938,23.75605],[90.382084,23.75604],[90.38226,23.756041],[90.382341,23.756042],[90.38245,23.756044],[90.382551,23.756053],[90.382617,23.756087],[90.382648,23.756136],[90.382651,23.756215],[90.382649,23.756312],[90.382622,23.756484],[90.382525,23.757135],[90.382475,23.757328],[90.382436,23.757707],[90.382409,23.7579],[90.382406,23.758007],[90.382404,23.758108],[90.382355,23.758257],[90.382307,23.758307],[90.382127,23.758361],[90.382018,23.758381],[90.381792,23.758377],[90.378953,23.758271],[90.37735,23.758244],[90.375786,23.75821],[90.374759,23.758193],[90.374525,23.758196],[90.374416,23.758194],[90.374137,23.758196],[90.374034,23.758377],[90.373039,23.760137],[90.372787,23.760523],[90.372382,23.761143],[90.371165,23.763185],[90.370758,23.764166],[90.370552,23.76471],[90.369238,23.768171],[90.369097,23.768524],[90.368888,23.769049],[90.368148,23.770906],[90.367814,23.771744],[90.367766,23.771923],[90.367712,23.772099],[90.367651,23.772274],[90.367635,23.772315],[90.367583,23.772446],[90.367509,23.772616],[90.367429,23.772782],[90.367342,23.772946],[90.367312,23.772997],[90.367249,23.773106],[90.36715,23.773262],[90.367054,23.773401],[90.367151,23.773337],[90.367362,23.773466],[90.36749,23.773576],[90.367832,23.77366],[90.368239,23.773756],[90.368594,23.773828],[90.368949,23.773929],[90.371093,23.774426],[90.374192,23.775177],[90.376822,23.77601],[90.377828,23.776313],[90.380521,23.776901],[90.380798,23.775964],[90.381658,23.773039],[90.382514,23.770113],[90.382617,23.769532],[90.382714,23.76895],[90.382804,23.768368],[90.382887,23.767784],[90.382964,23.767199],[90.383033,23.766613],[90.383096,23.766027],[90.383152,23.76544],[90.383425,23.765367],[90.3837,23.765299],[90.383976,23.765238],[90.384253,23.765182],[90.384532,23.765133],[90.384811,23.765089],[90.385092,23.765051],[90.385373,23.765019],[90.385655,23.764992],[90.386061,23.764923],[90.386468,23.76486],[90.386877,23.764803],[90.387286,23.764754],[90.387696,23.764711],[90.388106,23.764674],[90.388517,23.764644],[90.388929,23.764621],[90.388979,23.764051]]]}},{"type":"Feature","properties":{"Ward_Name":"DCC North W-28","Exposure":0.5263939,"Sensitivity":-0.42831194,"Adaptive_Capacity":0.58470577,"Exposure_s":0.66937729,"Sensitivity_s":0.25743471,"Adaptive_s":0.47869181,"HVI_raw":0.13106853,"HVI":0.49291055,"HVI_Class":"Moderate","Rank":95.0,"Corporation":"DNCC","Area_m2":1467970.18282581,"LST_mean":33.01060261,"Road_Density":23.05,"industry%":6.608,"Pop_Density":144852.5234375,"SVF_mean":0.60110873,"Poverty_HCR":2.8,"build_km2":2070.179,"informal%":8.76,"NDBI_media":0.00186193,"Green%":5.381,"Blue%":1.469,"Hosp_count":9.0,"NTL_median":33.0233345,"unit_id":"DCC North W-28","name":"DCC North W-28","imputed":[],"center":[90.371853,23.779091]},"geometry":{"type":"Polygon","coordinates":[[[90.37206,23.78306],[90.372108,23.782929],[90.372169,23.782811],[90.372267,23.782753],[90.372416,23.782803],[90.372498,23.782918],[90.372579,23.783062],[90.372668,23.783165],[90.372841,23.78327],[90.373068,23.78328],[90.373444,23.783274],[90.373916,23.783354],[90.375096,23.783398],[90.376195,23.783608],[90.377152,23.783779],[90.377713,23.783914],[90.378493,23.783977],[90.378505,23.783978],[90.378544,23.783824],[90.378587,23.783655],[90.378795,23.782856],[90.37901,23.782059],[90.379232,23.781264],[90.37946,23.78047],[90.379694,23.779678],[90.379934,23.778888],[90.380521,23.776901],[90.377828,23.776313],[90.376822,23.77601],[90.374192,23.775177],[90.371093,23.774426],[90.368949,23.773929],[90.368594,23.773828],[90.368239,23.773756],[90.367832,23.77366],[90.36749,23.773576],[90.367362,23.773466],[90.367151,23.773337],[90.367054,23.773401],[90.367045,23.773415],[90.366934,23.773563],[90.366818,23.773707],[90.366697,23.773847],[90.365712,23.774855],[90.365553,23.77498],[90.364689,23.775661],[90.363419,23.776509],[90.362086,23.7774],[90.362147,23.777466],[90.362211,23.777529],[90.362279,23.777587],[90.362547,23.777801],[90.362818,23.77801],[90.363092,23.778213],[90.363371,23.778411],[90.363491,23.778525],[90.363606,23.778642],[90.363717,23.778764],[90.363824,23.77889],[90.363926,23.77902],[90.364023,23.779153],[90.364114,23.77929],[90.364201,23.77943],[90.364283,23.779574],[90.364359,23.77972],[90.36443,23.779869],[90.364601,23.780326],[90.364777,23.780782],[90.364956,23.781237],[90.36499,23.781383],[90.36503,23.781528],[90.365075,23.781671],[90.365125,23.781813],[90.365181,23.781952],[90.365243,23.782089],[90.36531,23.782223],[90.365382,23.782355],[90.365512,23.782455],[90.365579,23.782502],[90.365645,23.782549],[90.365783,23.782638],[90.365924,23.782721],[90.366068,23.782799],[90.366215,23.78287],[90.366366,23.782936],[90.366518,23.782995],[90.366673,23.783048],[90.36683,23.783095],[90.366988,23.783136],[90.367148,23.78317],[90.367301,23.783171],[90.367454,23.783167],[90.367606,23.783157],[90.367758,23.783141],[90.367909,23.78312],[90.368059,23.783094],[90.368208,23.783062],[90.368356,23.783024],[90.368468,23.783007],[90.368581,23.782995],[90.368694,23.782991],[90.368808,23.782992],[90.368921,23.783001],[90.369033,23.783016],[90.369145,23.783037],[90.369255,23.783065],[90.369363,23.783099],[90.369469,23.783139],[90.369573,23.783185],[90.369797,23.783303],[90.370019,23.783428],[90.370237,23.783558],[90.370452,23.783694],[90.370662,23.783836],[90.370869,23.783984],[90.371072,23.784137],[90.371191,23.784213],[90.371306,23.784295],[90.371418,23.784382],[90.371525,23.784474],[90.371628,23.784571],[90.371641,23.784585],[90.371726,23.784672],[90.371948,23.784603],[90.372172,23.784539],[90.372398,23.784482],[90.372306,23.784377],[90.372264,23.784191],[90.372189,23.784089],[90.372026,23.783793],[90.371931,23.783678],[90.371915,23.783499],[90.371944,23.783362],[90.372005,23.78322],[90.37206,23.78306]]]}},{"type":"Feature","properties":{"Ward_Name":"DCC North W-29","Exposure":0.73446339,"Sensitivity":0.02039543,"Adaptive_Capacity":-0.35503044,"Exposure_s":0.72688406,"Sensitivity_s":0.35675484,"Adaptive_s":0.10853926,"HVI_raw":0.30905968,"HVI":0.74539585,"HVI_Class":"High","Rank":30.0,"Corporation":"DNCC","Area_m2":581680.69948204,"LST_mean":33.81056765,"Road_Density":36.33,"industry%":0.0,"Pop_Density":76965.83263916,"SVF_mean":0.5811701,"Poverty_HCR":4.9,"build_km2":3357.368,"informal%":5.64,"NDBI_media":0.03131929,"Green%":1.678,"Blue%":0.0,"Hosp_count":1.0,"NTL_median":24.73916721,"unit_id":"DCC North W-29","name":"DCC North W-29","imputed":[],"center":[90.36134,23.768239]},"geometry":{"type":"Polygon","coordinates":[[[90.358996,23.76244],[90.358502,23.762303],[90.358501,23.762339],[90.358902,23.762437],[90.358538,23.766777],[90.358511,23.767033],[90.358492,23.767289],[90.358479,23.767547],[90.358473,23.767804],[90.358475,23.768061],[90.358483,23.768319],[90.358499,23.768576],[90.358521,23.768832],[90.358551,23.769088],[90.358587,23.769343],[90.35863,23.769596],[90.35887,23.770028],[90.359115,23.770457],[90.359366,23.770882],[90.359621,23.771304],[90.359883,23.771723],[90.360149,23.772139],[90.36042,23.772551],[90.360697,23.77296],[90.360979,23.773365],[90.361771,23.773678],[90.362524,23.773976],[90.362526,23.773927],[90.36253,23.773676],[90.362642,23.773132],[90.362681,23.772787],[90.362744,23.772734],[90.36286,23.772625],[90.362936,23.772531],[90.363016,23.77207],[90.363481,23.771615],[90.363626,23.771342],[90.363676,23.77121],[90.363701,23.771121],[90.363677,23.770922],[90.363544,23.7706],[90.363524,23.770017],[90.363686,23.769446],[90.363935,23.768944],[90.364148,23.768437],[90.36433,23.767924],[90.364437,23.767725],[90.364469,23.767449],[90.364473,23.767009],[90.364622,23.766544],[90.364833,23.765879],[90.365469,23.764456],[90.362034,23.763328],[90.360356,23.762882],[90.358996,23.76244]]]}},{"type":"Feature","properties":{"Ward_Name":"DCC North W-30","Exposure":0.60634958,"Sensitivity":0.84865531,"Adaptive_Capacity":-0.35899896,"Exposure_s":0.69147564,"Sensitivity_s":0.54008785,"Adaptive_s":0.1069761,"HVI_raw":0.36722667,"HVI":0.82790733,"HVI_Class":"Very High","Rank":8.0,"Corporation":"DNCC","Area_m2":1644360.02580219,"LST_mean":33.41973887,"Road_Density":24.84,"industry%":0.0,"Pop_Density":220134.53125,"SVF_mean":0.60861552,"Poverty_HCR":9.8,"build_km2":3412.024,"informal%":24.57,"NDBI_media":0.04395008,"Green%":0.1,"Blue%":0.119,"Hosp_count":3.0,"NTL_median":19.98916626,"unit_id":"DCC North W-30","name":"DCC North W-30","imputed":[],"center":[90.352407,23.771801]},"geometry":{"type":"Polygon","coordinates":[[[90.354203,23.776005],[90.354314,23.775999],[90.354536,23.776057],[90.35476,23.776108],[90.354985,23.776152],[90.355212,23.77619],[90.355439,23.77622],[90.355668,23.776243],[90.355919,23.776244],[90.356169,23.776252],[90.35642,23.776268],[90.35667,23.776291],[90.356788,23.776318],[90.356905,23.77635],[90.35722,23.776359],[90.357335,23.776418],[90.357453,23.776473],[90.357572,23.776522],[90.357694,23.776565],[90.357818,23.776603],[90.35825,23.776757],[90.358681,23.776917],[90.358769,23.776951],[90.359109,23.777082],[90.359211,23.77706],[90.359313,23.777034],[90.359413,23.777003],[90.359512,23.776967],[90.359609,23.776927],[90.359742,23.77692],[90.359875,23.77692],[90.360008,23.776926],[90.360141,23.776938],[90.360273,23.776957],[90.360404,23.776982],[90.360534,23.777014],[90.360661,23.777051],[90.360787,23.777095],[90.360911,23.777144],[90.360977,23.777169],[90.361045,23.777188],[90.361114,23.777202],[90.361184,23.777209],[90.361254,23.77721],[90.361324,23.777205],[90.361393,23.777194],[90.361462,23.777177],[90.361529,23.777149],[90.361598,23.777128],[90.361669,23.777112],[90.361741,23.777103],[90.361814,23.777099],[90.361887,23.777103],[90.36193,23.777181],[90.361978,23.777257],[90.361978,23.777258],[90.36203,23.77733],[90.362086,23.7774],[90.363419,23.776509],[90.364689,23.775661],[90.365553,23.77498],[90.365439,23.774939],[90.365298,23.774888],[90.365019,23.774793],[90.364738,23.774704],[90.364455,23.77462],[90.364171,23.774541],[90.363886,23.774468],[90.363599,23.774401],[90.36277,23.774073],[90.361771,23.773678],[90.360979,23.773365],[90.360697,23.77296],[90.36042,23.772551],[90.360149,23.772139],[90.359883,23.771723],[90.359621,23.771304],[90.359366,23.770882],[90.359115,23.770457],[90.35887,23.770028],[90.35863,23.769596],[90.358587,23.769343],[90.358551,23.769088],[90.358521,23.768832],[90.358499,23.768576],[90.358483,23.768319],[90.358475,23.768061],[90.358473,23.767804],[90.358479,23.767547],[90.358492,23.767289],[90.358511,23.767033],[90.358538,23.766777],[90.358588,23.766176],[90.358312,23.766113],[90.357853,23.766091],[90.357743,23.766125],[90.35764,23.766195],[90.35753,23.766243],[90.357397,23.766319],[90.357263,23.766374],[90.357083,23.766414],[90.356856,23.766482],[90.356676,23.766536],[90.356497,23.766548],[90.356318,23.766544],[90.356209,23.766543],[90.356092,23.766526],[90.355929,23.766516],[90.355859,23.766501],[90.355766,23.766478],[90.355673,23.766455],[90.355604,23.76641],[90.355505,23.766337],[90.355405,23.766271],[90.355282,23.76619],[90.35515,23.766152],[90.355018,23.766135],[90.354863,23.766133],[90.354536,23.766128],[90.354318,23.766125],[90.35399,23.766155],[90.353782,23.766087],[90.353658,23.766013],[90.353287,23.765906],[90.352603,23.765859],[90.352308,23.765818],[90.352153,23.765758],[90.352093,23.765678],[90.351939,23.765568],[90.351808,23.765537],[90.351637,23.765498],[90.351576,23.765426],[90.351422,23.765337],[90.351205,23.765319],[90.351166,23.765333],[90.351148,23.765329],[90.35078,23.765245],[90.350413,23.765155],[90.350047,23.765059],[90.349755,23.764976],[90.349732,23.765029],[90.349683,23.765114],[90.349635,23.765213],[90.349585,23.765356],[90.349504,23.765505],[90.34949,23.765834],[90.349386,23.765975],[90.349314,23.766046],[90.349164,23.766151],[90.349029,23.766313],[90.348949,23.766419],[90.348757,23.766638],[90.348639,23.766715],[90.348575,23.766778],[90.348527,23.766842],[90.348438,23.767027],[90.348402,23.767248],[90.348423,23.767406],[90.348467,23.767514],[90.348566,23.767602],[90.348675,23.767625],[90.348792,23.76762],[90.348941,23.767565],[90.349012,23.767517],[90.349161,23.767455],[90.349295,23.767378],[90.349459,23.767352],[90.349614,23.767391],[90.349729,23.767457],[90.349782,23.767558],[90.349823,23.767817],[90.349806,23.76791],[90.349733,23.768038],[90.349646,23.768129],[90.349535,23.768192],[90.349378,23.768268],[90.349269,23.768295],[90.349113,23.768306],[90.348917,23.768353],[90.348728,23.768479],[90.348561,23.768641],[90.348425,23.768796],[90.34822,23.76895],[90.34811,23.768998],[90.347557,23.768996],[90.347363,23.769],[90.347266,23.769163],[90.3471,23.769289],[90.347047,23.769589],[90.346999,23.769667],[90.34692,23.769723],[90.346816,23.769836],[90.346716,23.769813],[90.346499,23.769737],[90.346351,23.769728],[90.346118,23.769731],[90.345946,23.769764],[90.345773,23.769825],[90.345708,23.769967],[90.345629,23.770045],[90.345512,23.770028],[90.345412,23.769984],[90.34536,23.769854],[90.345357,23.769776],[90.345338,23.76995],[90.345224,23.770376],[90.344839,23.771375],[90.34471,23.772293],[90.344625,23.772627],[90.34459,23.772767],[90.344624,23.772784],[90.344693,23.772813],[90.344764,23.772837],[90.344837,23.772855],[90.344912,23.772867],[90.344987,23.772873],[90.345062,23.772873],[90.345137,23.772867],[90.345211,23.772855],[90.345284,23.772837],[90.345316,23.772826],[90.345346,23.772815],[90.34541,23.772799],[90.345475,23.77279],[90.345541,23.772787],[90.345606,23.772791],[90.345671,23.772803],[90.345735,23.77282],[90.345796,23.772845],[90.345854,23.772875],[90.345909,23.772912],[90.345958,23.772985],[90.346001,23.773062],[90.346039,23.773142],[90.34607,23.773225],[90.346094,23.773309],[90.346112,23.773396],[90.346124,23.773483],[90.346128,23.773571],[90.346126,23.77366],[90.346117,23.773747],[90.34611,23.773803],[90.346109,23.773859],[90.346116,23.773914],[90.346129,23.773968],[90.346149,23.77402],[90.346175,23.77407],[90.346206,23.774115],[90.346244,23.774157],[90.346286,23.774194],[90.346332,23.774225],[90.346382,23.77425],[90.346489,23.774273],[90.346598,23.774291],[90.346707,23.774302],[90.346817,23.774307],[90.346926,23.774306],[90.347036,23.774299],[90.347145,23.774286],[90.347253,23.774267],[90.34736,23.774241],[90.347502,23.774344],[90.347641,23.774452],[90.347776,23.774564],[90.347907,23.774681],[90.348034,23.774802],[90.348157,23.774927],[90.348275,23.775057],[90.348389,23.77519],[90.348533,23.775326],[90.348671,23.775467],[90.348804,23.775612],[90.348932,23.775763],[90.349055,23.775917],[90.349172,23.776076],[90.349208,23.7761],[90.349211,23.776101],[90.349247,23.776118],[90.349288,23.776129],[90.349331,23.776134],[90.349374,23.776132],[90.349416,23.776124],[90.349457,23.776109],[90.349495,23.776088],[90.349529,23.776062],[90.3496,23.776025],[90.34963,23.776013],[90.349675,23.775994],[90.349751,23.77597],[90.34983,23.775951],[90.349909,23.775939],[90.349989,23.775933],[90.35007,23.775934],[90.350121,23.77594],[90.350172,23.775952],[90.35022,23.77597],[90.350266,23.775993],[90.350309,23.776023],[90.350348,23.776057],[90.350383,23.776095],[90.350412,23.776138],[90.350437,23.776183],[90.350456,23.776231],[90.350468,23.776282],[90.350478,23.776415],[90.350481,23.776549],[90.350477,23.776683],[90.350466,23.776817],[90.350447,23.77695],[90.350422,23.777081],[90.350422,23.777081],[90.35039,23.777211],[90.350351,23.777339],[90.350305,23.777465],[90.35028,23.777511],[90.350262,23.77756],[90.35025,23.777611],[90.350245,23.777663],[90.350248,23.777715],[90.350257,23.777766],[90.350274,23.777816],[90.350297,23.777862],[90.350326,23.777906],[90.350386,23.777978],[90.350451,23.778047],[90.35052,23.778112],[90.350593,23.778171],[90.35067,23.778226],[90.350751,23.778275],[90.350834,23.778319],[90.350887,23.778315],[90.350939,23.778305],[90.350989,23.778289],[90.351036,23.778267],[90.351081,23.778239],[90.351318,23.778151],[90.351556,23.778068],[90.351797,23.777991],[90.352039,23.77792],[90.352095,23.777907],[90.352149,23.777886],[90.352199,23.777859],[90.352247,23.777827],[90.35229,23.777789],[90.352328,23.777745],[90.352361,23.777698],[90.352387,23.777647],[90.352408,23.777593],[90.352398,23.777497],[90.352393,23.777401],[90.352393,23.777358],[90.352393,23.777305],[90.352511,23.77718],[90.352625,23.777052],[90.352735,23.77692],[90.352765,23.776881],[90.352841,23.776785],[90.352943,23.776647],[90.353019,23.776565],[90.353099,23.776488],[90.353183,23.776415],[90.353211,23.776394],[90.353272,23.776348],[90.353365,23.776286],[90.353461,23.776229],[90.35356,23.776179],[90.353639,23.776144],[90.353662,23.776134],[90.353747,23.776103],[90.353767,23.776096],[90.353874,23.776063],[90.353982,23.776038],[90.354092,23.776018],[90.354203,23.776005]]]}},{"type":"Feature","properties":{"Ward_Name":"DCC North W-31","Exposure":0.57074769,"Sensitivity":-0.1470258,"Adaptive_Capacity":-0.1149995,"Exposure_s":0.6816359,"Sensitivity_s":0.31969661,"Adaptive_s":0.20308501,"HVI_raw":0.25029882,"HVI":0.66204197,"HVI_Class":"High","Rank":57.0,"Corporation":"DNCC","Area_m2":576572.60287479,"LST_mean":32.98816003,"Road_Density":38.19,"industry%":0.0,"Pop_Density":70223.43263601,"SVF_mean":0.58915185,"Poverty_HCR":4.6,"build_km2":3216.958,"informal%":0.77,"NDBI_media":0.02872488,"Green%":0.449,"Blue%":1.044,"Hosp_count":4.0,"NTL_median":24.67749977,"unit_id":"DCC North W-31","name":"DCC North W-31","imputed":[],"center":[90.362266,23.759307]},"geometry":{"type":"Polygon","coordinates":[[[90.364471,23.754276],[90.363417,23.755195],[90.361759,23.756666],[90.360974,23.756682],[90.360481,23.75733],[90.359466,23.758447],[90.359313,23.7586],[90.359005,23.759431],[90.358666,23.760135],[90.358633,23.760786],[90.358671,23.76084],[90.358748,23.760889],[90.358819,23.760938],[90.358876,23.760993],[90.358925,23.761113],[90.358923,23.76122],[90.358875,23.761351],[90.358815,23.761445],[90.358669,23.761592],[90.358616,23.761657],[90.358523,23.761769],[90.358502,23.762303],[90.358996,23.76244],[90.360356,23.762882],[90.362034,23.763328],[90.365469,23.764456],[90.365686,23.763973],[90.365788,23.763552],[90.365847,23.763323],[90.365943,23.763196],[90.366045,23.763133],[90.366098,23.762855],[90.366181,23.762591],[90.366254,23.76242],[90.366264,23.76232],[90.366242,23.762263],[90.366149,23.762218],[90.365629,23.762145],[90.364971,23.76199],[90.364676,23.761921],[90.364649,23.761741],[90.365071,23.760516],[90.365287,23.759803],[90.365355,23.759546],[90.36542,23.759404],[90.365476,23.759348],[90.365607,23.759379],[90.365845,23.759533],[90.365985,23.759557],[90.366125,23.75956],[90.36626,23.759411],[90.366801,23.757708],[90.366953,23.757116],[90.366948,23.756973],[90.366513,23.756894],[90.366165,23.756816],[90.366025,23.756785],[90.365972,23.756713],[90.366091,23.756043],[90.366075,23.756022],[90.365884,23.756007],[90.365787,23.756005],[90.365703,23.755986],[90.365684,23.755929],[90.365697,23.755803],[90.365648,23.755161],[90.365647,23.754907],[90.365619,23.754838],[90.365203,23.754729],[90.364813,23.754576],[90.364471,23.754276]]]}},{"type":"Feature","properties":{"Ward_Name":"DCC North W-32","Exposure":0.52409101,"Sensitivity":-0.40461016,"Adaptive_Capacity":0.85744352,"Exposure_s":0.66874081,"Sensitivity_s":0.26268103,"Adaptive_s":0.58612044,"HVI_raw":0.09675969,"HVI":0.44424251,"HVI_Class":"Moderate","Rank":104.0,"Corporation":"DNCC","Area_m2":1474750.24876711,"LST_mean":32.26032605,"Road_Density":28.57,"industry%":0.0,"Pop_Density":251998.046875,"SVF_mean":0.604581,"Poverty_HCR":4.5,"build_km2":2162.478,"informal%":4.2,"NDBI_media":-4.662e-05,"Green%":7.142,"Blue%":0.172,"Hosp_count":15.0,"NTL_median":27.61000061,"unit_id":"DCC North W-32","name":"DCC North W-32","imputed":[],"center":[90.368421,23.763482]},"geometry":{"type":"Polygon","coordinates":[[[90.373039,23.760137],[90.374034,23.758377],[90.374381,23.757763],[90.374909,23.756896],[90.375199,23.756419],[90.374729,23.756141],[90.374261,23.755858],[90.373796,23.75557],[90.373335,23.755277],[90.372876,23.75498],[90.372426,23.754643],[90.371973,23.754311],[90.371516,23.753984],[90.370228,23.753252],[90.368938,23.752523],[90.367647,23.751797],[90.367588,23.751873],[90.367526,23.751947],[90.367461,23.752018],[90.367445,23.752059],[90.367423,23.752098],[90.367396,23.752133],[90.367365,23.752165],[90.36733,23.752192],[90.367293,23.752214],[90.367292,23.752215],[90.367283,23.752218],[90.365667,23.753598],[90.365413,23.753838],[90.365158,23.754113],[90.364994,23.75416],[90.364815,23.754157],[90.364636,23.754133],[90.364471,23.754276],[90.364813,23.754576],[90.365203,23.754729],[90.365619,23.754838],[90.365647,23.754907],[90.365648,23.755161],[90.365697,23.755803],[90.365684,23.755929],[90.365703,23.755986],[90.365787,23.756005],[90.365884,23.756007],[90.366075,23.756022],[90.366091,23.756043],[90.365972,23.756713],[90.366025,23.756785],[90.366165,23.756816],[90.366513,23.756894],[90.366948,23.756973],[90.366953,23.757116],[90.366801,23.757708],[90.36626,23.759411],[90.366125,23.75956],[90.365985,23.759557],[90.365845,23.759533],[90.365607,23.759379],[90.365476,23.759348],[90.36542,23.759404],[90.365355,23.759546],[90.365287,23.759803],[90.365071,23.760516],[90.364649,23.761741],[90.364676,23.761921],[90.364971,23.76199],[90.365629,23.762145],[90.366149,23.762218],[90.366242,23.762263],[90.366264,23.76232],[90.366254,23.76242],[90.366181,23.762591],[90.366098,23.762855],[90.366045,23.763133],[90.365943,23.763196],[90.365847,23.763323],[90.365788,23.763552],[90.365686,23.763973],[90.365469,23.764456],[90.364833,23.765879],[90.364622,23.766544],[90.364473,23.767009],[90.364469,23.767449],[90.364437,23.767725],[90.36433,23.767924],[90.364148,23.768437],[90.363935,23.768944],[90.363686,23.769446],[90.363524,23.770017],[90.363544,23.7706],[90.363677,23.770922],[90.363701,23.771121],[90.363676,23.77121],[90.363626,23.771342],[90.363481,23.771615],[90.363016,23.77207],[90.362936,23.772531],[90.36286,23.772625],[90.362744,23.772734],[90.362681,23.772787],[90.362642,23.773132],[90.36253,23.773676],[90.362526,23.773927],[90.362524,23.773976],[90.36277,23.774073],[90.363599,23.774401],[90.363886,23.774468],[90.364171,23.774541],[90.364455,23.77462],[90.364738,23.774704],[90.365019,23.774793],[90.365298,23.774888],[90.365439,23.774939],[90.365553,23.77498],[90.365712,23.774855],[90.366697,23.773847],[90.366818,23.773707],[90.366934,23.773563],[90.367045,23.773415],[90.367054,23.773401],[90.36715,23.773262],[90.367249,23.773106],[90.367312,23.772997],[90.367342,23.772946],[90.367429,23.772782],[90.367509,23.772616],[90.367583,23.772446],[90.367635,23.772315],[90.367651,23.772274],[90.367712,23.772099],[90.367766,23.771923],[90.367814,23.771744],[90.368148,23.770906],[90.368888,23.769049],[90.369097,23.768524],[90.369238,23.768171],[90.370552,23.76471],[90.370758,23.764166],[90.371165,23.763185],[90.372382,23.761143],[90.372787,23.760523],[90.373039,23.760137]]]}},{"type":"Feature","properties":{"Ward_Name":"DCC North W-33","Exposure":0.82288758,"Sensitivity":0.1078915,"Adaptive_Capacity":-0.33896573,"Exposure_s":0.75132296,"Sensitivity_s":0.37612185,"Adaptive_s":0.11486699,"HVI_raw":0.32128689,"HVI":0.76274049,"HVI_Class":"High","Rank":23.0,"Corporation":"DNCC","Area_m2":5098168.87866198,"LST_mean":33.12902624,"Road_Density":24.19,"industry%":0.196,"Pop_Density":388014.55932617,"SVF_mean":0.63215293,"Poverty_HCR":6.4,"build_km2":2476.124,"informal%":13.33,"NDBI_media":0.02611525,"Green%":3.55,"Blue%":1.679,"Hosp_count":3.0,"NTL_median":15.38583374,"unit_id":"DCC North W-33","name":"DCC North W-33","imputed":[],"center":[90.347413,23.758318]},"geometry":{"type":"Polygon","coordinates":[[[90.34392,23.768925],[90.343997,23.769098],[90.344029,23.769216],[90.344054,23.769335],[90.344073,23.769456],[90.344084,23.769578],[90.344088,23.7697],[90.344084,23.769822],[90.344074,23.769943],[90.344057,23.770064],[90.344032,23.770184],[90.344001,23.770302],[90.343963,23.770418],[90.343918,23.770531],[90.343866,23.770642],[90.343808,23.77075],[90.343744,23.770854],[90.343674,23.770954],[90.343599,23.771049],[90.343517,23.771141],[90.343431,23.771227],[90.34334,23.771308],[90.343244,23.771384],[90.343144,23.771453],[90.34304,23.771517],[90.342255,23.772078],[90.342613,23.772373],[90.342617,23.772375],[90.342732,23.772421],[90.342964,23.772402],[90.343196,23.772384],[90.34325,23.772379],[90.343687,23.772338],[90.343919,23.772358],[90.344022,23.772404],[90.344066,23.772426],[90.344122,23.772455],[90.34422,23.772511],[90.344314,23.772572],[90.344406,23.772639],[90.344493,23.772709],[90.344557,23.772749],[90.34459,23.772767],[90.344625,23.772627],[90.34471,23.772293],[90.344839,23.771375],[90.345224,23.770376],[90.345338,23.76995],[90.345357,23.769776],[90.345357,23.769776],[90.34536,23.769854],[90.345412,23.769984],[90.345512,23.770028],[90.345629,23.770045],[90.345708,23.769967],[90.345773,23.769825],[90.345946,23.769764],[90.346118,23.769731],[90.346351,23.769728],[90.346499,23.769737],[90.346716,23.769813],[90.346816,23.769836],[90.34692,23.769723],[90.346999,23.769667],[90.347047,23.769589],[90.3471,23.769289],[90.347266,23.769163],[90.347363,23.769],[90.347557,23.768996],[90.34811,23.768998],[90.34822,23.76895],[90.348425,23.768796],[90.348561,23.768641],[90.348728,23.768479],[90.348917,23.768353],[90.349113,23.768306],[90.349269,23.768295],[90.349378,23.768268],[90.349535,23.768192],[90.349646,23.768129],[90.349733,23.768038],[90.349806,23.76791],[90.349823,23.767817],[90.349782,23.767558],[90.349729,23.767457],[90.349614,23.767391],[90.349459,23.767352],[90.349295,23.767378],[90.349161,23.767455],[90.349012,23.767517],[90.348941,23.767565],[90.348792,23.76762],[90.348675,23.767625],[90.348566,23.767602],[90.348467,23.767514],[90.348423,23.767406],[90.348402,23.767248],[90.348438,23.767027],[90.348527,23.766842],[90.348575,23.766778],[90.348639,23.766715],[90.348757,23.766638],[90.348949,23.766419],[90.349029,23.766313],[90.349164,23.766151],[90.349314,23.766046],[90.349386,23.765975],[90.34949,23.765834],[90.349504,23.765505],[90.349585,23.765356],[90.349635,23.765213],[90.349683,23.765114],[90.349732,23.765029],[90.349755,23.764976],[90.350047,23.765059],[90.350413,23.765155],[90.35078,23.765245],[90.351148,23.765329],[90.351166,23.765333],[90.351205,23.765319],[90.351422,23.765337],[90.351576,23.765426],[90.351637,23.765498],[90.351808,23.765537],[90.351939,23.765568],[90.352093,23.765678],[90.352153,23.765758],[90.352308,23.765818],[90.352603,23.765859],[90.353287,23.765906],[90.353658,23.766013],[90.353782,23.766087],[90.35399,23.766155],[90.354318,23.766125],[90.354536,23.766128],[90.354863,23.766133],[90.355018,23.766135],[90.35515,23.766152],[90.355282,23.76619],[90.355405,23.766271],[90.355505,23.766337],[90.355604,23.76641],[90.355673,23.766455],[90.355766,23.766478],[90.355859,23.766501],[90.355929,23.766516],[90.356092,23.766526],[90.356209,23.766543],[90.356318,23.766544],[90.356497,23.766548],[90.356676,23.766536],[90.356856,23.766482],[90.357083,23.766414],[90.357263,23.766374],[90.357397,23.766319],[90.35753,23.766243],[90.35764,23.766195],[90.357743,23.766125],[90.357853,23.766091],[90.358312,23.766113],[90.358588,23.766176],[90.358902,23.762437],[90.358501,23.762339],[90.358502,23.762303],[90.358523,23.761769],[90.358616,23.761657],[90.358669,23.761592],[90.358815,23.761445],[90.358875,23.761351],[90.358923,23.76122],[90.358925,23.761113],[90.358876,23.760993],[90.358819,23.760938],[90.358748,23.760889],[90.358671,23.76084],[90.358633,23.760786],[90.358666,23.760135],[90.359005,23.759431],[90.359313,23.7586],[90.359466,23.758447],[90.360481,23.75733],[90.360974,23.756682],[90.361759,23.756666],[90.363417,23.755195],[90.364471,23.754276],[90.364636,23.754133],[90.364615,23.754053],[90.364516,23.75393],[90.364266,23.753687],[90.363977,23.753374],[90.363556,23.75303],[90.363425,23.752956],[90.363339,23.752955],[90.363246,23.752953],[90.363145,23.752951],[90.36312,23.753037],[90.363071,23.753122],[90.362985,23.753135],[90.362893,23.753112],[90.362894,23.752646],[90.362855,23.752645],[90.362754,23.752644],[90.362677,23.752606],[90.362671,23.752513],[90.362642,23.752391],[90.362542,23.752339],[90.362248,23.75227],[90.362109,23.752217],[90.361978,23.752136],[90.361839,23.752098],[90.36159,23.752065],[90.361451,23.752055],[90.361373,23.752033],[90.361162,23.75187],[90.361017,23.751986],[90.3609,23.75202],[90.360679,23.752017],[90.360512,23.751978],[90.360201,23.751925],[90.360071,23.751934],[90.359823,23.752014],[90.359561,23.752165],[90.359416,23.75227],[90.359256,23.752482],[90.359059,23.752586],[90.358591,23.752661],[90.358239,23.752739],[90.357729,23.752921],[90.357325,23.753034],[90.356787,23.753323],[90.35594,23.7535],[90.355772,23.753497],[90.355357,23.75349],[90.354916,23.753482],[90.354618,23.753453],[90.353854,23.75338],[90.353465,23.753386],[90.35285,23.753202],[90.352769,23.753125],[90.352556,23.752853],[90.352426,23.752641],[90.352151,23.752359],[90.352074,23.75209],[90.352048,23.751803],[90.35197,23.751047],[90.351933,23.750856],[90.351822,23.750663],[90.351648,23.750555],[90.35133,23.750406],[90.351063,23.750239],[90.350899,23.750141],[90.350694,23.750023],[90.350581,23.749954],[90.350367,23.74975],[90.350349,23.749606],[90.35045,23.749254],[90.350516,23.749074],[90.350646,23.748809],[90.350856,23.748698],[90.350983,23.748547],[90.351132,23.748368],[90.351324,23.748104],[90.351307,23.747912],[90.351113,23.747794],[90.350874,23.74779],[90.350685,23.747892],[90.350601,23.747958],[90.350372,23.748001],[90.350545,23.747101],[90.350591,23.746744],[90.350647,23.746554],[90.350885,23.746307],[90.351092,23.746274],[90.350775,23.746165],[90.350729,23.746149],[90.350359,23.746029],[90.349986,23.745915],[90.349612,23.745808],[90.349235,23.745708],[90.349152,23.745991],[90.349063,23.746273],[90.348971,23.746553],[90.348738,23.746514],[90.348506,23.74647],[90.348276,23.74642],[90.348046,23.746364],[90.347819,23.746303],[90.347617,23.746245],[90.347522,23.74654],[90.347207,23.746925],[90.347076,23.746751],[90.347059,23.746588],[90.347063,23.746349],[90.347068,23.746149],[90.347079,23.746065],[90.347092,23.745977],[90.347055,23.745738],[90.346979,23.745393],[90.346862,23.745009],[90.346814,23.744826],[90.346727,23.744538],[90.346617,23.744341],[90.3463,23.743801],[90.345941,23.744075],[90.345223,23.744838],[90.344223,23.745899],[90.343297,23.747065],[90.342966,23.747482],[90.341146,23.748196],[90.339775,23.749261],[90.339319,23.749668],[90.337763,23.749641],[90.336149,23.749285],[90.333786,23.749065],[90.332845,23.749078],[90.331935,23.749182],[90.33063,23.749577],[90.329942,23.749924],[90.329868,23.75],[90.3298,23.750081],[90.329737,23.750167],[90.32968,23.750256],[90.329629,23.750349],[90.329583,23.750445],[90.329544,23.750544],[90.329512,23.750645],[90.329486,23.750747],[90.329467,23.750852],[90.329454,23.750957],[90.329449,23.751063],[90.32945,23.751169],[90.329458,23.751275],[90.329473,23.75138],[90.329495,23.751484],[90.329523,23.751586],[90.329558,23.751686],[90.329599,23.751784],[90.329647,23.751879],[90.3297,23.75197],[90.32976,23.752058],[90.329825,23.752142],[90.329895,23.752221],[90.33066,23.752891],[90.331681,23.753685],[90.333017,23.754962],[90.333835,23.7562],[90.335006,23.757623],[90.336021,23.758775],[90.337038,23.759778],[90.337174,23.759931],[90.337305,23.760089],[90.337431,23.760251],[90.337551,23.760417],[90.337665,23.760587],[90.337774,23.76076],[90.337877,23.760938],[90.337974,23.761118],[90.338065,23.761302],[90.338149,23.761489],[90.338227,23.761678],[90.338299,23.76187],[90.338364,23.762065],[90.338423,23.762261],[90.338475,23.762459],[90.338498,23.762644],[90.338527,23.762827],[90.338563,23.763009],[90.338606,23.76319],[90.338655,23.763369],[90.338711,23.763546],[90.338774,23.76372],[90.338843,23.763893],[90.338918,23.764062],[90.339,23.764229],[90.339088,23.764393],[90.339182,23.764553],[90.339282,23.764709],[90.339387,23.764862],[90.339499,23.765011],[90.339615,23.765155],[90.339737,23.765295],[90.339864,23.76543],[90.339996,23.765561],[90.340133,23.765686],[90.340275,23.765806],[90.34042,23.765921],[90.34057,23.766031],[90.340724,23.766135],[90.340882,23.766233],[90.341043,23.766325],[90.341221,23.766391],[90.341396,23.766464],[90.341568,23.766543],[90.341737,23.766629],[90.341903,23.766721],[90.342065,23.76682],[90.342223,23.766924],[90.342377,23.767035],[90.342527,23.767151],[90.342561,23.767179],[90.342672,23.767272],[90.342813,23.7674],[90.342949,23.767532],[90.343079,23.767669],[90.343204,23.767811],[90.343324,23.767958],[90.343439,23.76811],[90.343547,23.768265],[90.343649,23.768425],[90.343746,23.768588],[90.343836,23.768755],[90.34392,23.768925]]]}},{"type":"Feature","properties":{"Ward_Name":"DCC North W-34","Exposure":0.34256742,"Sensitivity":0.05859217,"Adaptive_Capacity":-0.41767947,"Exposure_s":0.61857086,"Sensitivity_s":0.36520958,"Adaptive_s":0.08386245,"HVI_raw":0.2887233,"HVI":0.71654815,"HVI_Class":"High","Rank":44.0,"Corporation":"DNCC","Area_m2":775299.26807923,"LST_mean":32.82075567,"Road_Density":28.89,"industry%":0.0,"Pop_Density":79733.55226784,"SVF_mean":0.5855427,"Poverty_HCR":3.2,"build_km2":3558.241,"informal%":10.15,"NDBI_media":0.03508798,"Green%":0.608,"Blue%":0.217,"Hosp_count":2.0,"NTL_median":19.97458363,"unit_id":"DCC North W-34","name":"DCC North W-34","imputed":[],"center":[90.36536,23.747563]},"geometry":{"type":"Polygon","coordinates":[[[90.363907,23.745619],[90.363895,23.745621],[90.363793,23.745629],[90.36369,23.745631],[90.363587,23.745626],[90.363485,23.745615],[90.363384,23.745598],[90.362986,23.745516],[90.362588,23.745429],[90.362192,23.745337],[90.362074,23.745308],[90.362094,23.747417],[90.362112,23.747598],[90.362124,23.747779],[90.362128,23.747961],[90.362125,23.748143],[90.362116,23.748324],[90.362099,23.748505],[90.362076,23.748686],[90.362046,23.748865],[90.362009,23.749043],[90.361965,23.749219],[90.361914,23.749394],[90.361857,23.749567],[90.361793,23.749737],[90.361722,23.749904],[90.361645,23.750069],[90.361562,23.750231],[90.361473,23.750389],[90.361378,23.750544],[90.361277,23.750696],[90.36117,23.750843],[90.36121,23.75144],[90.361178,23.751762],[90.361162,23.75187],[90.361373,23.752033],[90.361451,23.752055],[90.36159,23.752065],[90.361839,23.752098],[90.361978,23.752136],[90.362109,23.752217],[90.362248,23.75227],[90.362542,23.752339],[90.362642,23.752391],[90.362671,23.752513],[90.362677,23.752606],[90.362754,23.752644],[90.362855,23.752645],[90.362894,23.752646],[90.362893,23.753112],[90.362985,23.753135],[90.363071,23.753122],[90.36312,23.753037],[90.363145,23.752951],[90.363246,23.752953],[90.363339,23.752955],[90.363425,23.752956],[90.363556,23.75303],[90.363977,23.753374],[90.364266,23.753687],[90.364516,23.75393],[90.364615,23.754053],[90.364636,23.754133],[90.364815,23.754157],[90.364994,23.75416],[90.365158,23.754113],[90.365413,23.753838],[90.365667,23.753598],[90.367283,23.752218],[90.367292,23.752215],[90.367293,23.752214],[90.36733,23.752192],[90.367365,23.752165],[90.367396,23.752133],[90.367423,23.752098],[90.367445,23.752059],[90.367461,23.752018],[90.367526,23.751947],[90.367588,23.751873],[90.367647,23.751797],[90.367598,23.751766],[90.367326,23.751598],[90.366362,23.751164],[90.366299,23.751096],[90.366314,23.751004],[90.366368,23.750923],[90.366552,23.750662],[90.36696,23.750201],[90.367385,23.749805],[90.368426,23.747952],[90.368783,23.747327],[90.369086,23.747063],[90.369241,23.746926],[90.369595,23.746477],[90.370148,23.745733],[90.370639,23.744921],[90.371478,23.743633],[90.371482,23.743629],[90.371853,23.743211],[90.372221,23.742524],[90.372382,23.742265],[90.373081,23.741465],[90.373178,23.741293],[90.372631,23.741157],[90.372444,23.741154],[90.372298,23.74118],[90.372194,23.741216],[90.372129,23.741359],[90.372073,23.741549],[90.372039,23.741691],[90.371901,23.741832],[90.371701,23.741972],[90.371439,23.74213],[90.371271,23.742213],[90.371187,23.74225],[90.371083,23.742258],[90.370928,23.742246],[90.370804,23.742215],[90.370638,23.742202],[90.370492,23.742267],[90.370323,23.742417],[90.370215,23.742596],[90.370107,23.742833],[90.36998,23.742927],[90.369857,23.742887],[90.369796,23.74279],[90.369685,23.742654],[90.369645,23.742577],[90.369583,23.742538],[90.369314,23.742533],[90.369198,23.742589],[90.369012,23.742586],[90.368901,23.742421],[90.368734,23.742476],[90.368629,23.742522],[90.368494,23.742519],[90.368341,23.742383],[90.368189,23.742209],[90.367816,23.742183],[90.367308,23.742165],[90.366955,23.742187],[90.366633,23.742182],[90.366539,23.7422],[90.366538,23.742773],[90.366499,23.743183],[90.366422,23.743511],[90.366322,23.743455],[90.365911,23.743362],[90.36539,23.743375],[90.365296,23.743358],[90.3652,23.743348],[90.365105,23.743344],[90.365009,23.743348],[90.364914,23.743359],[90.36482,23.743377],[90.364728,23.743401],[90.364638,23.743432],[90.36455,23.74347],[90.364465,23.743514],[90.364383,23.743564],[90.364306,23.74362],[90.364233,23.743682],[90.364164,23.743748],[90.364101,23.74382],[90.364043,23.743896],[90.36399,23.743976],[90.363944,23.744059],[90.363901,23.745406],[90.363907,23.745619]]]}},{"type":"Feature","properties":{"Ward_Name":"DCC North W-35","Exposure":-0.0316334,"Sensitivity":-0.36326535,"Adaptive_Capacity":0.71965128,"Exposure_s":0.51514829,"Sensitivity_s":0.27183259,"Adaptive_s":0.53184548,"HVI_raw":0.07334296,"HVI":0.41102525,"HVI_Class":"Moderate","Rank":110.0,"Corporation":"DNCC","Area_m2":1311331.92371292,"LST_mean":32.16317821,"Road_Density":26.14,"industry%":0.02,"Pop_Density":118466.44858651,"SVF_mean":0.68827113,"Poverty_HCR":4.8,"build_km2":2340.262,"informal%":3.59,"NDBI_media":0.00022438,"Green%":6.239,"Blue%":16.015,"Hosp_count":4.0,"NTL_median":26.14541626,"unit_id":"DCC North W-35","name":"DCC North W-35","imputed":[],"center":[90.404966,23.753008]},"geometry":{"type":"Polygon","coordinates":[[[90.407492,23.754055],[90.407762,23.754031],[90.408122,23.75419],[90.408297,23.754241],[90.408805,23.754268],[90.409676,23.754331],[90.410025,23.754528],[90.41105,23.75465],[90.410253,23.752984],[90.410167,23.752581],[90.411153,23.752607],[90.411652,23.75253],[90.412086,23.752661],[90.412343,23.752771],[90.412859,23.752894],[90.413006,23.75281],[90.413102,23.752678],[90.413144,23.75265],[90.413218,23.752613],[90.413269,23.752633],[90.413299,23.752691],[90.413297,23.752806],[90.413368,23.752912],[90.413481,23.752933],[90.413941,23.752769],[90.414108,23.752733],[90.41416,23.752744],[90.41425,23.752908],[90.414269,23.752965],[90.414371,23.753053],[90.414516,23.753113],[90.414641,23.753086],[90.414691,23.753077],[90.413809,23.751582],[90.412953,23.750112],[90.412903,23.750003],[90.412781,23.74974],[90.412706,23.749752],[90.411498,23.749945],[90.410216,23.750152],[90.408934,23.750364],[90.408683,23.750003],[90.408576,23.749845],[90.408436,23.749638],[90.408194,23.749271],[90.407956,23.748901],[90.407872,23.748934],[90.407785,23.748968],[90.407613,23.749028],[90.407437,23.749083],[90.407261,23.74913],[90.407082,23.749172],[90.406902,23.749206],[90.406721,23.749234],[90.406539,23.749255],[90.406356,23.74927],[90.406173,23.749278],[90.40599,23.749279],[90.405807,23.749273],[90.405624,23.74926],[90.405442,23.749241],[90.40526,23.749215],[90.40508,23.749183],[90.404901,23.749143],[90.403787,23.748739],[90.403412,23.748605],[90.403067,23.748482],[90.402671,23.748341],[90.401553,23.74795],[90.400432,23.747566],[90.399721,23.747337],[90.399007,23.747114],[90.398292,23.746898],[90.397574,23.746689],[90.396855,23.746486],[90.396133,23.746289],[90.39541,23.7461],[90.394686,23.745917],[90.394586,23.746246],[90.39448,23.746573],[90.39437,23.746899],[90.394255,23.747223],[90.394134,23.747546],[90.393941,23.74809],[90.393937,23.748103],[90.393735,23.748659],[90.39353,23.749213],[90.39332,23.749766],[90.393199,23.749811],[90.393076,23.749852],[90.393298,23.750053],[90.393699,23.75016],[90.39554,23.750672],[90.396949,23.751278],[90.39698,23.751291],[90.397801,23.751728],[90.398459,23.752135],[90.399709,23.752974],[90.400149,23.753242],[90.40075,23.753545],[90.401041,23.753777],[90.40185,23.754241],[90.402255,23.755996],[90.40304,23.756644],[90.403091,23.756786],[90.403174,23.757314],[90.4034,23.757885],[90.403605,23.758207],[90.404307,23.758849],[90.404883,23.759142],[90.4061,23.759951],[90.406903,23.759376],[90.407424,23.759012],[90.407457,23.758401],[90.407213,23.757614],[90.407434,23.755401],[90.407492,23.754055]]]}},{"type":"Feature","properties":{"Ward_Name":"DCC North W-36","Exposure":0.24862579,"Sensitivity":-0.00320086,"Adaptive_Capacity":0.42599741,"Exposure_s":0.59260703,"Sensitivity_s":0.35153186,"Adaptive_s":0.4161782,"HVI_raw":0.16446143,"HVI":0.5402793,"HVI_Class":"Moderate","Rank":87.0,"Corporation":"DNCC","Area_m2":800666.97504294,"LST_mean":33.03465876,"Road_Density":30.85,"industry%":0.001,"Pop_Density":135256.8984375,"SVF_mean":0.70916064,"Poverty_HCR":4.8,"build_km2":2975.26,"informal%":9.79,"NDBI_media":0.02290815,"Green%":5.61,"Blue%":14.709,"Hosp_count":0.0,"NTL_median":28.83166695,"unit_id":"DCC North W-36","name":"DCC North W-36","imputed":[],"center":[90.412438,23.757924]},"geometry":{"type":"Polygon","coordinates":[[[90.414691,23.753077],[90.414641,23.753086],[90.414516,23.753113],[90.414371,23.753053],[90.414269,23.752965],[90.41425,23.752908],[90.41416,23.752744],[90.414108,23.752733],[90.413941,23.752769],[90.413481,23.752933],[90.413368,23.752912],[90.413297,23.752806],[90.413299,23.752691],[90.413269,23.752633],[90.413218,23.752613],[90.413144,23.75265],[90.413102,23.752678],[90.413006,23.75281],[90.412859,23.752894],[90.412343,23.752771],[90.412086,23.752661],[90.411652,23.75253],[90.411153,23.752607],[90.410167,23.752581],[90.410253,23.752984],[90.41105,23.75465],[90.410025,23.754528],[90.409676,23.754331],[90.408805,23.754268],[90.408297,23.754241],[90.408122,23.75419],[90.407762,23.754031],[90.407492,23.754055],[90.407434,23.755401],[90.407213,23.757614],[90.407457,23.758401],[90.407424,23.759012],[90.406903,23.759376],[90.4061,23.759951],[90.406149,23.759984],[90.40715,23.760876],[90.408364,23.761983],[90.409462,23.763111],[90.409813,23.763572],[90.410242,23.763151],[90.410646,23.762762],[90.410861,23.762507],[90.411547,23.762067],[90.411733,23.762106],[90.41187,23.762259],[90.411932,23.762282],[90.412118,23.762313],[90.412258,23.762309],[90.412485,23.762248],[90.413196,23.762109],[90.413455,23.762021],[90.413558,23.761951],[90.413537,23.761434],[90.413477,23.761297],[90.413448,23.761218],[90.413457,23.761132],[90.413546,23.760976],[90.413588,23.760783],[90.41367,23.760584],[90.413708,23.758285],[90.416438,23.758374],[90.416734,23.758407],[90.41695,23.758504],[90.417111,23.758593],[90.417281,23.758653],[90.417476,23.75867],[90.417907,23.758642],[90.417974,23.758674],[90.417726,23.758235],[90.416585,23.756306],[90.416341,23.755894],[90.414994,23.75359],[90.414691,23.753077]]]}},{"type":"Feature","properties":{"Ward_Name":"DCC North W-37","Exposure":-0.17217466,"Sensitivity":-0.4696741,"Adaptive_Capacity":0.16056387,"Exposure_s":0.47630514,"Sensitivity_s":0.24827931,"Adaptive_s":0.31162663,"HVI_raw":0.12715227,"HVI":0.48735522,"HVI_Class":"Moderate","Rank":96.0,"Corporation":"DNCC","Area_m2":5377769.12430608,"LST_mean":31.87335424,"Road_Density":15.97,"industry%":0.451,"Pop_Density":288217.88903809,"SVF_mean":0.77010085,"Poverty_HCR":7.4,"build_km2":1423.214,"informal%":5.51,"NDBI_media":-0.03439409,"Green%":11.926,"Blue%":9.406,"Hosp_count":3.0,"NTL_median":14.64833355,"unit_id":"DCC North W-37","name":"DCC North W-37","imputed":[],"center":[90.442048,23.769421]},"geometry":{"type":"Polygon","coordinates":[[[90.442691,23.776783],[90.444521,23.774795],[90.448037,23.774824],[90.448543,23.77479],[90.450743,23.773447],[90.451846,23.772785],[90.453329,23.771555],[90.45544,23.771429],[90.457488,23.771242],[90.459478,23.771328],[90.460074,23.769882],[90.460567,23.768689],[90.461307,23.767012],[90.462412,23.764875],[90.462879,23.764219],[90.46318,23.763383],[90.465592,23.762033],[90.465598,23.76203],[90.465616,23.76202],[90.465609,23.762015],[90.465606,23.762016],[90.465518,23.762048],[90.465427,23.762073],[90.465334,23.762093],[90.465241,23.762105],[90.465147,23.762111],[90.465053,23.76211],[90.464959,23.762103],[90.464866,23.762089],[90.464773,23.762069],[90.464683,23.762042],[90.464595,23.762009],[90.464509,23.76197],[90.464269,23.761746],[90.464032,23.761517],[90.463898,23.761382],[90.4638,23.761284],[90.463572,23.761047],[90.463348,23.760805],[90.463129,23.76056],[90.463052,23.760498],[90.462979,23.760431],[90.46291,23.760359],[90.462847,23.760283],[90.46279,23.760202],[90.462737,23.760118],[90.462691,23.76003],[90.462651,23.75994],[90.462617,23.759847],[90.462449,23.759955],[90.462277,23.760059],[90.462103,23.760157],[90.461925,23.760249],[90.461744,23.760335],[90.461561,23.760416],[90.461375,23.760491],[90.461232,23.76049],[90.461089,23.760483],[90.460946,23.76047],[90.460804,23.760452],[90.460663,23.760428],[90.460523,23.760398],[90.460385,23.760362],[90.460089,23.76036],[90.459794,23.760353],[90.459499,23.760341],[90.459424,23.760337],[90.459205,23.760324],[90.459051,23.760295],[90.4589,23.760259],[90.45875,23.760217],[90.458602,23.760167],[90.458457,23.760111],[90.458314,23.760048],[90.458291,23.760036],[90.458175,23.759979],[90.458038,23.759903],[90.457906,23.759822],[90.457777,23.759734],[90.45773,23.759684],[90.457678,23.759638],[90.457622,23.759598],[90.457562,23.759564],[90.4575,23.759536],[90.457434,23.759515],[90.457367,23.7595],[90.457299,23.759492],[90.45723,23.759491],[90.457161,23.759497],[90.457094,23.75951],[90.457028,23.759529],[90.456964,23.759555],[90.456903,23.759587],[90.456846,23.759626],[90.456793,23.75967],[90.456745,23.759719],[90.456701,23.759772],[90.456601,23.759854],[90.456497,23.75993],[90.456389,23.76],[90.456277,23.760065],[90.456162,23.760124],[90.456044,23.760176],[90.455923,23.760223],[90.4558,23.760263],[90.455676,23.760296],[90.455549,23.760323],[90.455422,23.760343],[90.455293,23.760356],[90.455164,23.760362],[90.453798,23.760381],[90.451338,23.760305],[90.450625,23.760301],[90.448592,23.760291],[90.447245,23.760362],[90.446298,23.760453],[90.446243,23.760461],[90.446189,23.760476],[90.446136,23.760496],[90.446087,23.760523],[90.44604,23.760554],[90.445998,23.760591],[90.44596,23.760633],[90.445927,23.760678],[90.445899,23.760727],[90.445877,23.760779],[90.445861,23.760832],[90.445852,23.760888],[90.445848,23.760944],[90.445851,23.761],[90.445855,23.761078],[90.445853,23.761156],[90.445843,23.761234],[90.445828,23.761311],[90.445805,23.761386],[90.445777,23.761459],[90.445742,23.761529],[90.445701,23.761596],[90.445655,23.761659],[90.445604,23.761719],[90.445513,23.761799],[90.445419,23.761874],[90.44538,23.761901],[90.44532,23.761943],[90.445217,23.762006],[90.44511,23.762062],[90.445,23.762113],[90.444888,23.762157],[90.444773,23.762194],[90.444656,23.762224],[90.444538,23.762247],[90.444509,23.762251],[90.4441,23.76231],[90.443661,23.762366],[90.443222,23.762415],[90.442782,23.762458],[90.442436,23.762485],[90.442341,23.762493],[90.4419,23.762521],[90.441459,23.762542],[90.441384,23.762546],[90.438779,23.762689],[90.437756,23.762765],[90.437118,23.762827],[90.436519,23.762899],[90.434806,23.763203],[90.432959,23.763517],[90.432865,23.763543],[90.432631,23.763608],[90.430532,23.764436],[90.429047,23.765064],[90.427586,23.765845],[90.426382,23.76649],[90.425554,23.766934],[90.42465,23.767358],[90.423318,23.767981],[90.423345,23.768031],[90.423743,23.768747],[90.423835,23.76891],[90.423861,23.768955],[90.424174,23.76951],[90.42421,23.769572],[90.424611,23.77027],[90.424763,23.770463],[90.424809,23.770544],[90.425207,23.771243],[90.425308,23.771728],[90.425473,23.772226],[90.425525,23.772504],[90.425632,23.773077],[90.425724,23.773337],[90.425828,23.773629],[90.425856,23.775212],[90.425897,23.775756],[90.427091,23.77573],[90.429772,23.775649],[90.431524,23.775637],[90.432982,23.776419],[90.434432,23.777202],[90.435208,23.778014],[90.436208,23.779315],[90.438265,23.779594],[90.439593,23.779717],[90.439812,23.779599],[90.439873,23.779566],[90.441187,23.778412],[90.442691,23.776783]]]}},{"type":"Feature","properties":{"Ward_Name":"DCC North W-38","Exposure":0.35563153,"Sensitivity":1.071587,"Adaptive_Capacity":0.17633487,"Exposure_s":0.62218155,"Sensitivity_s":0.58943316,"Adaptive_s":0.31783866,"HVI_raw":0.29442164,"HVI":0.7246314,"HVI_Class":"High","Rank":40.0,"Corporation":"DNCC","Area_m2":2472635.5502223,"LST_mean":33.41674451,"Road_Density":19.39,"industry%":0.614,"Pop_Density":239263.9609375,"SVF_mean":0.68160464,"Poverty_HCR":7.4,"build_km2":3998.478,"informal%":37.56,"NDBI_media":0.04152765,"Green%":4.009,"Blue%":1.849,"Hosp_count":11.0,"NTL_median":12.12583351,"unit_id":"DCC North W-38","name":"DCC North W-38","imputed":[],"center":[90.432587,23.783503]},"geometry":{"type":"Polygon","coordinates":[[[90.439854,23.78007],[90.439812,23.779599],[90.439593,23.779717],[90.438265,23.779594],[90.436208,23.779315],[90.435208,23.778014],[90.434432,23.777202],[90.432982,23.776419],[90.431524,23.775637],[90.429772,23.775649],[90.427091,23.77573],[90.425897,23.775756],[90.425797,23.775874],[90.425653,23.775937],[90.425615,23.776241],[90.425585,23.779733],[90.425431,23.782961],[90.425251,23.785835],[90.425134,23.788126],[90.425112,23.788209],[90.424959,23.788798],[90.424827,23.788915],[90.424807,23.789029],[90.426018,23.78948],[90.42617,23.789522],[90.426458,23.789828],[90.426518,23.789884],[90.426582,23.789935],[90.42665,23.78998],[90.426721,23.790019],[90.426796,23.790051],[90.426873,23.790078],[90.426952,23.790098],[90.427033,23.790111],[90.427529,23.790227],[90.429373,23.790518],[90.43059,23.790765],[90.431711,23.790866],[90.43258,23.791161],[90.433647,23.791206],[90.434626,23.791399],[90.436146,23.791479],[90.437624,23.791571],[90.439444,23.791684],[90.441711,23.791815],[90.442153,23.791841],[90.442066,23.790747],[90.443869,23.789372],[90.444139,23.787908],[90.443064,23.787124],[90.441579,23.786203],[90.440065,23.784795],[90.439846,23.784047],[90.439643,23.782911],[90.440027,23.782001],[90.439854,23.78007]]]}},{"type":"Feature","properties":{"Ward_Name":"DCC North W-39","Exposure":0.15605842,"Sensitivity":0.63314869,"Adaptive_Capacity":-0.25190404,"Exposure_s":0.56702303,"Sensitivity_s":0.49238606,"Adaptive_s":0.14915971,"HVI_raw":0.29887343,"HVI":0.73094638,"HVI_Class":"High","Rank":38.0,"Corporation":"DNCC","Area_m2":2170818.51985881,"LST_mean":33.19101916,"Road_Density":20.38,"industry%":0.614,"Pop_Density":162644.28125,"SVF_mean":0.68882691,"Poverty_HCR":4.5,"build_km2":3478.277,"informal%":32.44,"NDBI_media":0.03549692,"Green%":3.486,"Blue%":2.231,"Hosp_count":3.0,"NTL_median":17.81500053,"unit_id":"DCC North W-39","name":"DCC North W-39","imputed":[],"center":[90.432535,23.79594]},"geometry":{"type":"Polygon","coordinates":[[[90.424805,23.789028],[90.424806,23.789037],[90.424797,23.789065],[90.424197,23.794435],[90.424148,23.794522],[90.424159,23.794522],[90.423863,23.796094],[90.423164,23.799817],[90.423703,23.799864],[90.424145,23.799957],[90.42462,23.799986],[90.425234,23.800047],[90.425715,23.800134],[90.426589,23.80042],[90.427811,23.800842],[90.429685,23.80136],[90.430692,23.801657],[90.431639,23.802016],[90.431901,23.802101],[90.432165,23.802179],[90.432431,23.80225],[90.432699,23.802315],[90.432968,23.802373],[90.433239,23.802424],[90.433511,23.802469],[90.433784,23.802507],[90.434057,23.802538],[90.434332,23.802562],[90.434607,23.80258],[90.434882,23.80259],[90.435158,23.802594],[90.435433,23.802591],[90.435709,23.802581],[90.435984,23.802565],[90.436258,23.802541],[90.436532,23.802511],[90.436805,23.802474],[90.437077,23.80243],[90.437348,23.80238],[90.437617,23.802322],[90.437885,23.802258],[90.438152,23.802188],[90.438416,23.802111],[90.438679,23.802027],[90.438939,23.801937],[90.440665,23.800724],[90.44157,23.800147],[90.442369,23.799606],[90.442877,23.799127],[90.443464,23.798287],[90.443382,23.798216],[90.442389,23.797285],[90.441946,23.796824],[90.441262,23.796229],[90.441042,23.795938],[90.441027,23.795643],[90.441083,23.795435],[90.441294,23.795075],[90.441916,23.794147],[90.442309,23.793698],[90.442324,23.793682],[90.442817,23.793157],[90.443025,23.792925],[90.443097,23.792761],[90.44318,23.791902],[90.442153,23.791841],[90.441711,23.791815],[90.439444,23.791684],[90.437624,23.791571],[90.436146,23.791479],[90.434626,23.791399],[90.433647,23.791206],[90.43258,23.791161],[90.431711,23.790866],[90.43059,23.790765],[90.429373,23.790518],[90.427529,23.790227],[90.427033,23.790111],[90.426952,23.790098],[90.426873,23.790078],[90.426796,23.790051],[90.426721,23.790019],[90.42665,23.78998],[90.426582,23.789935],[90.426518,23.789884],[90.426458,23.789828],[90.42617,23.789522],[90.426018,23.78948],[90.424807,23.789029],[90.424805,23.789028]]]}},{"type":"Feature","properties":{"Ward_Name":"DCC North W-40","Exposure":0.11551159,"Sensitivity":-0.23842833,"Adaptive_Capacity":-0.01339796,"Exposure_s":0.55581659,"Sensitivity_s":0.29946492,"Adaptive_s":0.24310483,"HVI_raw":0.19246389,"HVI":0.58000154,"HVI_Class":"Moderate","Rank":83.0,"Corporation":"DNCC","Area_m2":2973781.74202133,"LST_mean":33.57518961,"Road_Density":18.07,"industry%":0.0,"Pop_Density":232561.88085938,"SVF_mean":0.76863109,"Poverty_HCR":4.5,"build_km2":1884.792,"informal%":10.29,"NDBI_media":0.01788836,"Green%":5.925,"Blue%":4.542,"Hosp_count":2.0,"NTL_median":23.86833382,"unit_id":"DCC North W-40","name":"DCC North W-40","imputed":[],"center":[90.43381,23.806881]},"geometry":{"type":"Polygon","coordinates":[[[90.439807,23.815121],[90.440337,23.814992],[90.440939,23.814909],[90.441501,23.814818],[90.441915,23.814775],[90.442764,23.813585],[90.444219,23.811238],[90.445057,23.80979],[90.445777,23.808054],[90.44597,23.806108],[90.446511,23.801589],[90.446608,23.80045],[90.446642,23.800045],[90.445711,23.799923],[90.44539,23.799831],[90.444968,23.799581],[90.444462,23.799153],[90.443464,23.798287],[90.442877,23.799127],[90.442369,23.799606],[90.44157,23.800147],[90.440665,23.800724],[90.438939,23.801937],[90.438679,23.802027],[90.438416,23.802111],[90.438152,23.802188],[90.437885,23.802258],[90.437617,23.802322],[90.437348,23.80238],[90.437077,23.80243],[90.436805,23.802474],[90.436532,23.802511],[90.436258,23.802541],[90.435984,23.802565],[90.435709,23.802581],[90.435433,23.802591],[90.435158,23.802594],[90.434882,23.80259],[90.434607,23.80258],[90.434332,23.802562],[90.434057,23.802538],[90.433784,23.802507],[90.433511,23.802469],[90.433239,23.802424],[90.432968,23.802373],[90.432699,23.802315],[90.432431,23.80225],[90.432165,23.802179],[90.431901,23.802101],[90.431639,23.802016],[90.430692,23.801657],[90.429685,23.80136],[90.427811,23.800842],[90.426589,23.80042],[90.425715,23.800134],[90.425234,23.800047],[90.42462,23.799986],[90.424145,23.799957],[90.423703,23.799864],[90.423164,23.799817],[90.422935,23.801037],[90.421936,23.805534],[90.42155,23.807878],[90.421667,23.807888],[90.421754,23.807937],[90.421826,23.807982],[90.423258,23.808158],[90.424169,23.808326],[90.425164,23.808419],[90.427743,23.809771],[90.42911,23.810491],[90.429764,23.811047],[90.430817,23.811857],[90.431694,23.812168],[90.433331,23.81338],[90.434409,23.813474],[90.435039,23.814173],[90.435416,23.814561],[90.436192,23.814669],[90.43642,23.814683],[90.436419,23.81475],[90.436832,23.814871],[90.436844,23.815855],[90.437157,23.815794],[90.437293,23.815729],[90.437452,23.815541],[90.437651,23.815477],[90.437736,23.815364],[90.438255,23.815353],[90.438485,23.8153],[90.43858,23.815215],[90.438696,23.815103],[90.438814,23.814952],[90.438981,23.814897],[90.439147,23.8149],[90.439365,23.814923],[90.439561,23.814974],[90.439726,23.815005],[90.439807,23.815121]]]}},{"type":"Feature","properties":{"Ward_Name":"DCC North W-41","Exposure":-1.0845086,"Sensitivity":-0.75498825,"Adaptive_Capacity":0.2140307,"Exposure_s":0.22415197,"Sensitivity_s":0.18512582,"Adaptive_s":0.33268667,"HVI_raw":0.02271477,"HVI":0.33920778,"HVI_Class":"Low","Rank":119.0,"Corporation":"DNCC","Area_m2":7680826.88942632,"LST_mean":32.03671971,"Road_Density":8.11,"industry%":0.51,"Pop_Density":98879.69873047,"SVF_mean":0.92347688,"Poverty_HCR":7.4,"build_km2":385.838,"informal%":2.12,"NDBI_media":-0.03803621,"Green%":21.764,"Blue%":13.221,"Hosp_count":1.0,"NTL_median":8.08833313,"unit_id":"DCC North W-41","name":"DCC North W-41","imputed":[],"center":[90.454259,23.78881]},"geometry":{"type":"Polygon","coordinates":[[[90.442817,23.793157],[90.442324,23.793682],[90.442309,23.793698],[90.441916,23.794147],[90.441294,23.795075],[90.441083,23.795435],[90.441027,23.795643],[90.441042,23.795938],[90.441262,23.796229],[90.441946,23.796824],[90.442389,23.797285],[90.443382,23.798216],[90.443464,23.798287],[90.444462,23.799153],[90.444968,23.799581],[90.44539,23.799831],[90.445711,23.799923],[90.446642,23.800045],[90.446608,23.80045],[90.447672,23.800622],[90.448391,23.801016],[90.449674,23.801811],[90.450601,23.802715],[90.453227,23.803255],[90.454414,23.803647],[90.456314,23.804166],[90.456786,23.804441],[90.457026,23.804951],[90.457395,23.805693],[90.458817,23.80628],[90.458968,23.8064],[90.459067,23.80648],[90.459159,23.806575],[90.45929,23.806656],[90.459397,23.806715],[90.459514,23.806731],[90.4596,23.806718],[90.45971,23.806655],[90.459782,23.806578],[90.459837,23.806536],[90.459954,23.806516],[90.460079,23.806533],[90.460247,23.806671],[90.460324,23.806737],[90.460423,23.806832],[90.460538,23.806913],[90.460654,23.806958],[90.460702,23.806915],[90.46079,23.806802],[90.460907,23.806776],[90.461032,23.80677],[90.461156,23.806808],[90.461271,23.806882],[90.461371,23.806962],[90.461424,23.806999],[90.461567,23.806887],[90.46241,23.805554],[90.462812,23.804923],[90.464431,23.803373],[90.464812,23.802971],[90.465299,23.802135],[90.466673,23.799777],[90.467493,23.798465],[90.467236,23.796054],[90.467075,23.795127],[90.465477,23.791977],[90.46468,23.790545],[90.464541,23.790084],[90.464488,23.787962],[90.464166,23.785736],[90.463801,23.784075],[90.463252,23.781479],[90.46265,23.778396],[90.462054,23.77542],[90.460905,23.772055],[90.460074,23.769882],[90.459478,23.771328],[90.457488,23.771242],[90.45544,23.771429],[90.453329,23.771555],[90.451846,23.772785],[90.450743,23.773447],[90.448543,23.77479],[90.448037,23.774824],[90.444521,23.774795],[90.442691,23.776783],[90.441187,23.778412],[90.439873,23.779566],[90.439812,23.779599],[90.439854,23.78007],[90.440027,23.782001],[90.439643,23.782911],[90.439846,23.784047],[90.440065,23.784795],[90.441579,23.786203],[90.443064,23.787124],[90.444139,23.787908],[90.443869,23.789372],[90.442066,23.790747],[90.442153,23.791841],[90.44318,23.791902],[90.443097,23.792761],[90.443025,23.792925],[90.442817,23.793157]]]}},{"type":"Feature","properties":{"Ward_Name":"DCC North W-42","Exposure":-1.25041982,"Sensitivity":-1.32205627,"Adaptive_Capacity":0.01666661,"Exposure_s":0.17829701,"Sensitivity_s":0.05960689,"Adaptive_s":0.25494696,"HVI_raw":-0.01120236,"HVI":0.2910954,"HVI_Class":"Low","Rank":126.0,"Corporation":"DNCC","Area_m2":11810309.7475157,"LST_mean":31.70566327,"Road_Density":7.0,"industry%":0.024,"Pop_Density":84446.88742065,"SVF_mean":0.9341241,"Poverty_HCR":6.9,"build_km2":406.427,"informal%":2.57,"NDBI_media":-0.15790141,"Green%":32.755,"Blue%":2.613,"Hosp_count":2.0,"NTL_median":7.79750013,"unit_id":"DCC North W-42","name":"DCC North W-42","imputed":[],"center":[90.471282,23.789517]},"geometry":{"type":"Polygon","coordinates":[[[90.465616,23.76202],[90.465598,23.76203],[90.465592,23.762033],[90.46318,23.763383],[90.462879,23.764219],[90.462412,23.764875],[90.461307,23.767012],[90.460567,23.768689],[90.460074,23.769882],[90.460905,23.772055],[90.462054,23.77542],[90.46265,23.778396],[90.463252,23.781479],[90.463801,23.784075],[90.464166,23.785736],[90.464488,23.787962],[90.464541,23.790084],[90.46468,23.790545],[90.465477,23.791977],[90.467075,23.795127],[90.467236,23.796054],[90.467493,23.798465],[90.466673,23.799777],[90.465299,23.802135],[90.465299,23.802135],[90.464812,23.802971],[90.464431,23.803373],[90.462812,23.804923],[90.46241,23.805554],[90.461567,23.806887],[90.461424,23.806999],[90.461317,23.808623],[90.460935,23.813316],[90.460478,23.818687],[90.462802,23.818764],[90.46664,23.818961],[90.466631,23.819438],[90.469451,23.818625],[90.470949,23.817933],[90.472352,23.817306],[90.47554,23.818381],[90.47914,23.819634],[90.48107,23.820238],[90.483194,23.818859],[90.484582,23.817993],[90.486698,23.818377],[90.486845,23.818294],[90.487052,23.818297],[90.487322,23.818321],[90.487493,23.818324],[90.487664,23.818326],[90.487935,23.818321],[90.488349,23.818347],[90.48863,23.818352],[90.488859,23.818327],[90.489182,23.818256],[90.489318,23.818191],[90.489508,23.818022],[90.489657,23.817853],[90.489712,23.817691],[90.489795,23.817673],[90.489829,23.81755],[90.489833,23.817359],[90.490023,23.81719],[90.490212,23.817059],[90.490237,23.816849],[90.490197,23.816744],[90.490084,23.816704],[90.48997,23.816683],[90.489856,23.81669],[90.489692,23.816573],[90.489529,23.816408],[90.48923,23.816279],[90.48911,23.816076],[90.489091,23.815942],[90.488979,23.815845],[90.488794,23.815727],[90.488629,23.815686],[90.488381,23.815644],[90.487987,23.815609],[90.48782,23.815625],[90.487497,23.815687],[90.48733,23.815722],[90.48708,23.815785],[90.486944,23.815859],[90.486807,23.815915],[90.486494,23.815995],[90.486318,23.815993],[90.486071,23.815855],[90.485981,23.8157],[90.48589,23.815556],[90.485852,23.815364],[90.485794,23.815172],[90.485735,23.81498],[90.485644,23.814883],[90.485593,23.814834],[90.485438,23.814765],[90.485212,23.814675],[90.485026,23.814586],[90.484982,23.814495],[90.484946,23.814423],[90.484935,23.81438],[90.484869,23.814125],[90.484916,23.813849],[90.485043,23.813727],[90.48517,23.813605],[90.48536,23.813445],[90.485384,23.813264],[90.485411,23.81294],[90.485415,23.812758],[90.485423,23.812329],[90.485438,23.812061],[90.485186,23.811374],[90.485157,23.811287],[90.484927,23.811083],[90.48479,23.810923],[90.484576,23.810719],[90.484419,23.810516],[90.484318,23.810385],[90.484213,23.810183],[90.484193,23.810122],[90.484066,23.809722],[90.484042,23.809596],[90.483995,23.809348],[90.484031,23.809076],[90.484123,23.808961],[90.484223,23.808836],[90.484428,23.808682],[90.484758,23.808529],[90.485089,23.80832],[90.485108,23.808148],[90.485114,23.807833],[90.48512,23.807532],[90.485126,23.807217],[90.485026,23.806757],[90.484879,23.80631],[90.484744,23.806036],[90.48469,23.805619],[90.484697,23.805261],[90.484704,23.804889],[90.4846,23.804808],[90.484546,23.804807],[90.484468,23.804792],[90.484382,23.804812],[90.484295,23.804875],[90.484169,23.804966],[90.484099,23.804965],[90.483952,23.80492],[90.483862,23.804753],[90.483787,23.804587],[90.483676,23.804299],[90.483484,23.803744],[90.483229,23.802851],[90.483048,23.802139],[90.482979,23.802052],[90.482904,23.8019],[90.482844,23.801792],[90.482823,23.801663],[90.482883,23.801406],[90.482925,23.801249],[90.482969,23.800991],[90.482923,23.800919],[90.48276,23.800888],[90.482629,23.800807],[90.482522,23.800705],[90.482409,23.800517],[90.482402,23.800495],[90.482306,23.800228],[90.482175,23.799746],[90.48207,23.799527],[90.482,23.799498],[90.48197,23.799461],[90.481956,23.79939],[90.481951,23.799239],[90.481984,23.799154],[90.482009,23.799068],[90.482002,23.798982],[90.481942,23.798859],[90.481821,23.798685],[90.481768,23.798605],[90.481725,23.798433],[90.481728,23.798297],[90.481844,23.797933],[90.481895,23.797683],[90.4819,23.797447],[90.481859,23.797117],[90.481799,23.796621],[90.481663,23.795193],[90.4816,23.794404],[90.481655,23.793961],[90.481622,23.793652],[90.481526,23.793421],[90.481383,23.793132],[90.480397,23.791567],[90.480003,23.79122],[90.47946,23.790742],[90.479188,23.790502],[90.477131,23.788935],[90.476754,23.788682],[90.476516,23.788523],[90.476356,23.788378],[90.476173,23.788145],[90.476171,23.788138],[90.476129,23.788001],[90.476026,23.787713],[90.475899,23.787417],[90.47584,23.787251],[90.475807,23.78717],[90.475766,23.787071],[90.475659,23.786962],[90.475521,23.786845],[90.475351,23.786778],[90.475018,23.786679],[90.474723,23.786653],[90.474241,23.786595],[90.473853,23.786545],[90.472962,23.785907],[90.472445,23.785662],[90.471602,23.784954],[90.471516,23.784877],[90.471435,23.784796],[90.47136,23.784709],[90.471289,23.784618],[90.471225,23.784523],[90.471166,23.784424],[90.471114,23.784322],[90.471068,23.784217],[90.471028,23.784109],[90.470995,23.783998],[90.47097,23.783886],[90.470951,23.783773],[90.470939,23.783659],[90.470934,23.783544],[90.470936,23.783429],[90.470945,23.783314],[90.470962,23.7832],[90.470985,23.783088],[90.471015,23.782977],[90.471052,23.782868],[90.471096,23.782762],[90.471146,23.782658],[90.471202,23.782558],[90.471265,23.782461],[90.471333,23.782369],[90.471407,23.782281],[90.471486,23.782197],[90.47157,23.782119],[90.471658,23.782046],[90.472628,23.780636],[90.473552,23.779562],[90.474314,23.778786],[90.47448,23.778653],[90.474535,23.778639],[90.474691,23.778613],[90.47491,23.778595],[90.475128,23.778577],[90.475284,23.778573],[90.4754,23.778582],[90.475524,23.77862],[90.475687,23.778658],[90.475935,23.778727],[90.476067,23.77875],[90.476277,23.778761],[90.476611,23.778766],[90.476838,23.778741],[90.477126,23.778696],[90.477447,23.778651],[90.477847,23.77821],[90.477968,23.778032],[90.478074,23.777879],[90.478259,23.777715],[90.478403,23.777657],[90.478585,23.777625],[90.478781,23.777556],[90.479043,23.777453],[90.47923,23.777181],[90.479524,23.776732],[90.47975,23.776414],[90.479896,23.776285],[90.480181,23.776289],[90.480388,23.776317],[90.480595,23.776368],[90.480756,23.776084],[90.480801,23.775774],[90.480992,23.7753],[90.481401,23.774924],[90.481814,23.77437],[90.481977,23.773978],[90.482088,23.773622],[90.482143,23.773465],[90.48217,23.773384],[90.482438,23.772971],[90.482559,23.772746],[90.482825,23.772404],[90.482958,23.772227],[90.483132,23.771991],[90.483252,23.771778],[90.483375,23.771481],[90.483416,23.771374],[90.483553,23.770995],[90.483573,23.770613],[90.48359,23.770422],[90.483595,23.770171],[90.483497,23.769847],[90.483185,23.769233],[90.483099,23.768945],[90.483,23.768729],[90.482861,23.768499],[90.482736,23.768271],[90.482662,23.768078],[90.482562,23.767874],[90.482475,23.767693],[90.482401,23.767465],[90.482395,23.767095],[90.482387,23.766856],[90.482408,23.766438],[90.482427,23.766116],[90.482433,23.765806],[90.482543,23.765485],[90.482737,23.764867],[90.48285,23.764391],[90.482995,23.763795],[90.483075,23.763464],[90.48327,23.76275],[90.483291,23.76238],[90.483335,23.76222],[90.483372,23.762058],[90.483388,23.761977],[90.482915,23.761849],[90.482272,23.761863],[90.4821,23.761803],[90.481931,23.761738],[90.481764,23.761667],[90.481599,23.76159],[90.481437,23.761508],[90.481278,23.76142],[90.481122,23.761327],[90.48097,23.761229],[90.48082,23.761126],[90.480328,23.760695],[90.479833,23.760269],[90.479669,23.760239],[90.479505,23.760214],[90.47934,23.760195],[90.479175,23.760182],[90.479009,23.760175],[90.478843,23.760173],[90.478677,23.760177],[90.478511,23.760188],[90.478346,23.760203],[90.477857,23.760282],[90.477732,23.760303],[90.477118,23.760396],[90.476502,23.760483],[90.475886,23.760565],[90.475269,23.76064],[90.474651,23.760709],[90.473916,23.760757],[90.47318,23.760811],[90.472445,23.76087],[90.471711,23.760934],[90.470977,23.761003],[90.470243,23.761078],[90.469957,23.76108],[90.469671,23.761089],[90.469386,23.761105],[90.469101,23.761128],[90.468816,23.761158],[90.468532,23.761195],[90.46825,23.761238],[90.467968,23.761289],[90.467688,23.761346],[90.467409,23.76141],[90.467132,23.761481],[90.466856,23.761558],[90.466583,23.761643],[90.466312,23.761733],[90.466043,23.761831],[90.465776,23.761935],[90.465693,23.761978],[90.465609,23.762015],[90.465616,23.76202]]]}},{"type":"Feature","properties":{"Ward_Name":"DCC North W-43","Exposure":-0.91080949,"Sensitivity":-0.62756708,"Adaptive_Capacity":0.00362547,"Exposure_s":0.27215937,"Sensitivity_s":0.21333014,"Adaptive_s":0.24981019,"HVI_raw":0.07508158,"HVI":0.41349152,"HVI_Class":"Moderate","Rank":109.0,"Corporation":"DNCC","Area_m2":12987085.0260322,"LST_mean":32.82476289,"Road_Density":12.38,"industry%":0.314,"Pop_Density":27578.34414673,"SVF_mean":0.89996649,"Poverty_HCR":7.1,"build_km2":435.34,"informal%":2.53,"NDBI_media":-0.00958471,"Green%":30.348,"Blue%":3.377,"Hosp_count":0.0,"NTL_median":13.41083336,"unit_id":"DCC North W-43","name":"DCC North W-43","imputed":[],"center":[90.468278,23.8306]},"geometry":{"type":"Polygon","coordinates":[[[90.482431,23.831214],[90.482565,23.831264],[90.482563,23.831379],[90.482602,23.831532],[90.48263,23.831657],[90.482659,23.83181],[90.482696,23.832002],[90.482633,23.832087],[90.482487,23.832094],[90.4823,23.832091],[90.482194,23.832185],[90.482087,23.832364],[90.482054,23.83245],[90.482085,23.832489],[90.482209,23.83251],[90.482334,23.832464],[90.482511,23.832467],[90.482634,23.832555],[90.482702,23.832785],[90.482711,23.832881],[90.482769,23.833102],[90.482872,23.833122],[90.48309,23.833116],[90.483217,23.833013],[90.483241,23.832851],[90.483276,23.832642],[90.483524,23.832197],[90.483724,23.832038],[90.484322,23.831722],[90.484637,23.831556],[90.484963,23.831313],[90.485121,23.831201],[90.485219,23.831002],[90.485182,23.830753],[90.485021,23.830502],[90.48491,23.83029],[90.484917,23.829946],[90.485054,23.829318],[90.48504,23.828954],[90.485109,23.828593],[90.485147,23.828249],[90.485152,23.828011],[90.485241,23.827697],[90.485611,23.82734],[90.485892,23.827297],[90.486122,23.82717],[90.486144,23.827157],[90.486541,23.827059],[90.486575,23.826916],[90.486631,23.826678],[90.486739,23.826489],[90.486948,23.826416],[90.487228,23.826411],[90.487592,23.826407],[90.487635,23.826412],[90.487861,23.82644],[90.48809,23.826444],[90.488309,23.826352],[90.488396,23.826191],[90.488405,23.825704],[90.488454,23.825313],[90.48848,23.824482],[90.488433,23.824271],[90.488373,23.824156],[90.488209,23.824019],[90.487962,23.82392],[90.487766,23.823831],[90.48756,23.82377],[90.487386,23.823624],[90.487235,23.823344],[90.487054,23.823083],[90.486966,23.822786],[90.486928,23.822069],[90.486817,23.821866],[90.486709,23.821559],[90.486663,23.821272],[90.486647,23.821023],[90.486635,23.820953],[90.486582,23.82063],[90.486587,23.820334],[90.486645,23.820048],[90.486678,23.819399],[90.486627,23.818835],[90.486653,23.818558],[90.486698,23.818377],[90.484582,23.817993],[90.483194,23.818859],[90.48107,23.820238],[90.47914,23.819634],[90.47554,23.818381],[90.472352,23.817306],[90.470949,23.817933],[90.469451,23.818625],[90.466631,23.819438],[90.46664,23.818961],[90.462802,23.818764],[90.460478,23.818687],[90.460935,23.813316],[90.461317,23.808623],[90.461424,23.806999],[90.461371,23.806962],[90.461271,23.806882],[90.461156,23.806808],[90.461032,23.80677],[90.460907,23.806776],[90.46079,23.806802],[90.460702,23.806915],[90.460654,23.806958],[90.460538,23.806913],[90.460423,23.806832],[90.460324,23.806737],[90.460247,23.806671],[90.460079,23.806533],[90.459954,23.806516],[90.459837,23.806536],[90.459782,23.806578],[90.45971,23.806655],[90.4596,23.806718],[90.459514,23.806731],[90.459397,23.806715],[90.45929,23.806656],[90.459159,23.806575],[90.459067,23.80648],[90.458968,23.8064],[90.458817,23.80628],[90.457395,23.805693],[90.457026,23.804951],[90.456786,23.804441],[90.456314,23.804166],[90.454414,23.803647],[90.453227,23.803255],[90.450601,23.802715],[90.449674,23.801811],[90.448391,23.801016],[90.447672,23.800622],[90.446608,23.80045],[90.446511,23.801589],[90.44597,23.806108],[90.445777,23.808054],[90.445057,23.80979],[90.444219,23.811238],[90.442764,23.813585],[90.441915,23.814775],[90.441501,23.814818],[90.440939,23.814909],[90.440337,23.814992],[90.439807,23.815121],[90.439939,23.816335],[90.44001,23.816532],[90.440088,23.816726],[90.440171,23.816917],[90.440261,23.817106],[90.440356,23.817292],[90.440458,23.817475],[90.440565,23.817654],[90.440677,23.81783],[90.440795,23.818002],[90.440919,23.818171],[90.441047,23.818336],[90.441181,23.818496],[90.44132,23.818652],[90.441464,23.818804],[90.4447,23.820548],[90.446304,23.821406],[90.448185,23.822347],[90.450237,23.823356],[90.450676,23.823621],[90.45196,23.823671],[90.451673,23.826826],[90.451403,23.829479],[90.451311,23.83114],[90.451303,23.831223],[90.454356,23.831892],[90.454669,23.83196],[90.456083,23.834866],[90.457078,23.836974],[90.457361,23.837624],[90.457717,23.838568],[90.457776,23.838733],[90.457924,23.839138],[90.457919,23.839345],[90.457449,23.839925],[90.455897,23.84159],[90.456599,23.843291],[90.457018,23.844193],[90.457483,23.845111],[90.457774,23.845395],[90.457957,23.845556],[90.458034,23.845622],[90.458088,23.845666],[90.458188,23.845703],[90.458274,23.845712],[90.458375,23.845713],[90.458494,23.845615],[90.45855,23.845544],[90.458691,23.845461],[90.458832,23.845463],[90.458979,23.845501],[90.459172,23.845562],[90.459396,23.845666],[90.460061,23.846343],[90.460591,23.847133],[90.460748,23.847465],[90.460868,23.847682],[90.461036,23.847871],[90.461189,23.848002],[90.46145,23.848207],[90.461588,23.84831],[90.461796,23.848449],[90.462033,23.848683],[90.462533,23.849371],[90.462656,23.849861],[90.462911,23.850395],[90.463121,23.850821],[90.463539,23.851322],[90.464032,23.852018],[90.464641,23.852731],[90.466152,23.855863],[90.466774,23.857127],[90.467278,23.858038],[90.467907,23.859359],[90.46805,23.85962],[90.468235,23.859723],[90.468568,23.859814],[90.468886,23.85987],[90.469189,23.859925],[90.469359,23.859985],[90.469884,23.860252],[90.470308,23.860452],[90.470509,23.860556],[90.470703,23.86058],[90.471111,23.860451],[90.471887,23.860213],[90.472241,23.860004],[90.473625,23.858952],[90.474512,23.858292],[90.474492,23.858202],[90.474426,23.857908],[90.474146,23.857359],[90.474151,23.857082],[90.474186,23.85478],[90.474285,23.852871],[90.474201,23.852402],[90.474055,23.851884],[90.473676,23.851075],[90.473559,23.850681],[90.473472,23.850346],[90.473373,23.850105],[90.473151,23.849777],[90.472989,23.849564],[90.47289,23.849304],[90.472887,23.848922],[90.472888,23.848311],[90.472891,23.848195],[90.472896,23.847891],[90.472933,23.847605],[90.472965,23.847013],[90.472876,23.846801],[90.47284,23.846514],[90.472772,23.846274],[90.472707,23.8459],[90.472641,23.845555],[90.472584,23.845239],[90.472569,23.844943],[90.472574,23.844695],[90.472558,23.843511],[90.472553,23.843128],[90.472611,23.842794],[90.472638,23.842498],[90.472698,23.842308],[90.472759,23.842118],[90.472952,23.841825],[90.473197,23.841505],[90.473515,23.841175],[90.473919,23.840704],[90.474278,23.840385],[90.474804,23.840021],[90.475216,23.839694],[90.47565,23.839262],[90.47601,23.838895],[90.47618,23.838707],[90.476477,23.838368],[90.476838,23.837982],[90.477007,23.837803],[90.47714,23.83765],[90.477432,23.837313],[90.477572,23.837077],[90.477591,23.836975],[90.477618,23.836829],[90.477653,23.836629],[90.477709,23.83642],[90.477777,23.836125],[90.477865,23.835868],[90.477977,23.83545],[90.477989,23.835408],[90.478044,23.835212],[90.478229,23.834804],[90.478399,23.834606],[90.478694,23.834382],[90.478989,23.834167],[90.479885,23.833465],[90.480911,23.832517],[90.481618,23.831936],[90.481851,23.831663],[90.482001,23.831456],[90.482169,23.831344],[90.482348,23.831251],[90.482431,23.831214]]]}},{"type":"Feature","properties":{"Ward_Name":"DCC North W-44","Exposure":-1.89552935,"Sensitivity":-1.59134762,"Adaptive_Capacity":0.28918554,"Exposure_s":0.0,"Sensitivity_s":0.0,"Adaptive_s":0.3622894,"HVI_raw":-0.12163754,"HVI":0.13444008,"HVI_Class":"Very Low","Rank":133.0,"Corporation":"DNCC","Area_m2":6992926.53917534,"LST_mean":28.83193848,"Road_Density":3.44,"industry%":1.477,"Pop_Density":32004.21276855,"SVF_mean":0.88605513,"Poverty_HCR":8.1,"build_km2":677.407,"informal%":2.02,"NDBI_media":-0.24345744,"Green%":60.243,"Blue%":2.005,"Hosp_count":0.0,"NTL_median":3.82833338,"unit_id":"DCC North W-44","name":"DCC North W-44","imputed":[],"center":[90.454205,23.864854]},"geometry":{"type":"Polygon","coordinates":[[[90.436713,23.866886],[90.439355,23.866918],[90.439651,23.867036],[90.440365,23.86706],[90.440778,23.867145],[90.442315,23.867266],[90.443454,23.867416],[90.444608,23.867537],[90.446066,23.86768],[90.447439,23.867811],[90.448645,23.867926],[90.450083,23.868063],[90.449994,23.869286],[90.449822,23.870472],[90.449747,23.870983],[90.449579,23.872283],[90.449579,23.872283],[90.44954,23.87258],[90.449387,23.873772],[90.449247,23.875203],[90.451027,23.875266],[90.452262,23.875324],[90.453451,23.875377],[90.453969,23.875701],[90.454951,23.876467],[90.455652,23.877004],[90.455906,23.877286],[90.456396,23.878034],[90.45694,23.878874],[90.457805,23.880321],[90.458233,23.881035],[90.458567,23.88149],[90.458873,23.882551],[90.459179,23.883673],[90.459467,23.884754],[90.459577,23.884747],[90.459826,23.88476],[90.460023,23.884764],[90.460251,23.884786],[90.460376,23.884779],[90.460585,23.884706],[90.460762,23.884671],[90.460921,23.88453],[90.461019,23.884293],[90.461064,23.884131],[90.461098,23.88396],[90.461092,23.883759],[90.46097,23.883614],[90.460882,23.883468],[90.460859,23.88343],[90.460769,23.883247],[90.460693,23.882902],[90.460614,23.8827],[90.460557,23.882394],[90.46052,23.882173],[90.460473,23.881934],[90.460479,23.881638],[90.460505,23.88138],[90.460657,23.881039],[90.460816,23.88086],[90.46089,23.880785],[90.460998,23.880576],[90.461053,23.880434],[90.461088,23.880253],[90.461112,23.880062],[90.461125,23.879929],[90.460982,23.879783],[90.460839,23.879676],[90.46074,23.879435],[90.46065,23.879262],[90.460551,23.879012],[90.46044,23.878848],[90.460298,23.878654],[90.460188,23.878442],[90.460057,23.878239],[90.459997,23.878114],[90.460021,23.878016],[90.460053,23.877886],[90.460077,23.877724],[90.459936,23.877492],[90.459876,23.877377],[90.459869,23.877233],[90.459935,23.877034],[90.459979,23.876901],[90.460044,23.876768],[90.460223,23.876656],[90.460327,23.876639],[90.460482,23.87668],[90.460699,23.876731],[90.460916,23.876802],[90.461226,23.876902],[90.461401,23.876953],[90.461524,23.877031],[90.46169,23.877044],[90.46193,23.877009],[90.462006,23.876858],[90.462031,23.876648],[90.462049,23.876524],[90.462049,23.876495],[90.46206,23.876481],[90.462076,23.876443],[90.462128,23.87643],[90.46219,23.87644],[90.462268,23.876461],[90.46233,23.876495],[90.462412,23.876535],[90.462489,23.876555],[90.462546,23.876604],[90.46266,23.87662],[90.462727,23.876631],[90.462831,23.876613],[90.463025,23.876526],[90.46312,23.876446],[90.4633,23.876282],[90.463507,23.876042],[90.463888,23.875174],[90.464051,23.874895],[90.464106,23.874762],[90.464149,23.874686],[90.464213,23.874582],[90.464267,23.874478],[90.464333,23.874298],[90.464462,23.874051],[90.464548,23.8739],[90.464708,23.873683],[90.464869,23.873418],[90.464975,23.873315],[90.465059,23.873278],[90.465131,23.873336],[90.465192,23.873402],[90.465222,23.873433],[90.465283,23.873492],[90.465386,23.873551],[90.465481,23.873476],[90.465629,23.873373],[90.465797,23.873261],[90.466008,23.873102],[90.466208,23.872982],[90.466554,23.872796],[90.466765,23.872628],[90.467006,23.872527],[90.46706,23.872478],[90.46727,23.872292],[90.467387,23.87217],[90.467735,23.871889],[90.467937,23.871668],[90.468113,23.871475],[90.468138,23.871447],[90.468856,23.870876],[90.469363,23.870426],[90.469637,23.870239],[90.469847,23.870118],[90.469984,23.870044],[90.470134,23.869779],[90.470243,23.869552],[90.470446,23.869249],[90.471721,23.867799],[90.471945,23.867468],[90.471968,23.867345],[90.472054,23.867203],[90.47218,23.867119],[90.472248,23.866843],[90.472484,23.866484],[90.472665,23.866229],[90.472914,23.865717],[90.473489,23.864617],[90.473572,23.864457],[90.473846,23.864029],[90.474086,23.863654],[90.474509,23.863298],[90.474668,23.863119],[90.474753,23.863044],[90.474849,23.862892],[90.47504,23.862676],[90.475199,23.862497],[90.47539,23.862309],[90.475487,23.862148],[90.475532,23.862066],[90.475637,23.861874],[90.475592,23.861558],[90.475594,23.861443],[90.475483,23.861279],[90.475331,23.861095],[90.47522,23.860883],[90.475164,23.860688],[90.475162,23.860681],[90.475085,23.860365],[90.474928,23.859865],[90.474913,23.859578],[90.474877,23.859301],[90.474748,23.858983],[90.474661,23.858686],[90.474591,23.858513],[90.474512,23.858292],[90.473625,23.858952],[90.472241,23.860004],[90.471887,23.860213],[90.471111,23.860451],[90.470703,23.86058],[90.470509,23.860556],[90.470308,23.860452],[90.469884,23.860252],[90.469359,23.859985],[90.469189,23.859925],[90.468886,23.85987],[90.468568,23.859814],[90.468235,23.859723],[90.46805,23.85962],[90.467907,23.859359],[90.467278,23.858038],[90.466774,23.857127],[90.466152,23.855863],[90.464641,23.852731],[90.464032,23.852018],[90.463539,23.851322],[90.463121,23.850821],[90.462911,23.850395],[90.462656,23.849861],[90.462533,23.849371],[90.462033,23.848683],[90.461796,23.848449],[90.461588,23.84831],[90.46145,23.848207],[90.461189,23.848002],[90.461036,23.847871],[90.460868,23.847682],[90.460748,23.847465],[90.460591,23.847133],[90.460061,23.846343],[90.459396,23.845666],[90.459172,23.845562],[90.458979,23.845501],[90.458832,23.845463],[90.458691,23.845461],[90.45855,23.845544],[90.458494,23.845615],[90.458375,23.845713],[90.458274,23.845712],[90.458188,23.845703],[90.458088,23.845666],[90.458034,23.845622],[90.457957,23.845556],[90.457774,23.845395],[90.457483,23.845111],[90.456719,23.845286],[90.455906,23.845463],[90.455593,23.845544],[90.45529,23.845625],[90.455174,23.845719],[90.454688,23.846112],[90.453753,23.84667],[90.45267,23.847368],[90.451556,23.848028],[90.451228,23.848347],[90.450951,23.848668],[90.450503,23.84931],[90.449925,23.85016],[90.449718,23.851188],[90.449683,23.851407],[90.449627,23.851597],[90.449607,23.852056],[90.449696,23.85285],[90.449731,23.85372],[90.449819,23.85503],[90.44992,23.855194],[90.450073,23.855359],[90.450277,23.855525],[90.450421,23.855604],[90.450657,23.855722],[90.450771,23.855743],[90.450967,23.855852],[90.451119,23.855997],[90.451547,23.856425],[90.452252,23.857057],[90.452484,23.857405],[90.452622,23.857751],[90.452719,23.858145],[90.452854,23.858644],[90.453004,23.858961],[90.452995,23.85941],[90.452878,23.859571],[90.45275,23.859702],[90.452568,23.859976],[90.452251,23.860296],[90.451501,23.860895],[90.450956,23.861182],[90.45007,23.861311],[90.449373,23.861366],[90.448362,23.861559],[90.447047,23.861853],[90.445257,23.862062],[90.444358,23.862305],[90.442414,23.862941],[90.441801,23.86295],[90.439789,23.862764],[90.437997,23.862524],[90.436299,23.862276],[90.435198,23.862229],[90.435189,23.863767],[90.435272,23.866844],[90.436713,23.866886]]]}},{"type":"Feature","properties":{"Ward_Name":"DCC North W-45","Exposure":-1.16070077,"Sensitivity":-0.81627649,"Adaptive_Capacity":0.30833644,"Exposure_s":0.20309379,"Sensitivity_s":0.17155984,"Adaptive_s":0.36983274,"HVI_raw":-0.00096495,"HVI":0.30561745,"HVI_Class":"Low","Rank":125.0,"Corporation":"DNCC","Area_m2":3631116.80330315,"LST_mean":29.97141387,"Road_Density":11.28,"industry%":2.45,"Pop_Density":53659.14746094,"SVF_mean":0.78943713,"Poverty_HCR":8.1,"build_km2":1885.107,"informal%":4.65,"NDBI_media":-0.13562173,"Green%":50.442,"Blue%":2.166,"Hosp_count":2.0,"NTL_median":6.20499992,"unit_id":"DCC North W-45","name":"DCC North W-45","imputed":[],"center":[90.43579,23.874077]},"geometry":{"type":"Polygon","coordinates":[[[90.449747,23.870983],[90.449822,23.870472],[90.449994,23.869286],[90.450083,23.868063],[90.448645,23.867926],[90.447439,23.867811],[90.446066,23.86768],[90.444608,23.867537],[90.443454,23.867416],[90.442315,23.867266],[90.440778,23.867145],[90.440365,23.86706],[90.439651,23.867036],[90.439355,23.866918],[90.436713,23.866886],[90.435272,23.866844],[90.434901,23.867232],[90.434812,23.868789],[90.434796,23.868944],[90.434729,23.869068],[90.434641,23.869216],[90.43428,23.869765],[90.434024,23.870226],[90.433861,23.87114],[90.43376,23.871118],[90.433519,23.871059],[90.433279,23.870994],[90.433041,23.870924],[90.432804,23.870849],[90.432569,23.870769],[90.432337,23.870683],[90.432102,23.870674],[90.431868,23.870658],[90.431634,23.870635],[90.431401,23.870604],[90.431169,23.870567],[90.430939,23.870523],[90.430504,23.870503],[90.430069,23.870491],[90.429633,23.870485],[90.429198,23.870486],[90.428763,23.870494],[90.428328,23.870508],[90.427893,23.870529],[90.427727,23.870537],[90.427562,23.870552],[90.427397,23.870572],[90.427234,23.870599],[90.427071,23.870632],[90.42691,23.87067],[90.42675,23.870714],[90.426592,23.870764],[90.426435,23.87082],[90.426245,23.870805],[90.426055,23.870796],[90.425865,23.870791],[90.425674,23.870792],[90.425484,23.870797],[90.425293,23.870808],[90.425142,23.870773],[90.424989,23.870745],[90.424836,23.870723],[90.424681,23.870708],[90.424526,23.870698],[90.424371,23.870696],[90.424216,23.870699],[90.424061,23.870709],[90.423906,23.870726],[90.423753,23.870749],[90.423569,23.870719],[90.423387,23.870684],[90.423205,23.870646],[90.423024,23.870604],[90.422948,23.870811],[90.422929,23.870863],[90.422926,23.87087],[90.422823,23.871135],[90.422715,23.871398],[90.422678,23.871695],[90.422635,23.871991],[90.422598,23.87221],[90.422586,23.872286],[90.422531,23.87258],[90.4225,23.872729],[90.42247,23.872873],[90.422402,23.873164],[90.422329,23.873454],[90.422297,23.873565],[90.422271,23.873678],[90.422252,23.873793],[90.422239,23.873908],[90.422233,23.874024],[90.422234,23.874139],[90.422242,23.874255],[90.422247,23.874294],[90.422257,23.87437],[90.422278,23.874484],[90.422305,23.874596],[90.422005,23.875492],[90.421701,23.876395],[90.421641,23.87658],[90.421588,23.876766],[90.421541,23.876954],[90.421501,23.877144],[90.421468,23.877336],[90.421442,23.877528],[90.421423,23.877721],[90.421411,23.877914],[90.421406,23.878108],[90.421452,23.878228],[90.421453,23.878233],[90.421491,23.87835],[90.421508,23.878414],[90.421523,23.878473],[90.421549,23.878599],[90.421461,23.878749],[90.421367,23.878896],[90.421268,23.87904],[90.421163,23.879179],[90.421299,23.879316],[90.421873,23.879328],[90.421948,23.879295],[90.42197,23.879233],[90.421997,23.8792],[90.42207,23.879196],[90.422356,23.879173],[90.422396,23.879169],[90.422512,23.879161],[90.422778,23.879127],[90.422996,23.879102],[90.424242,23.879123],[90.42435,23.879177],[90.424433,23.879217],[90.424635,23.879239],[90.424938,23.879259],[90.424941,23.879259],[90.425288,23.879322],[90.425431,23.87941],[90.425756,23.879559],[90.425919,23.879681],[90.426146,23.879766],[90.426432,23.87978],[90.426659,23.879827],[90.42696,23.879875],[90.427209,23.879889],[90.427437,23.879921],[90.427555,23.879995],[90.427783,23.880013],[90.428022,23.880022],[90.428223,23.880092],[90.428528,23.880145],[90.42901,23.880201],[90.429357,23.880274],[90.430757,23.880373],[90.432077,23.880487],[90.432619,23.880533],[90.434232,23.880665],[90.434531,23.880756],[90.434873,23.880856],[90.434898,23.880863],[90.435281,23.880936],[90.435648,23.881],[90.436306,23.881106],[90.436662,23.881212],[90.436974,23.881232],[90.438734,23.881266],[90.440386,23.88127],[90.440989,23.881213],[90.442765,23.881238],[90.443056,23.881242],[90.444619,23.881273],[90.44537,23.881381],[90.446804,23.881386],[90.447025,23.881499],[90.448384,23.881579],[90.448518,23.880831],[90.448631,23.879854],[90.448846,23.878396],[90.448919,23.87759],[90.449093,23.876437],[90.449247,23.875203],[90.449387,23.873772],[90.44954,23.87258],[90.449579,23.872283],[90.449579,23.872283],[90.449747,23.870983]]]}},{"type":"Feature","properties":{"Ward_Name":"DCC North W-46","Exposure":-1.54151442,"Sensitivity":-1.33921036,"Adaptive_Capacity":0.24348267,"Exposure_s":0.09784354,"Sensitivity_s":0.05580988,"Adaptive_s":0.3442875,"HVI_raw":-0.06619685,"HVI":0.21308421,"HVI_Class":"Low","Rank":129.0,"Corporation":"DNCC","Area_m2":7780170.18998881,"LST_mean":29.66172838,"Road_Density":5.04,"industry%":1.346,"Pop_Density":76240.86499023,"SVF_mean":0.8644493,"Poverty_HCR":8.0,"build_km2":861.019,"informal%":1.63,"NDBI_media":-0.19222523,"Green%":57.056,"Blue%":1.567,"Hosp_count":0.0,"NTL_median":5.28416681,"unit_id":"DCC North W-46","name":"DCC North W-46","imputed":[],"center":[90.44039,23.887992]},"geometry":{"type":"Polygon","coordinates":[[[90.449247,23.875203],[90.449093,23.876437],[90.448919,23.87759],[90.448846,23.878396],[90.448631,23.879854],[90.448518,23.880831],[90.448384,23.881579],[90.447025,23.881499],[90.446804,23.881386],[90.44537,23.881381],[90.444619,23.881273],[90.443056,23.881242],[90.442765,23.881238],[90.440989,23.881213],[90.440386,23.88127],[90.438734,23.881266],[90.436974,23.881232],[90.436662,23.881212],[90.436306,23.881106],[90.435648,23.881],[90.435281,23.880936],[90.434898,23.880863],[90.434873,23.880856],[90.434531,23.880756],[90.434232,23.880665],[90.432619,23.880533],[90.432077,23.880487],[90.430757,23.880373],[90.429357,23.880274],[90.42901,23.880201],[90.428528,23.880145],[90.428223,23.880092],[90.428022,23.880022],[90.427783,23.880013],[90.427555,23.879995],[90.427437,23.879921],[90.427209,23.879889],[90.42696,23.879875],[90.426659,23.879827],[90.426432,23.87978],[90.426146,23.879766],[90.425919,23.879681],[90.425756,23.879559],[90.425431,23.87941],[90.425288,23.879322],[90.424941,23.879259],[90.424938,23.879259],[90.424635,23.879239],[90.424433,23.879217],[90.42435,23.879177],[90.424242,23.879123],[90.422996,23.879102],[90.422778,23.879127],[90.422512,23.879161],[90.422396,23.879169],[90.422356,23.879173],[90.42207,23.879196],[90.421997,23.8792],[90.42197,23.879233],[90.421948,23.879295],[90.421873,23.879328],[90.421299,23.879316],[90.421163,23.879179],[90.421077,23.879174],[90.420991,23.879162],[90.420907,23.879145],[90.420823,23.879123],[90.420742,23.879094],[90.420662,23.87906],[90.420585,23.879021],[90.420511,23.878976],[90.42044,23.878927],[90.420393,23.878892],[90.420342,23.878863],[90.420288,23.87884],[90.420232,23.878823],[90.420174,23.878814],[90.420115,23.878811],[90.420056,23.878815],[90.419999,23.878826],[90.419943,23.878844],[90.419889,23.878868],[90.419839,23.878898],[90.419793,23.878935],[90.419789,23.878938],[90.419751,23.878976],[90.419715,23.879022],[90.419684,23.879072],[90.419659,23.879125],[90.419641,23.879181],[90.419629,23.879238],[90.419624,23.879297],[90.419626,23.879355],[90.419574,23.879509],[90.41955,23.879571],[90.419515,23.879661],[90.41945,23.879809],[90.419379,23.879955],[90.419301,23.880098],[90.419268,23.880153],[90.419217,23.880237],[90.419128,23.880373],[90.419098,23.880413],[90.419033,23.880504],[90.418932,23.880631],[90.418825,23.880754],[90.418719,23.880867],[90.418714,23.880872],[90.418702,23.880884],[90.418598,23.880986],[90.418476,23.881094],[90.418351,23.881197],[90.418314,23.881275],[90.418095,23.881734],[90.418056,23.881816],[90.417508,23.881773],[90.417464,23.881893],[90.417423,23.882004],[90.417331,23.882252],[90.417033,23.883058],[90.417027,23.883058],[90.416566,23.883053],[90.416519,23.883105],[90.416442,23.883296],[90.416404,23.883353],[90.416352,23.883381],[90.416228,23.883391],[90.416105,23.883772],[90.41571,23.884833],[90.415343,23.885536],[90.415065,23.88602],[90.415168,23.886089],[90.41522,23.8861],[90.415344,23.88613],[90.41552,23.886133],[90.415655,23.886135],[90.415935,23.886169],[90.416028,23.886209],[90.416099,23.886286],[90.41616,23.886364],[90.416262,23.886423],[90.416479,23.886465],[90.416532,23.886475],[90.416645,23.886496],[90.416741,23.886532],[90.416965,23.886616],[90.41711,23.886657],[90.417316,23.886737],[90.417332,23.886745],[90.417491,23.886825],[90.417666,23.886886],[90.417862,23.886985],[90.417975,23.887053],[90.418118,23.887142],[90.418356,23.887184],[90.418563,23.887264],[90.418676,23.887323],[90.418769,23.887353],[90.418944,23.887413],[90.419214,23.887418],[90.419462,23.88746],[90.419929,23.887487],[90.420188,23.887539],[90.420395,23.887581],[90.42057,23.88767],[90.420755,23.887759],[90.420848,23.887789],[90.420992,23.887849],[90.421126,23.887918],[90.421301,23.888007],[90.421445,23.888095],[90.421547,23.888174],[90.421619,23.888213],[90.4217,23.888291],[90.421854,23.888398],[90.421946,23.888505],[90.421984,23.888659],[90.422033,23.888822],[90.422062,23.888927],[90.422184,23.889044],[90.422264,23.889217],[90.422365,23.889353],[90.422371,23.88936],[90.422497,23.889508],[90.422619,23.889653],[90.422752,23.889751],[90.423075,23.890205],[90.423382,23.89044],[90.423771,23.890761],[90.424609,23.891473],[90.425623,23.892187],[90.426402,23.892735],[90.427397,23.893363],[90.427972,23.893745],[90.428385,23.893829],[90.42853,23.893888],[90.428619,23.894129],[90.428679,23.894225],[90.428918,23.894239],[90.429175,23.894358],[90.429205,23.894425],[90.429252,23.894655],[90.429322,23.8948],[90.429536,23.895004],[90.429625,23.895037],[90.42967,23.895054],[90.429834,23.895171],[90.429977,23.895298],[90.430111,23.895367],[90.430537,23.895871],[90.430844,23.896105],[90.43111,23.89632],[90.431357,23.896467],[90.431583,23.896586],[90.431996,23.896707],[90.432089,23.896737],[90.432234,23.896768],[90.432483,23.896782],[90.432577,23.896784],[90.432763,23.896816],[90.432908,23.896847],[90.433063,23.896868],[90.433289,23.896987],[90.433423,23.897037],[90.433765,23.897128],[90.433905,23.89736],[90.434068,23.897563],[90.43419,23.89767],[90.434313,23.897778],[90.434518,23.897905],[90.434846,23.898121],[90.4352,23.898614],[90.435405,23.89878],[90.435865,23.899131],[90.435937,23.899171],[90.436079,23.899355],[90.436088,23.89945],[90.436003,23.899544],[90.435716,23.899836],[90.435557,23.900005],[90.435437,23.90029],[90.435361,23.90046],[90.435348,23.900603],[90.435336,23.900689],[90.435355,23.900775],[90.435396,23.900814],[90.435499,23.900845],[90.435603,23.900846],[90.435791,23.900792],[90.435958,23.900757],[90.43625,23.900704],[90.436533,23.900585],[90.436732,23.900512],[90.436993,23.900411],[90.437118,23.900413],[90.43745,23.900438],[90.437605,23.900479],[90.437842,23.900578],[90.438018,23.900629],[90.438236,23.900642],[90.438506,23.900646],[90.438984,23.900635],[90.439348,23.900622],[90.440024,23.900586],[90.440094,23.900571],[90.440567,23.900471],[90.441037,23.900326],[90.442336,23.899784],[90.442504,23.899691],[90.442724,23.899628],[90.442901,23.899583],[90.443079,23.899529],[90.443299,23.899437],[90.443404,23.899372],[90.44352,23.899297],[90.443677,23.899233],[90.443823,23.899207],[90.44401,23.89921],[90.444185,23.899225],[90.44429,23.899233],[90.444569,23.899286],[90.444839,23.8993],[90.445047,23.899322],[90.445298,23.899193],[90.445457,23.899062],[90.44572,23.898894],[90.445972,23.898736],[90.44634,23.898541],[90.446572,23.898383],[90.446795,23.898138],[90.447765,23.8974],[90.447944,23.897298],[90.448237,23.89715],[90.448647,23.896946],[90.448816,23.896806],[90.44911,23.896639],[90.449414,23.8965],[90.449917,23.896299],[90.450325,23.896133],[90.450445,23.896097],[90.450597,23.896052],[90.450942,23.895924],[90.451193,23.895833],[90.451401,23.895836],[90.451504,23.895876],[90.451574,23.896011],[90.451674,23.896204],[90.451777,23.896291],[90.451899,23.896389],[90.452033,23.896439],[90.452366,23.896444],[90.454963,23.896478],[90.455274,23.896519],[90.456776,23.896718],[90.457407,23.896881],[90.457572,23.896913],[90.457884,23.896927],[90.45804,23.89692],[90.45828,23.896848],[90.458323,23.89681],[90.458284,23.896666],[90.458235,23.896513],[90.458195,23.896426],[90.458242,23.896131],[90.458328,23.896018],[90.458476,23.895886],[90.458706,23.895785],[90.458904,23.895788],[90.459089,23.895858],[90.459161,23.895917],[90.459408,23.896007],[90.459491,23.896037],[90.459636,23.896039],[90.459742,23.895926],[90.459911,23.895786],[90.459954,23.89572],[90.460008,23.895635],[90.460067,23.895292],[90.460121,23.89514],[90.460238,23.895027],[90.460424,23.895068],[90.460598,23.895214],[90.460721,23.895283],[90.460919,23.895248],[90.461123,23.894908],[90.461277,23.89449],[90.46147,23.894168],[90.461484,23.893987],[90.461393,23.893881],[90.461186,23.893829],[90.460968,23.893845],[90.460718,23.89385],[90.460491,23.893751],[90.460422,23.893568],[90.460375,23.89331],[90.46023,23.892772],[90.460234,23.892591],[90.460218,23.892333],[90.460222,23.892142],[90.460174,23.891921],[90.460262,23.891693],[90.460399,23.891581],[90.460536,23.89145],[90.460726,23.891338],[90.460959,23.891084],[90.461066,23.890933],[90.461247,23.890726],[90.461459,23.890481],[90.461473,23.890309],[90.461501,23.889966],[90.461465,23.889678],[90.461406,23.889486],[90.461189,23.889406],[90.460835,23.889448],[90.460534,23.889443],[90.460358,23.88944],[90.460086,23.889522],[90.4599,23.889481],[90.459758,23.889297],[90.459794,23.88903],[90.45986,23.888869],[90.459972,23.88873],[90.460104,23.888567],[90.460234,23.888311],[90.460256,23.888264],[90.460322,23.888083],[90.460349,23.887986],[90.460366,23.887922],[90.460422,23.88776],[90.460425,23.887598],[90.460417,23.887435],[90.460348,23.887253],[90.460322,23.887013],[90.460222,23.88683],[90.460048,23.886684],[90.459872,23.886624],[90.459499,23.886599],[90.459385,23.886549],[90.459253,23.886423],[90.45912,23.886325],[90.458957,23.886131],[90.458825,23.885995],[90.458817,23.88589],[90.45883,23.885718],[90.458916,23.885605],[90.458981,23.885453],[90.458975,23.885205],[90.45901,23.885014],[90.459054,23.884891],[90.459212,23.884788],[90.459358,23.884762],[90.459467,23.884754],[90.459179,23.883673],[90.458873,23.882551],[90.458567,23.88149],[90.458233,23.881035],[90.457805,23.880321],[90.45694,23.878874],[90.456396,23.878034],[90.455906,23.877286],[90.455652,23.877004],[90.454951,23.876467],[90.453969,23.875701],[90.453451,23.875377],[90.452262,23.875324],[90.451027,23.875266],[90.449247,23.875203]]]}},{"type":"Feature","properties":{"Ward_Name":"DCC North W-47","Exposure":-0.44405738,"Sensitivity":0.88012781,"Adaptive_Capacity":-0.56302013,"Exposure_s":0.4011615,"Sensitivity_s":0.5470542,"Adaptive_s":0.02661424,"HVI_raw":0.31166948,"HVI":0.74909794,"HVI_Class":"High","Rank":26.0,"Corporation":"DNCC","Area_m2":2479952.71608594,"LST_mean":31.44694274,"Road_Density":14.52,"industry%":2.193,"Pop_Density":78547.546875,"SVF_mean":0.67316524,"Poverty_HCR":9.5,"build_km2":3989.603,"informal%":29.49,"NDBI_media":0.0077118,"Green%":7.834,"Blue%":0.831,"Hosp_count":1.0,"NTL_median":10.57333374,"unit_id":"DCC North W-47","name":"DCC North W-47","imputed":[],"center":[90.413735,23.876919]},"geometry":{"type":"Polygon","coordinates":[[[90.417033,23.883058],[90.417331,23.882252],[90.417423,23.882004],[90.417464,23.881893],[90.417508,23.881773],[90.418056,23.881816],[90.418095,23.881734],[90.418314,23.881275],[90.418351,23.881197],[90.418476,23.881094],[90.418598,23.880986],[90.418702,23.880884],[90.418714,23.880872],[90.418719,23.880867],[90.418825,23.880754],[90.418932,23.880631],[90.419033,23.880504],[90.419098,23.880413],[90.419128,23.880373],[90.419217,23.880237],[90.419268,23.880153],[90.419301,23.880098],[90.419379,23.879955],[90.41945,23.879809],[90.419515,23.879661],[90.41955,23.879571],[90.419574,23.879509],[90.419626,23.879355],[90.419624,23.879297],[90.419629,23.879238],[90.419641,23.879181],[90.419659,23.879125],[90.419684,23.879072],[90.419715,23.879022],[90.419751,23.878976],[90.419789,23.878938],[90.419793,23.878935],[90.419839,23.878898],[90.419889,23.878868],[90.419943,23.878844],[90.419999,23.878826],[90.420056,23.878815],[90.420115,23.878811],[90.420174,23.878814],[90.420232,23.878823],[90.420288,23.87884],[90.420342,23.878863],[90.420393,23.878892],[90.42044,23.878927],[90.420511,23.878976],[90.420585,23.879021],[90.420662,23.87906],[90.420742,23.879094],[90.420823,23.879123],[90.420907,23.879145],[90.420991,23.879162],[90.421077,23.879174],[90.421163,23.879179],[90.421268,23.87904],[90.421367,23.878896],[90.421461,23.878749],[90.421549,23.878599],[90.421523,23.878473],[90.421508,23.878414],[90.421491,23.87835],[90.421453,23.878233],[90.421452,23.878228],[90.421406,23.878108],[90.421411,23.877914],[90.421423,23.877721],[90.421442,23.877528],[90.421468,23.877336],[90.421501,23.877144],[90.421541,23.876954],[90.421588,23.876766],[90.421641,23.87658],[90.421701,23.876395],[90.422005,23.875492],[90.422305,23.874596],[90.422278,23.874484],[90.422257,23.87437],[90.422247,23.874294],[90.422242,23.874255],[90.422234,23.874139],[90.422233,23.874024],[90.422239,23.873908],[90.422252,23.873793],[90.422271,23.873678],[90.422297,23.873565],[90.422329,23.873454],[90.422402,23.873164],[90.42247,23.872873],[90.4225,23.872729],[90.422531,23.87258],[90.422586,23.872286],[90.422598,23.87221],[90.422635,23.871991],[90.422678,23.871695],[90.422715,23.871398],[90.422823,23.871135],[90.422926,23.87087],[90.422929,23.870863],[90.422948,23.870811],[90.422941,23.870811],[90.422269,23.870491],[90.42158,23.87025],[90.42088,23.869845],[90.420032,23.869386],[90.419101,23.868762],[90.418417,23.868686],[90.417648,23.868587],[90.41705,23.868491],[90.41635,23.868415],[90.41281,23.868346],[90.410369,23.868305],[90.409622,23.868249],[90.409039,23.868077],[90.4083,23.867907],[90.406172,23.867842],[90.40614,23.868748],[90.406007,23.875562],[90.405981,23.875929],[90.405962,23.876296],[90.40595,23.876664],[90.405945,23.877032],[90.405947,23.877399],[90.405957,23.877767],[90.405974,23.878134],[90.405997,23.878501],[90.406028,23.878867],[90.406066,23.879233],[90.406112,23.879598],[90.406417,23.881786],[90.406401,23.881796],[90.406423,23.881796],[90.406444,23.881796],[90.406468,23.881797],[90.406496,23.881797],[90.4066,23.881823],[90.40662,23.881828],[90.40663,23.881831],[90.406795,23.881879],[90.406979,23.88191],[90.407044,23.881921],[90.407172,23.881933],[90.407348,23.88195],[90.407417,23.881956],[90.407687,23.881961],[90.407822,23.881983],[90.40807,23.882024],[90.40845,23.882098],[90.408505,23.882108],[90.408521,23.88211],[90.40864,23.88212],[90.408826,23.882142],[90.40894,23.882182],[90.409354,23.882227],[90.409468,23.882229],[90.409614,23.882232],[90.409728,23.882234],[90.409935,23.882256],[90.410164,23.88227],[90.410257,23.8823],[90.410276,23.882367],[90.410253,23.882462],[90.410246,23.88248],[90.410199,23.882586],[90.410196,23.88271],[90.410184,23.882796],[90.410214,23.882853],[90.410286,23.882912],[90.410638,23.882975],[90.410731,23.882977],[90.410813,23.882994],[90.411114,23.88306],[90.411456,23.883084],[90.411689,23.88316],[90.411921,23.883236],[90.412128,23.883277],[90.412344,23.883405],[90.412445,23.883521],[90.412505,23.883618],[90.412597,23.883696],[90.412721,23.883765],[90.412814,23.883795],[90.412958,23.883855],[90.413092,23.883905],[90.413317,23.88409],[90.413329,23.8841],[90.413378,23.884139],[90.413572,23.884305],[90.413811,23.884496],[90.413889,23.884558],[90.414155,23.884773],[90.414257,23.884851],[90.41437,23.884929],[90.41443,23.885064],[90.414491,23.885142],[90.414489,23.885227],[90.414497,23.885342],[90.414495,23.885428],[90.414493,23.885543],[90.414554,23.88562],[90.414686,23.885766],[90.414758,23.885824],[90.414891,23.885922],[90.414963,23.885961],[90.415065,23.88602],[90.415343,23.885536],[90.41571,23.884833],[90.416105,23.883772],[90.416228,23.883391],[90.416352,23.883381],[90.416404,23.883353],[90.416442,23.883296],[90.416519,23.883105],[90.416566,23.883053],[90.417027,23.883058],[90.417033,23.883058]]]}},{"type":"Feature","properties":{"Ward_Name":"DCC North W-48","Exposure":-0.79720124,"Sensitivity":-0.62851671,"Adaptive_Capacity":0.76010281,"Exposure_s":0.30355871,"Sensitivity_s":0.21311994,"Adaptive_s":0.54777893,"HVI_raw":-0.01583187,"HVI":0.28452831,"HVI_Class":"Low","Rank":127.0,"Corporation":"DNCC","Area_m2":9422099.88672583,"LST_mean":30.73142644,"Road_Density":10.24,"industry%":1.369,"Pop_Density":209530.2565918,"SVF_mean":0.81554704,"Poverty_HCR":9.1,"build_km2":1492.808,"informal%":9.74,"NDBI_media":-0.11848755,"Green%":45.58,"Blue%":8.27,"Hosp_count":5.0,"NTL_median":8.22749996,"unit_id":"DCC North W-48","name":"DCC North W-48","imputed":[],"center":[90.437206,23.850478]},"geometry":{"type":"Polygon","coordinates":[[[90.457717,23.838568],[90.457361,23.837624],[90.457078,23.836974],[90.456083,23.834866],[90.454669,23.83196],[90.454356,23.831892],[90.44729,23.830344],[90.446715,23.830218],[90.446016,23.830064],[90.445941,23.830123],[90.441932,23.832547],[90.44046,23.833478],[90.440445,23.834232],[90.440282,23.835667],[90.440198,23.836226],[90.439964,23.838648],[90.439793,23.8394],[90.439518,23.840198],[90.438972,23.84208],[90.438587,23.843154],[90.437795,23.845729],[90.437552,23.846519],[90.437223,23.846707],[90.437125,23.846763],[90.436214,23.847213],[90.435394,23.847648],[90.432553,23.84754],[90.42967,23.847558],[90.426562,23.847494],[90.426215,23.847656],[90.425425,23.848204],[90.424207,23.849091],[90.423995,23.849302],[90.424376,23.84975],[90.424643,23.850017],[90.424672,23.850179],[90.424513,23.850356],[90.424482,23.850636],[90.424387,23.850795],[90.424268,23.851259],[90.422983,23.851255],[90.422882,23.853373],[90.423737,23.853465],[90.42441,23.85359],[90.424376,23.854354],[90.424147,23.855424],[90.423944,23.856138],[90.423777,23.857359],[90.42349,23.858739],[90.423159,23.859384],[90.422531,23.860317],[90.422018,23.860291],[90.420309,23.860071],[90.418213,23.859695],[90.41732,23.859583],[90.417092,23.860102],[90.416821,23.860792],[90.416628,23.861104],[90.416585,23.862099],[90.416458,23.863365],[90.416421,23.865629],[90.41635,23.868415],[90.41705,23.868491],[90.417648,23.868587],[90.418417,23.868686],[90.419101,23.868762],[90.420032,23.869386],[90.42088,23.869845],[90.42158,23.87025],[90.422269,23.870491],[90.422941,23.870811],[90.422948,23.870811],[90.423024,23.870604],[90.423205,23.870646],[90.423387,23.870684],[90.423569,23.870719],[90.423753,23.870749],[90.423906,23.870726],[90.424061,23.870709],[90.424216,23.870699],[90.424371,23.870696],[90.424526,23.870698],[90.424681,23.870708],[90.424836,23.870723],[90.424989,23.870745],[90.425142,23.870773],[90.425293,23.870808],[90.425484,23.870797],[90.425674,23.870792],[90.425865,23.870791],[90.426055,23.870796],[90.426245,23.870805],[90.426435,23.87082],[90.426592,23.870764],[90.42675,23.870714],[90.42691,23.87067],[90.427071,23.870632],[90.427234,23.870599],[90.427397,23.870572],[90.427562,23.870552],[90.427727,23.870537],[90.427893,23.870529],[90.428328,23.870508],[90.428763,23.870494],[90.429198,23.870486],[90.429633,23.870485],[90.430069,23.870491],[90.430504,23.870503],[90.430939,23.870523],[90.431169,23.870567],[90.431401,23.870604],[90.431634,23.870635],[90.431868,23.870658],[90.432102,23.870674],[90.432337,23.870683],[90.432569,23.870769],[90.432804,23.870849],[90.433041,23.870924],[90.433279,23.870994],[90.433519,23.871059],[90.43376,23.871118],[90.433861,23.87114],[90.434024,23.870226],[90.43428,23.869765],[90.434641,23.869216],[90.434729,23.869068],[90.434796,23.868944],[90.434812,23.868789],[90.434901,23.867232],[90.435272,23.866844],[90.435189,23.863767],[90.435198,23.862229],[90.436299,23.862276],[90.437997,23.862524],[90.439789,23.862764],[90.441801,23.86295],[90.442414,23.862941],[90.444358,23.862305],[90.445257,23.862062],[90.447047,23.861853],[90.448362,23.861559],[90.449373,23.861366],[90.45007,23.861311],[90.450956,23.861182],[90.451501,23.860895],[90.452251,23.860296],[90.452568,23.859976],[90.45275,23.859702],[90.452878,23.859571],[90.452995,23.85941],[90.453004,23.858961],[90.452854,23.858644],[90.452719,23.858145],[90.452622,23.857751],[90.452484,23.857405],[90.452252,23.857057],[90.451547,23.856425],[90.451119,23.855997],[90.450967,23.855852],[90.450771,23.855743],[90.450657,23.855722],[90.450421,23.855604],[90.450277,23.855525],[90.450073,23.855359],[90.44992,23.855194],[90.449819,23.85503],[90.449731,23.85372],[90.449696,23.85285],[90.449607,23.852056],[90.449627,23.851597],[90.449683,23.851407],[90.449718,23.851188],[90.449925,23.85016],[90.450503,23.84931],[90.450951,23.848668],[90.451228,23.848347],[90.451556,23.848028],[90.45267,23.847368],[90.453753,23.84667],[90.454688,23.846112],[90.455174,23.845719],[90.45529,23.845625],[90.455593,23.845544],[90.455906,23.845463],[90.456719,23.845286],[90.457483,23.845111],[90.457018,23.844193],[90.456599,23.843291],[90.455897,23.84159],[90.457449,23.839925],[90.457919,23.839345],[90.457924,23.839138],[90.457776,23.838733],[90.457717,23.838568]]]}},{"type":"Feature","properties":{"Ward_Name":"DCC North W-49","Exposure":-0.92594277,"Sensitivity":-0.59366738,"Adaptive_Capacity":0.31069197,"Exposure_s":0.2679768,"Sensitivity_s":0.22083374,"Adaptive_s":0.37076056,"HVI_raw":0.03603064,"HVI":0.3580967,"HVI_Class":"Low","Rank":116.0,"Corporation":"DNCC","Area_m2":3879639.31518103,"LST_mean":30.96753731,"Road_Density":10.08,"industry%":0.0,"Pop_Density":90609.86914062,"SVF_mean":0.77102648,"Poverty_HCR":9.1,"build_km2":1344.633,"informal%":2.74,"NDBI_media":-0.07049645,"Green%":27.547,"Blue%":9.727,"Hosp_count":1.0,"NTL_median":13.4645834,"unit_id":"DCC North W-49","name":"DCC North W-49","imputed":[],"center":[90.424714,23.846789]},"geometry":{"type":"Polygon","coordinates":[[[90.439595,23.833839],[90.43943,23.833949],[90.439391,23.834289],[90.439332,23.835016],[90.439256,23.835248],[90.439182,23.835348],[90.43905,23.83546],[90.438919,23.835523],[90.438763,23.83552],[90.438693,23.835478],[90.438642,23.835417],[90.438585,23.835338],[90.438417,23.83533],[90.438334,23.835445],[90.438246,23.835556],[90.438152,23.835662],[90.438054,23.835764],[90.43795,23.83586],[90.437842,23.835952],[90.437729,23.836038],[90.437613,23.836118],[90.437492,23.836192],[90.437368,23.836261],[90.437241,23.836323],[90.437111,23.836379],[90.436978,23.836428],[90.436843,23.836471],[90.436706,23.836507],[90.436082,23.836562],[90.435807,23.836653],[90.435727,23.837452],[90.434992,23.837506],[90.434719,23.837537],[90.434141,23.837575],[90.432961,23.837472],[90.431862,23.837256],[90.431602,23.837306],[90.431379,23.837422],[90.431096,23.837602],[90.430418,23.83774],[90.429612,23.837786],[90.428898,23.837822],[90.426859,23.837871],[90.42506,23.837913],[90.424545,23.838006],[90.423183,23.837947],[90.420118,23.837699],[90.419487,23.837627],[90.419532,23.837396],[90.419348,23.837365],[90.419163,23.837339],[90.418977,23.837318],[90.41879,23.837303],[90.418664,23.837619],[90.418531,23.837949],[90.417741,23.839793],[90.416964,23.841256],[90.416192,23.842476],[90.414948,23.843959],[90.413615,23.845549],[90.411939,23.847584],[90.410073,23.849898],[90.409249,23.85086],[90.410549,23.851213],[90.411312,23.851413],[90.41204,23.851463],[90.412205,23.851456],[90.412383,23.851278],[90.414532,23.850949],[90.414947,23.850865],[90.414961,23.850874],[90.415324,23.851038],[90.415493,23.851162],[90.415726,23.85118],[90.415998,23.851257],[90.416265,23.851533],[90.41654,23.851767],[90.416623,23.851926],[90.41695,23.853107],[90.417339,23.854303],[90.417411,23.854633],[90.417429,23.856453],[90.417335,23.858823],[90.41732,23.859583],[90.418213,23.859695],[90.420309,23.860071],[90.422018,23.860291],[90.422531,23.860317],[90.423159,23.859384],[90.42349,23.858739],[90.423777,23.857359],[90.423944,23.856138],[90.424147,23.855424],[90.424376,23.854354],[90.42441,23.85359],[90.423737,23.853465],[90.422882,23.853373],[90.422983,23.851255],[90.424268,23.851259],[90.424387,23.850795],[90.424482,23.850636],[90.424513,23.850356],[90.424672,23.850179],[90.424643,23.850017],[90.424376,23.84975],[90.423995,23.849302],[90.424207,23.849091],[90.425425,23.848204],[90.426215,23.847656],[90.426562,23.847494],[90.42967,23.847558],[90.432553,23.84754],[90.435394,23.847648],[90.436214,23.847213],[90.437125,23.846763],[90.437223,23.846707],[90.437552,23.846519],[90.437795,23.845729],[90.438587,23.843154],[90.438972,23.84208],[90.439518,23.840198],[90.439793,23.8394],[90.439964,23.838648],[90.440198,23.836226],[90.440282,23.835667],[90.440445,23.834232],[90.44046,23.833478],[90.439595,23.833839]]]}},{"type":"Feature","properties":{"Ward_Name":"DCC North W-50","Exposure":-0.08575444,"Sensitivity":0.92763034,"Adaptive_Capacity":-0.29965315,"Exposure_s":0.50019018,"Sensitivity_s":0.55756876,"Adaptive_s":0.13035181,"HVI_raw":0.30977754,"HVI":0.74641416,"HVI_Class":"High","Rank":29.0,"Corporation":"DNCC","Area_m2":2031331.52534319,"LST_mean":32.44940337,"Road_Density":16.91,"industry%":0.0,"Pop_Density":111859.43847656,"SVF_mean":0.63945475,"Poverty_HCR":9.8,"build_km2":3571.376,"informal%":32.3,"NDBI_media":0.01689084,"Green%":2.465,"Blue%":3.448,"Hosp_count":2.0,"NTL_median":17.43958378,"unit_id":"DCC North W-50","name":"DCC North W-50","imputed":[],"center":[90.411722,23.859432]},"geometry":{"type":"Polygon","coordinates":[[[90.41654,23.851767],[90.416265,23.851533],[90.415998,23.851257],[90.415726,23.85118],[90.415493,23.851162],[90.415324,23.851038],[90.414961,23.850874],[90.414947,23.850865],[90.414532,23.850949],[90.412383,23.851278],[90.412205,23.851456],[90.41204,23.851463],[90.411312,23.851413],[90.410549,23.851213],[90.409249,23.85086],[90.408793,23.850735],[90.408429,23.850559],[90.407249,23.852067],[90.406486,23.852993],[90.4064,23.853097],[90.406397,23.854119],[90.406272,23.855535],[90.406188,23.856489],[90.406124,23.859281],[90.406112,23.859829],[90.406147,23.860544],[90.406311,23.863817],[90.406172,23.867842],[90.4083,23.867907],[90.409039,23.868077],[90.409622,23.868249],[90.410369,23.868305],[90.41281,23.868346],[90.41635,23.868415],[90.416421,23.865629],[90.416458,23.863365],[90.416585,23.862099],[90.416628,23.861104],[90.416821,23.860792],[90.417092,23.860102],[90.41732,23.859583],[90.417335,23.858823],[90.417429,23.856453],[90.417411,23.854633],[90.417339,23.854303],[90.41695,23.853107],[90.416623,23.851926],[90.41654,23.851767]]]}},{"type":"Feature","properties":{"Ward_Name":"DCC North W-51","Exposure":0.30290799,"Sensitivity":-0.26765659,"Adaptive_Capacity":0.76830411,"Exposure_s":0.60760968,"Sensitivity_s":0.29299532,"Adaptive_s":0.55100933,"HVI_raw":0.10187171,"HVI":0.45149406,"HVI_Class":"Moderate","Rank":103.0,"Corporation":"DNCC","Area_m2":3903606.37852146,"LST_mean":32.63873045,"Road_Density":23.5,"industry%":0.601,"Pop_Density":175610.44042969,"SVF_mean":0.62141231,"Poverty_HCR":3.2,"build_km2":2653.395,"informal%":8.45,"NDBI_media":0.00877907,"Green%":3.325,"Blue%":2.609,"Hosp_count":16.0,"NTL_median":20.05916595,"unit_id":"DCC North W-51","name":"DCC North W-51","imputed":[],"center":[90.390074,23.877882]},"geometry":{"type":"Polygon","coordinates":[[[90.386402,23.897038],[90.387248,23.895644],[90.387277,23.895595],[90.387491,23.895231],[90.387638,23.894981],[90.387848,23.894854],[90.388085,23.894691],[90.388218,23.894538],[90.388284,23.894479],[90.388378,23.894361],[90.388433,23.894195],[90.388526,23.894065],[90.388552,23.894018],[90.388688,23.893769],[90.388745,23.893532],[90.389097,23.892809],[90.389196,23.892672],[90.389311,23.892514],[90.389352,23.892407],[90.389473,23.892195],[90.389582,23.891934],[90.389704,23.891673],[90.38989,23.891415],[90.389891,23.891414],[90.390147,23.890988],[90.39032,23.890776],[90.39054,23.890544],[90.390598,23.890482],[90.390783,23.890318],[90.391035,23.890096],[90.391273,23.889849],[90.391633,23.889413],[90.391805,23.889261],[90.39191,23.889191],[90.391964,23.889102],[90.392007,23.889031],[90.392018,23.889008],[90.392034,23.888835],[90.392035,23.88883],[90.392079,23.888549],[90.392083,23.888334],[90.392101,23.888072],[90.392054,23.887571],[90.392019,23.887255],[90.391997,23.886796],[90.392023,23.886539],[90.392038,23.886463],[90.39208,23.886263],[90.392328,23.885837],[90.392478,23.88561],[90.392598,23.885307],[90.392621,23.885174],[90.392624,23.885021],[90.392639,23.884811],[90.392601,23.884648],[90.392408,23.884415],[90.392286,23.88426],[90.392042,23.884036],[90.39194,23.883901],[90.391829,23.883756],[90.391705,23.883716],[90.391613,23.883647],[90.391574,23.883522],[90.391608,23.88338],[90.391745,23.883305],[90.39188,23.88327],[90.392152,23.883179],[90.392216,23.883094],[90.392348,23.882977],[90.392428,23.882906],[90.392545,23.882784],[90.392641,23.882661],[90.392727,23.88251],[90.392823,23.882349],[90.392899,23.882188],[90.392988,23.881894],[90.393023,23.881741],[90.39308,23.881456],[90.393082,23.88136],[90.393085,23.881227],[90.393086,23.88115],[90.392985,23.881015],[90.392934,23.880976],[90.392863,23.880908],[90.392771,23.88082],[90.392679,23.880752],[90.392566,23.880673],[90.392558,23.880549],[90.392592,23.880425],[90.392605,23.880301],[90.392622,23.880247],[90.392649,23.880159],[90.392786,23.880066],[90.392891,23.880029],[90.393255,23.879978],[90.393557,23.879974],[90.393723,23.879986],[90.393867,23.880046],[90.394197,23.880156],[90.394312,23.879559],[90.394318,23.879244],[90.394405,23.878557],[90.394503,23.878301],[90.394694,23.877617],[90.394942,23.877143],[90.395105,23.876764],[90.395109,23.876582],[90.395032,23.876275],[90.394918,23.875748],[90.394212,23.875201],[90.393328,23.87424],[90.393291,23.873991],[90.393287,23.872148],[90.393134,23.871202],[90.393116,23.868193],[90.392885,23.864729],[90.39295,23.862609],[90.393198,23.861911],[90.393296,23.861669],[90.393251,23.861582],[90.393167,23.861516],[90.393075,23.861191],[90.392883,23.861193],[90.392499,23.861191],[90.391896,23.86085],[90.391296,23.860503],[90.390699,23.860152],[90.390105,23.859795],[90.389515,23.859433],[90.388928,23.859065],[90.388344,23.858693],[90.38807,23.858515],[90.387763,23.858315],[90.387186,23.857933],[90.386612,23.857545],[90.383235,23.861649],[90.382575,23.862549],[90.379588,23.866622],[90.379594,23.86727],[90.379475,23.867407],[90.379433,23.867603],[90.379302,23.868769],[90.379299,23.869586],[90.379298,23.869842],[90.379297,23.870239],[90.379594,23.870298],[90.379588,23.871702],[90.37958,23.874135],[90.379866,23.874142],[90.379841,23.875378],[90.379947,23.875391],[90.380053,23.875409],[90.380158,23.875434],[90.380261,23.875464],[90.380362,23.875499],[90.380462,23.87554],[90.380559,23.875586],[90.380653,23.875637],[90.380745,23.875693],[90.380847,23.875736],[90.380952,23.875772],[90.381059,23.875802],[90.381168,23.875825],[90.381277,23.875842],[90.381388,23.875852],[90.381499,23.875855],[90.38161,23.875852],[90.38172,23.875842],[90.381852,23.875949],[90.381986,23.876051],[90.382125,23.876149],[90.382266,23.876242],[90.38241,23.87633],[90.382529,23.876408],[90.382651,23.876481],[90.382777,23.876548],[90.382905,23.876609],[90.383036,23.876665],[90.38317,23.876714],[90.383306,23.876757],[90.383443,23.876793],[90.383582,23.876824],[90.386479,23.878269],[90.387199,23.878507],[90.387211,23.878935],[90.387232,23.878938],[90.387252,23.878945],[90.387271,23.878955],[90.387288,23.878968],[90.387303,23.878983],[90.387314,23.879001],[90.387323,23.87902],[90.387328,23.879041],[90.38733,23.879062],[90.387328,23.879083],[90.387322,23.879104],[90.387313,23.879123],[90.387301,23.879141],[90.387287,23.879156],[90.387269,23.879169],[90.38725,23.879178],[90.38723,23.879185],[90.387209,23.879187],[90.387188,23.879186],[90.387167,23.879182],[90.387147,23.879174],[90.386606,23.879019],[90.386478,23.87901],[90.38646,23.879082],[90.386463,23.879228],[90.386537,23.879474],[90.386579,23.879603],[90.386614,23.879733],[90.386644,23.879865],[90.386667,23.879998],[90.386685,23.880132],[90.386696,23.880266],[90.386701,23.880401],[90.386699,23.880536],[90.386499,23.880565],[90.386518,23.88155],[90.386395,23.882197],[90.386195,23.882616],[90.386157,23.883025],[90.386328,23.884396],[90.386599,23.886509],[90.38669,23.887556],[90.386692,23.887567],[90.386747,23.887827],[90.386794,23.888027],[90.386818,23.888141],[90.386847,23.888241],[90.386851,23.888322],[90.386851,23.888393],[90.386851,23.888522],[90.386847,23.888588],[90.386828,23.888631],[90.386771,23.888745],[90.386737,23.888822],[90.386647,23.889017],[90.386533,23.889288],[90.386494,23.890454],[90.385838,23.890459],[90.385214,23.890559],[90.384957,23.890582],[90.384648,23.890554],[90.384282,23.890501],[90.383758,23.890501],[90.383711,23.891967],[90.383711,23.892555],[90.383628,23.892997],[90.383628,23.893383],[90.383599,23.893433],[90.383564,23.89348],[90.383523,23.893522],[90.383478,23.893559],[90.383429,23.89359],[90.383376,23.893615],[90.38332,23.893633],[90.383263,23.893645],[90.383205,23.893649],[90.383147,23.893647],[90.382608,23.893536],[90.380998,23.89354],[90.38094,23.893829],[90.380964,23.894733],[90.380958,23.895489],[90.38094,23.896322],[90.382785,23.89647],[90.383641,23.89647],[90.383695,23.896988],[90.384218,23.897785],[90.384468,23.898118],[90.384707,23.898285],[90.385002,23.898644],[90.385269,23.898563],[90.385507,23.898359],[90.385642,23.898225],[90.386402,23.897038]]]}},{"type":"Feature","properties":{"Ward_Name":"DCC North W-52","Exposure":-0.73114002,"Sensitivity":-0.35990622,"Adaptive_Capacity":0.24796574,"Exposure_s":0.32181688,"Sensitivity_s":0.27257613,"Adaptive_s":0.34605334,"HVI_raw":0.07931112,"HVI":0.41949125,"HVI_Class":"Moderate","Rank":107.0,"Corporation":"DNCC","Area_m2":7999382.55216061,"LST_mean":32.53141518,"Road_Density":14.38,"industry%":2.187,"Pop_Density":43374.24591064,"SVF_mean":0.85499439,"Poverty_HCR":10.9,"build_km2":836.128,"informal%":3.54,"NDBI_media":-0.02959728,"Green%":21.698,"Blue%":14.385,"Hosp_count":0.0,"NTL_median":10.21000004,"unit_id":"DCC North W-52","name":"DCC North W-52","imputed":[],"center":[90.365212,23.860699]},"geometry":{"type":"Polygon","coordinates":[[[90.386717,23.8546],[90.386729,23.854521],[90.386707,23.852992],[90.386599,23.851259],[90.386572,23.850052],[90.386548,23.849994],[90.386522,23.849932],[90.386433,23.849847],[90.38629,23.849832],[90.385901,23.849826],[90.385811,23.849777],[90.385526,23.849736],[90.385293,23.849708],[90.384982,23.849679],[90.384869,23.849498],[90.384832,23.849426],[90.384745,23.849221],[90.384747,23.849126],[90.384762,23.848995],[90.384828,23.848936],[90.384927,23.848556],[90.384878,23.848423],[90.384762,23.848386],[90.384619,23.848359],[90.384308,23.848366],[90.38418,23.848232],[90.384,23.84817],[90.383897,23.84812],[90.383863,23.847893],[90.383866,23.847714],[90.383857,23.847534],[90.383702,23.847484],[90.383441,23.847551],[90.383262,23.847429],[90.383109,23.847295],[90.383073,23.847115],[90.383079,23.846852],[90.383058,23.846589],[90.382982,23.846481],[90.382866,23.846431],[90.382712,23.846357],[90.382443,23.846185],[90.382111,23.845893],[90.381945,23.845403],[90.379602,23.845707],[90.375836,23.846273],[90.375582,23.84631],[90.371946,23.846837],[90.37046,23.847113],[90.365834,23.847851],[90.363874,23.848165],[90.363333,23.848252],[90.363012,23.848308],[90.36177,23.848526],[90.360593,23.84884],[90.360611,23.848906],[90.36061,23.848954],[90.360603,23.848996],[90.36055,23.849049],[90.360412,23.849106],[90.360262,23.849163],[90.360131,23.849197],[90.359843,23.849317],[90.359424,23.849507],[90.358485,23.850013],[90.3564,23.851649],[90.353896,23.853493],[90.352408,23.854518],[90.352002,23.854702],[90.351573,23.854766],[90.351312,23.854821],[90.349789,23.85501],[90.347745,23.855273],[90.346612,23.855481],[90.345616,23.855929],[90.344628,23.856605],[90.34415,23.857146],[90.34404,23.857454],[90.344025,23.857549],[90.344023,23.857645],[90.344099,23.85773],[90.344201,23.857827],[90.344368,23.858],[90.345154,23.858818],[90.345177,23.858842],[90.34639,23.860129],[90.346945,23.860632],[90.347156,23.860823],[90.347939,23.862073],[90.348272,23.862605],[90.349453,23.864301],[90.349643,23.864541],[90.350204,23.864282],[90.351484,23.86391],[90.35255,23.863558],[90.353014,23.863411],[90.353158,23.863342],[90.353308,23.863291],[90.353497,23.86324],[90.353699,23.863232],[90.353893,23.863247],[90.354074,23.863286],[90.354577,23.863456],[90.356148,23.863769],[90.357265,23.864069],[90.35753,23.864151],[90.359663,23.864265],[90.361037,23.864414],[90.363922,23.864595],[90.365213,23.864675],[90.365842,23.864831],[90.365843,23.864833],[90.365863,23.864995],[90.365888,23.865157],[90.365919,23.865318],[90.365956,23.865477],[90.365999,23.865636],[90.366046,23.865792],[90.366099,23.865947],[90.366158,23.8661],[90.366296,23.866245],[90.366431,23.866394],[90.36656,23.866548],[90.366686,23.866704],[90.366806,23.866865],[90.366922,23.867029],[90.367033,23.867196],[90.367139,23.867366],[90.36724,23.86754],[90.367288,23.867547],[90.367335,23.86756],[90.367378,23.86758],[90.367419,23.867606],[90.367456,23.867638],[90.367487,23.867674],[90.367514,23.867715],[90.367534,23.867759],[90.367548,23.867805],[90.367555,23.867853],[90.367555,23.867901],[90.367549,23.867949],[90.367536,23.867995],[90.367516,23.868039],[90.367491,23.86808],[90.367459,23.868117],[90.367423,23.868149],[90.367383,23.868176],[90.367423,23.868357],[90.367456,23.868539],[90.367483,23.868723],[90.367503,23.868907],[90.367518,23.869091],[90.367526,23.869277],[90.367641,23.869993],[90.367761,23.870709],[90.367888,23.871424],[90.36802,23.872138],[90.368071,23.872485],[90.368128,23.872831],[90.368191,23.873175],[90.368261,23.873519],[90.368336,23.873861],[90.368417,23.874203],[90.368504,23.874542],[90.368597,23.87488],[90.368661,23.874895],[90.368723,23.874917],[90.368783,23.874944],[90.36884,23.874977],[90.368893,23.875015],[90.368942,23.875058],[90.368987,23.875106],[90.369027,23.875158],[90.369062,23.875214],[90.369092,23.875273],[90.369115,23.875334],[90.369132,23.875398],[90.36923,23.875415],[90.369328,23.875427],[90.369426,23.875436],[90.369525,23.875439],[90.369537,23.875532],[90.369544,23.875624],[90.369546,23.875718],[90.369545,23.875764],[90.369765,23.875727],[90.369818,23.875727],[90.369936,23.875741],[90.370008,23.875774],[90.370072,23.875831],[90.370129,23.875881],[90.370215,23.875952],[90.370279,23.875988],[90.370339,23.875966],[90.370689,23.875031],[90.37141,23.874924],[90.37403,23.87461],[90.376464,23.874232],[90.377499,23.874128],[90.378727,23.874132],[90.37958,23.874135],[90.379588,23.871702],[90.379594,23.870298],[90.379297,23.870239],[90.379298,23.869842],[90.379299,23.869586],[90.379302,23.868769],[90.379433,23.867603],[90.379475,23.867407],[90.379594,23.86727],[90.379588,23.866622],[90.382575,23.862549],[90.383235,23.861649],[90.386612,23.857545],[90.386404,23.857388],[90.385562,23.856753],[90.385579,23.856688],[90.3856,23.856624],[90.385626,23.856563],[90.385656,23.856503],[90.385691,23.856446],[90.385989,23.856022],[90.38601,23.855694],[90.386717,23.8546]]]}},{"type":"Feature","properties":{"Ward_Name":"DCC North W-53","Exposure":-0.29731335,"Sensitivity":0.13287781,"Adaptive_Capacity":-0.12764407,"Exposure_s":0.44171899,"Sensitivity_s":0.3816525,"Adaptive_s":0.19810445,"HVI_raw":0.20461305,"HVI":0.59723545,"HVI_Class":"Moderate","Rank":76.0,"Corporation":"DNCC","Area_m2":4992122.66341865,"LST_mean":33.43127446,"Road_Density":15.97,"industry%":4.333,"Pop_Density":62869.55175781,"SVF_mean":0.81199963,"Poverty_HCR":11.5,"build_km2":1586.846,"informal%":13.64,"NDBI_media":-0.01070256,"Green%":20.952,"Blue%":4.918,"Hosp_count":0.0,"NTL_median":12.88958359,"unit_id":"DCC North W-53","name":"DCC North W-53","imputed":[],"center":[90.360232,23.875216]},"geometry":{"type":"Polygon","coordinates":[[[90.353699,23.863232],[90.353497,23.86324],[90.353308,23.863291],[90.353158,23.863342],[90.353014,23.863411],[90.35255,23.863558],[90.351484,23.86391],[90.350204,23.864282],[90.349643,23.864541],[90.349833,23.864781],[90.349982,23.865113],[90.350024,23.865314],[90.350024,23.865347],[90.350021,23.865472],[90.349956,23.865628],[90.349892,23.865699],[90.349828,23.865798],[90.349824,23.86597],[90.349943,23.866273],[90.350002,23.866403],[90.350102,23.866723],[90.350222,23.867109],[90.350775,23.868752],[90.350809,23.868853],[90.351122,23.870348],[90.351149,23.870638],[90.351237,23.871568],[90.35127,23.873001],[90.351348,23.87531],[90.351366,23.875969],[90.351399,23.87617],[90.351505,23.876345],[90.35167,23.876562],[90.351995,23.876873],[90.352754,23.877518],[90.354004,23.878691],[90.354487,23.879077],[90.355849,23.880165],[90.357034,23.881146],[90.357665,23.88177],[90.357786,23.881899],[90.357903,23.882032],[90.358015,23.882169],[90.358122,23.88231],[90.358224,23.882455],[90.35832,23.882603],[90.358411,23.882755],[90.358496,23.882911],[90.358575,23.883069],[90.358649,23.88323],[90.358716,23.883394],[90.358777,23.88356],[90.358818,23.883685],[90.35887,23.88365],[90.359056,23.883516],[90.359237,23.883376],[90.359415,23.883231],[90.359587,23.88308],[90.359755,23.882924],[90.359918,23.882763],[90.360076,23.882597],[90.360228,23.882426],[90.360376,23.882251],[90.360602,23.88139],[90.360822,23.880527],[90.360887,23.880267],[90.362453,23.880566],[90.36378,23.880798],[90.365099,23.881054],[90.367103,23.881476],[90.36865,23.881723],[90.370502,23.882286],[90.372173,23.882787],[90.373656,23.883319],[90.375611,23.883956],[90.377914,23.884694],[90.380461,23.885555],[90.382093,23.88609],[90.383886,23.886688],[90.385408,23.887197],[90.386292,23.887475],[90.386667,23.887559],[90.386692,23.887567],[90.38669,23.887556],[90.386599,23.886509],[90.386328,23.884396],[90.386157,23.883025],[90.386195,23.882616],[90.386395,23.882197],[90.386518,23.88155],[90.386499,23.880565],[90.386699,23.880536],[90.386701,23.880401],[90.386696,23.880266],[90.386685,23.880132],[90.386667,23.879998],[90.386644,23.879865],[90.386614,23.879733],[90.386579,23.879603],[90.386537,23.879474],[90.386463,23.879228],[90.38646,23.879082],[90.386478,23.87901],[90.386606,23.879019],[90.387147,23.879174],[90.387167,23.879182],[90.387188,23.879186],[90.387209,23.879187],[90.38723,23.879185],[90.38725,23.879178],[90.387269,23.879169],[90.387287,23.879156],[90.387301,23.879141],[90.387313,23.879123],[90.387322,23.879104],[90.387328,23.879083],[90.38733,23.879062],[90.387328,23.879041],[90.387323,23.87902],[90.387314,23.879001],[90.387303,23.878983],[90.387288,23.878968],[90.387271,23.878955],[90.387252,23.878945],[90.387232,23.878938],[90.387211,23.878935],[90.387199,23.878507],[90.386479,23.878269],[90.383582,23.876824],[90.383443,23.876793],[90.383306,23.876757],[90.38317,23.876714],[90.383036,23.876665],[90.382905,23.876609],[90.382777,23.876548],[90.382651,23.876481],[90.382529,23.876408],[90.38241,23.87633],[90.382266,23.876242],[90.382125,23.876149],[90.381986,23.876051],[90.381852,23.875949],[90.38172,23.875842],[90.38161,23.875852],[90.381499,23.875855],[90.381388,23.875852],[90.381277,23.875842],[90.381168,23.875825],[90.381059,23.875802],[90.380952,23.875772],[90.380847,23.875736],[90.380745,23.875693],[90.380653,23.875637],[90.380559,23.875586],[90.380462,23.87554],[90.380362,23.875499],[90.380261,23.875464],[90.380158,23.875434],[90.380053,23.875409],[90.379947,23.875391],[90.379841,23.875378],[90.379866,23.874142],[90.37958,23.874135],[90.378727,23.874132],[90.377499,23.874128],[90.376464,23.874232],[90.37403,23.87461],[90.37141,23.874924],[90.370689,23.875031],[90.370339,23.875966],[90.370279,23.875988],[90.370215,23.875952],[90.370129,23.875881],[90.370072,23.875831],[90.370008,23.875774],[90.369936,23.875741],[90.369818,23.875727],[90.369765,23.875727],[90.369545,23.875764],[90.369546,23.875718],[90.369544,23.875624],[90.369537,23.875532],[90.369525,23.875439],[90.369426,23.875436],[90.369328,23.875427],[90.36923,23.875415],[90.369132,23.875398],[90.369115,23.875334],[90.369092,23.875273],[90.369062,23.875214],[90.369027,23.875158],[90.368987,23.875106],[90.368942,23.875058],[90.368893,23.875015],[90.36884,23.874977],[90.368783,23.874944],[90.368723,23.874917],[90.368661,23.874895],[90.368597,23.87488],[90.368504,23.874542],[90.368417,23.874203],[90.368336,23.873861],[90.368261,23.873519],[90.368191,23.873175],[90.368128,23.872831],[90.368071,23.872485],[90.36802,23.872138],[90.367888,23.871424],[90.367761,23.870709],[90.367641,23.869993],[90.367526,23.869277],[90.367518,23.869091],[90.367503,23.868907],[90.367483,23.868723],[90.367456,23.868539],[90.367423,23.868357],[90.367383,23.868176],[90.367423,23.868149],[90.367459,23.868117],[90.367491,23.86808],[90.367516,23.868039],[90.367536,23.867995],[90.367549,23.867949],[90.367555,23.867901],[90.367555,23.867853],[90.367548,23.867805],[90.367534,23.867759],[90.367514,23.867715],[90.367487,23.867674],[90.367456,23.867638],[90.367419,23.867606],[90.367378,23.86758],[90.367335,23.86756],[90.367288,23.867547],[90.36724,23.86754],[90.367139,23.867366],[90.367033,23.867196],[90.366922,23.867029],[90.366806,23.866865],[90.366686,23.866704],[90.36656,23.866548],[90.366431,23.866394],[90.366296,23.866245],[90.366158,23.8661],[90.366099,23.865947],[90.366046,23.865792],[90.365999,23.865636],[90.365956,23.865477],[90.365919,23.865318],[90.365888,23.865157],[90.365863,23.864995],[90.365843,23.864833],[90.365842,23.864831],[90.365213,23.864675],[90.363922,23.864595],[90.361037,23.864414],[90.359663,23.864265],[90.35753,23.864151],[90.357265,23.864069],[90.356148,23.863769],[90.354577,23.863456],[90.354074,23.863286],[90.353893,23.863247],[90.353699,23.863232]]]}},{"type":"Feature","properties":{"Ward_Name":"DCC North W-54","Exposure":-0.17321705,"Sensitivity":0.17858145,"Adaptive_Capacity":-0.03518385,"Exposure_s":0.47601704,"Sensitivity_s":0.39176887,"Adaptive_s":0.23452359,"HVI_raw":0.20619559,"HVI":0.59948034,"HVI_Class":"Moderate","Rank":75.0,"Corporation":"DNCC","Area_m2":3823054.57579733,"LST_mean":33.05397184,"Road_Density":14.26,"industry%":12.147,"Pop_Density":73795.66650391,"SVF_mean":0.81104777,"Poverty_HCR":11.7,"build_km2":2037.258,"informal%":12.58,"NDBI_media":-0.01688231,"Green%":17.045,"Blue%":5.349,"Hosp_count":3.0,"NTL_median":10.28583336,"unit_id":"DCC North W-54","name":"DCC North W-54","imputed":[],"center":[90.372828,23.88997]},"geometry":{"type":"Polygon","coordinates":[[[90.385002,23.898644],[90.384707,23.898285],[90.384468,23.898118],[90.384218,23.897785],[90.383695,23.896988],[90.383641,23.89647],[90.382785,23.89647],[90.38094,23.896322],[90.380958,23.895489],[90.380964,23.894733],[90.38094,23.893829],[90.380998,23.89354],[90.382608,23.893536],[90.383147,23.893647],[90.383205,23.893649],[90.383263,23.893645],[90.38332,23.893633],[90.383376,23.893615],[90.383429,23.89359],[90.383478,23.893559],[90.383523,23.893522],[90.383564,23.89348],[90.383599,23.893433],[90.383628,23.893383],[90.383628,23.892997],[90.383711,23.892555],[90.383711,23.891967],[90.383758,23.890501],[90.384282,23.890501],[90.384648,23.890554],[90.384957,23.890582],[90.385214,23.890559],[90.385838,23.890459],[90.386494,23.890454],[90.386533,23.889288],[90.386647,23.889017],[90.386737,23.888822],[90.386771,23.888745],[90.386828,23.888631],[90.386847,23.888588],[90.386851,23.888522],[90.386851,23.888393],[90.386851,23.888322],[90.386847,23.888241],[90.386818,23.888141],[90.386794,23.888027],[90.386747,23.887827],[90.386692,23.887567],[90.386667,23.887559],[90.386292,23.887475],[90.385408,23.887197],[90.383886,23.886688],[90.382093,23.88609],[90.380461,23.885555],[90.377914,23.884694],[90.375611,23.883956],[90.373656,23.883319],[90.372173,23.882787],[90.370502,23.882286],[90.36865,23.881723],[90.367103,23.881476],[90.365099,23.881054],[90.36378,23.880798],[90.362453,23.880566],[90.360887,23.880267],[90.360822,23.880527],[90.360602,23.88139],[90.360376,23.882251],[90.360228,23.882426],[90.360076,23.882597],[90.359918,23.882763],[90.359755,23.882924],[90.359587,23.88308],[90.359415,23.883231],[90.359237,23.883376],[90.359056,23.883516],[90.35887,23.88365],[90.358818,23.883685],[90.358833,23.883728],[90.358882,23.883898],[90.358924,23.88407],[90.358961,23.884243],[90.358991,23.884418],[90.359014,23.884593],[90.359031,23.884769],[90.359042,23.884946],[90.358993,23.886701],[90.359144,23.889485],[90.359216,23.891343],[90.359238,23.891899],[90.359315,23.892695],[90.359386,23.893048],[90.3595,23.893207],[90.359683,23.893397],[90.359767,23.893463],[90.359998,23.893588],[90.360331,23.89373],[90.360656,23.8938],[90.361045,23.893871],[90.36182,23.894035],[90.363089,23.894426],[90.363911,23.89468],[90.365777,23.895285],[90.367645,23.895747],[90.368425,23.896097],[90.369192,23.896318],[90.369743,23.896435],[90.370389,23.896496],[90.370911,23.896484],[90.371199,23.896489],[90.371643,23.896503],[90.372094,23.896561],[90.372619,23.896583],[90.372942,23.896597],[90.373284,23.896675],[90.374533,23.89694],[90.37502,23.897141],[90.375816,23.897477],[90.376279,23.897686],[90.376725,23.897966],[90.377577,23.898596],[90.378776,23.899441],[90.379061,23.899603],[90.379379,23.899687],[90.379542,23.899733],[90.379752,23.899744],[90.379939,23.899747],[90.380134,23.899722],[90.38058,23.899629],[90.380807,23.899568],[90.380913,23.899546],[90.381316,23.899462],[90.38425,23.898875],[90.384819,23.8987],[90.385002,23.898644]]]}},{"type":"Feature","properties":{"Ward_Name":"DCC South W-01","Exposure":0.41883423,"Sensitivity":-0.14401006,"Adaptive_Capacity":-0.31473123,"Exposure_s":0.63964967,"Sensitivity_s":0.32036414,"Adaptive_s":0.12441271,"HVI_raw":0.26464966,"HVI":0.68239903,"HVI_Class":"High","Rank":49.0,"Corporation":"DSCC","Area_m2":827379.37624002,"LST_mean":32.45876881,"Road_Density":34.2,"industry%":0.0,"Pop_Density":109498.08329226,"SVF_mean":0.59964613,"Poverty_HCR":6.1,"build_km2":2957.792,"informal%":2.3,"NDBI_media":0.00979767,"Green%":1.17,"Blue%":2.085,"Hosp_count":2.0,"NTL_median":20.23500061,"unit_id":"DCC South W-01","name":"DCC South W-01","imputed":[],"center":[90.4268,23.748231]},"geometry":{"type":"Polygon","coordinates":[[[90.42676,23.743551],[90.426677,23.743552],[90.426676,23.743567],[90.426618,23.74436],[90.426604,23.744542],[90.426486,23.744809],[90.426426,23.744944],[90.425881,23.746071],[90.425768,23.746303],[90.425536,23.74661],[90.425297,23.746838],[90.424673,23.747432],[90.42465,23.747454],[90.424638,23.747461],[90.424121,23.747737],[90.423499,23.748079],[90.422955,23.748379],[90.422806,23.748421],[90.422434,23.748498],[90.421239,23.74873],[90.420748,23.748799],[90.419537,23.748968],[90.417753,23.749209],[90.415942,23.74953],[90.415985,23.750343],[90.415993,23.750457],[90.416009,23.750571],[90.416032,23.750683],[90.416061,23.750794],[90.416097,23.750903],[90.416139,23.75101],[90.416188,23.751114],[90.416243,23.751214],[90.416304,23.751311],[90.416371,23.751405],[90.416444,23.751494],[90.416521,23.751578],[90.416604,23.751658],[90.416692,23.751732],[90.416783,23.751801],[90.416879,23.751864],[90.416979,23.751922],[90.417081,23.751973],[90.417274,23.75202],[90.417468,23.752061],[90.417663,23.752096],[90.417859,23.752125],[90.418056,23.752149],[90.418253,23.752166],[90.418451,23.752178],[90.41865,23.752183],[90.418848,23.752183],[90.419046,23.752177],[90.419244,23.752164],[90.420077,23.752035],[90.420636,23.751961],[90.421079,23.751885],[90.421417,23.751854],[90.421742,23.751776],[90.422068,23.75171],[90.422602,23.751588],[90.423033,23.751451],[90.423319,23.75142],[90.423696,23.751391],[90.423994,23.75142],[90.42411,23.751457],[90.424419,23.751546],[90.424883,23.751721],[90.425089,23.751784],[90.425308,23.751895],[90.425511,23.752126],[90.425623,23.752342],[90.425697,23.752547],[90.425771,23.752763],[90.425768,23.75287],[90.425766,23.752991],[90.427475,23.753021],[90.428605,23.752771],[90.429268,23.75268],[90.429365,23.752415],[90.429753,23.752077],[90.42998,23.751548],[90.430046,23.751394],[90.430129,23.750758],[90.430298,23.750453],[90.430509,23.749625],[90.430376,23.748885],[90.430428,23.748614],[90.430408,23.748463],[90.430324,23.748347],[90.430217,23.74823],[90.430165,23.748151],[90.430184,23.747943],[90.430252,23.747285],[90.43033,23.747236],[90.430379,23.747165],[90.430349,23.747079],[90.430589,23.746746],[90.430623,23.746625],[90.430775,23.746019],[90.430839,23.745919],[90.430917,23.745913],[90.431119,23.745917],[90.431443,23.745926],[90.431378,23.745594],[90.431267,23.745505],[90.431129,23.745417],[90.431073,23.745314],[90.431045,23.745227],[90.431102,23.745112],[90.431149,23.745038],[90.431174,23.744937],[90.431157,23.744835],[90.431085,23.744678],[90.430831,23.744388],[90.430392,23.74444],[90.430094,23.744426],[90.429965,23.744403],[90.429774,23.744358],[90.429737,23.744274],[90.429738,23.744205],[90.429753,23.744119],[90.429761,23.744053],[90.429759,23.743981],[90.429744,23.743904],[90.42971,23.743819],[90.429673,23.743735],[90.429651,23.743672],[90.42963,23.743582],[90.429613,23.743483],[90.429553,23.743417],[90.429524,23.74341],[90.429452,23.743433],[90.429429,23.743462],[90.429402,23.743495],[90.429392,23.743507],[90.429311,23.743481],[90.429273,23.743451],[90.429228,23.743429],[90.429131,23.743413],[90.429076,23.743409],[90.428969,23.743431],[90.42888,23.743468],[90.428801,23.743524],[90.428769,23.743544],[90.428684,23.743552],[90.428639,23.743536],[90.428562,23.743502],[90.428446,23.743446],[90.428253,23.743398],[90.427883,23.743389],[90.427846,23.743442],[90.427797,23.743489],[90.427728,23.743509],[90.427368,23.743542],[90.42676,23.743551]]]}},{"type":"Feature","properties":{"Ward_Name":"DCC South W-02","Exposure":0.23149079,"Sensitivity":0.37640505,"Adaptive_Capacity":-0.46065823,"Exposure_s":0.58787122,"Sensitivity_s":0.43555657,"Adaptive_s":0.06693355,"HVI_raw":0.31150737,"HVI":0.74886798,"HVI_Class":"High","Rank":27.0,"Corporation":"DSCC","Area_m2":1082371.73565872,"LST_mean":32.70336788,"Road_Density":21.91,"industry%":0.0,"Pop_Density":161693.00891878,"SVF_mean":0.62215834,"Poverty_HCR":6.0,"build_km2":4288.845,"informal%":11.41,"NDBI_media":0.02650396,"Green%":0.006,"Blue%":0.414,"Hosp_count":3.0,"NTL_median":15.64124966,"unit_id":"DCC South W-02","name":"DCC South W-02","imputed":[],"center":[90.436275,23.747642]},"geometry":{"type":"Polygon","coordinates":[[[90.435953,23.74273],[90.435925,23.74268],[90.435903,23.742627],[90.435888,23.742571],[90.435883,23.742543],[90.435879,23.742514],[90.435874,23.742475],[90.435863,23.742436],[90.435847,23.7424],[90.435826,23.742366],[90.4358,23.742336],[90.43577,23.742309],[90.435736,23.742287],[90.4357,23.742271],[90.435605,23.742246],[90.4353,23.742167],[90.434898,23.742068],[90.434496,23.741973],[90.434448,23.741938],[90.434396,23.741909],[90.434341,23.741886],[90.434284,23.741869],[90.434225,23.74186],[90.434166,23.741857],[90.434107,23.741861],[90.434048,23.741872],[90.433991,23.741889],[90.433937,23.741913],[90.433886,23.741943],[90.433754,23.742011],[90.433619,23.742073],[90.433482,23.74213],[90.433342,23.74218],[90.4332,23.742225],[90.433057,23.742263],[90.432912,23.742296],[90.432766,23.742322],[90.432619,23.742342],[90.43164,23.742413],[90.430739,23.742491],[90.430239,23.742544],[90.430037,23.742583],[90.429734,23.742654],[90.428312,23.742642],[90.428056,23.74266],[90.427744,23.74269],[90.4275,23.742735],[90.427069,23.742776],[90.426813,23.742776],[90.42674,23.742776],[90.426677,23.743552],[90.42676,23.743551],[90.427368,23.743542],[90.427728,23.743509],[90.427797,23.743489],[90.427846,23.743442],[90.427883,23.743389],[90.428253,23.743398],[90.428446,23.743446],[90.428562,23.743502],[90.428639,23.743536],[90.428684,23.743552],[90.428769,23.743544],[90.428801,23.743524],[90.42888,23.743468],[90.428969,23.743431],[90.429076,23.743409],[90.429131,23.743413],[90.429228,23.743429],[90.429273,23.743451],[90.429311,23.743481],[90.429392,23.743507],[90.429402,23.743495],[90.429429,23.743462],[90.429452,23.743433],[90.429524,23.74341],[90.429553,23.743417],[90.429613,23.743483],[90.42963,23.743582],[90.429651,23.743672],[90.429673,23.743735],[90.42971,23.743819],[90.429744,23.743904],[90.429759,23.743981],[90.429761,23.744053],[90.429753,23.744119],[90.429738,23.744205],[90.429737,23.744274],[90.429774,23.744358],[90.429965,23.744403],[90.430094,23.744426],[90.430392,23.74444],[90.430831,23.744388],[90.431085,23.744678],[90.431157,23.744835],[90.431174,23.744937],[90.431149,23.745038],[90.431102,23.745112],[90.431045,23.745227],[90.431073,23.745314],[90.431129,23.745417],[90.431267,23.745505],[90.431378,23.745594],[90.431443,23.745926],[90.431119,23.745917],[90.430917,23.745913],[90.430839,23.745919],[90.430775,23.746019],[90.430623,23.746625],[90.430589,23.746746],[90.430349,23.747079],[90.430379,23.747165],[90.43033,23.747236],[90.430252,23.747285],[90.430184,23.747943],[90.430165,23.748151],[90.430217,23.74823],[90.430324,23.748347],[90.430408,23.748463],[90.430428,23.748614],[90.430376,23.748885],[90.430509,23.749625],[90.430298,23.750453],[90.430129,23.750758],[90.430046,23.751394],[90.42998,23.751548],[90.429753,23.752077],[90.429365,23.752415],[90.429268,23.75268],[90.429364,23.752667],[90.429908,23.752846],[90.430619,23.75292],[90.431362,23.75298],[90.432171,23.752685],[90.432263,23.752651],[90.432528,23.752554],[90.432553,23.752628],[90.43277,23.752549],[90.433247,23.75246],[90.433395,23.75243],[90.433534,23.752475],[90.433631,23.75248],[90.433714,23.752446],[90.433809,23.752372],[90.433907,23.75231],[90.43399,23.752268],[90.434126,23.752263],[90.43425,23.752279],[90.434386,23.752314],[90.434517,23.752352],[90.43466,23.752412],[90.434694,23.752498],[90.434763,23.752528],[90.434897,23.75243],[90.435051,23.752325],[90.43513,23.752294],[90.435203,23.752317],[90.435272,23.752361],[90.435326,23.75239],[90.435419,23.752403],[90.43551,23.752354],[90.43557,23.752269],[90.435591,23.752191],[90.435562,23.752068],[90.435537,23.751964],[90.435531,23.751889],[90.435559,23.751835],[90.435633,23.751833],[90.435702,23.751874],[90.435782,23.751986],[90.43585,23.752062],[90.435967,23.752039],[90.436086,23.751952],[90.436191,23.751928],[90.436289,23.751934],[90.436346,23.751974],[90.436367,23.752089],[90.436412,23.752183],[90.43647,23.752191],[90.436576,23.75216],[90.436706,23.752077],[90.436805,23.751996],[90.436856,23.751954],[90.436926,23.751966],[90.436988,23.75201],[90.43703,23.75205],[90.437142,23.752084],[90.437239,23.752111],[90.43732,23.752123],[90.43743,23.752067],[90.437525,23.752011],[90.437615,23.751948],[90.43788,23.751946],[90.438094,23.751938],[90.438553,23.751957],[90.438779,23.75195],[90.438951,23.751917],[90.439045,23.751883],[90.439098,23.751762],[90.439153,23.751354],[90.43917,23.751279],[90.439226,23.751191],[90.439293,23.751127],[90.439358,23.751017],[90.439421,23.75075],[90.439505,23.750636],[90.439573,23.750544],[90.439667,23.750517],[90.43978,23.750508],[90.439881,23.750517],[90.439999,23.750455],[90.440178,23.750271],[90.44032,23.750177],[90.440446,23.750118],[90.440524,23.750102],[90.440661,23.750043],[90.440812,23.749913],[90.44089,23.749885],[90.441565,23.749741],[90.441663,23.749392],[90.441883,23.749267],[90.442092,23.748673],[90.442313,23.747998],[90.442339,23.74743],[90.442494,23.746712],[90.442224,23.746683],[90.442008,23.746603],[90.441936,23.746481],[90.441929,23.746437],[90.441691,23.746494],[90.441527,23.746529],[90.441013,23.746637],[90.439778,23.746899],[90.439748,23.746905],[90.439718,23.746907],[90.439688,23.746904],[90.439659,23.746895],[90.439631,23.746883],[90.439606,23.746866],[90.439584,23.746845],[90.439566,23.746821],[90.439552,23.746794],[90.439542,23.746765],[90.439537,23.746735],[90.439488,23.746234],[90.439442,23.745733],[90.439434,23.745678],[90.439419,23.745625],[90.439399,23.745573],[90.439373,23.745524],[90.439342,23.745479],[90.439305,23.745437],[90.439265,23.7454],[90.43922,23.745368],[90.439187,23.745349],[90.439172,23.745341],[90.439121,23.745319],[90.438949,23.745299],[90.438905,23.745293],[90.438691,23.745261],[90.438477,23.745223],[90.438265,23.745178],[90.438054,23.745127],[90.437845,23.745069],[90.437739,23.745073],[90.437633,23.74507],[90.437528,23.74506],[90.437424,23.745043],[90.43732,23.745021],[90.437219,23.744992],[90.437119,23.744956],[90.437084,23.744948],[90.43705,23.744934],[90.437019,23.744915],[90.436993,23.74489],[90.436971,23.744861],[90.436954,23.744828],[90.436943,23.744794],[90.436939,23.744758],[90.436941,23.744721],[90.436936,23.744512],[90.436935,23.744477],[90.436935,23.744414],[90.436935,23.744314],[90.436935,23.744233],[90.436942,23.743989],[90.436953,23.743745],[90.436962,23.743623],[90.436971,23.743501],[90.436994,23.743258],[90.436996,23.743212],[90.436993,23.743166],[90.436984,23.74312],[90.436969,23.743077],[90.436949,23.743035],[90.43694,23.743035],[90.436827,23.743033],[90.436704,23.743024],[90.436582,23.743011],[90.43646,23.742992],[90.43634,23.742967],[90.43628,23.742952],[90.436221,23.742937],[90.436167,23.742916],[90.436116,23.742889],[90.436069,23.742857],[90.436025,23.742819],[90.435986,23.742777],[90.435953,23.74273]]]}},{"type":"Feature","properties":{"Ward_Name":"DCC South W-03","Exposure":0.58612525,"Sensitivity":0.56257619,"Adaptive_Capacity":-0.25079849,"Exposure_s":0.68588599,"Sensitivity_s":0.47676504,"Adaptive_s":0.14959517,"HVI_raw":0.32778306,"HVI":0.77195549,"HVI_Class":"High","Rank":18.0,"Corporation":"DSCC","Area_m2":1911239.78139055,"LST_mean":32.50736589,"Road_Density":20.31,"industry%":0.0,"Pop_Density":344992.7578125,"SVF_mean":0.59860451,"Poverty_HCR":6.1,"build_km2":4090.493,"informal%":23.4,"NDBI_media":0.0151636,"Green%":0.923,"Blue%":2.619,"Hosp_count":4.0,"NTL_median":16.34666729,"unit_id":"DCC South W-03","name":"DCC South W-03","imputed":[],"center":[90.435629,23.756599]},"geometry":{"type":"Polygon","coordinates":[[[90.445927,23.760678],[90.44596,23.760633],[90.445998,23.760591],[90.44604,23.760554],[90.446087,23.760523],[90.446136,23.760496],[90.446189,23.760476],[90.446243,23.760461],[90.446298,23.760453],[90.446316,23.760451],[90.446334,23.760247],[90.446366,23.759949],[90.44638,23.759875],[90.446395,23.759802],[90.446414,23.759592],[90.446316,23.759557],[90.446176,23.759574],[90.446065,23.759608],[90.446014,23.759624],[90.44577,23.759619],[90.44549,23.75962],[90.445414,23.759509],[90.445335,23.759311],[90.445151,23.75916],[90.445063,23.759159],[90.444886,23.759161],[90.444775,23.759035],[90.44474,23.758834],[90.444735,23.758802],[90.444705,23.758627],[90.444664,23.758073],[90.444652,23.757905],[90.444642,23.757842],[90.444492,23.756799],[90.444303,23.756624],[90.444281,23.756582],[90.444173,23.756369],[90.444176,23.756202],[90.444157,23.755872],[90.44412,23.755623],[90.444018,23.755535],[90.443708,23.755487],[90.443563,23.755456],[90.443338,23.755261],[90.443176,23.755063],[90.442829,23.75425],[90.442573,23.754074],[90.44242,23.753928],[90.442251,23.753791],[90.442188,23.75358],[90.442265,23.752841],[90.442067,23.751787],[90.44186,23.751225],[90.441833,23.751151],[90.441742,23.750912],[90.441472,23.750446],[90.441466,23.750435],[90.441468,23.750091],[90.441565,23.749741],[90.44089,23.749885],[90.440812,23.749913],[90.440661,23.750043],[90.440524,23.750102],[90.440446,23.750118],[90.44032,23.750177],[90.440178,23.750271],[90.439999,23.750455],[90.439881,23.750517],[90.43978,23.750508],[90.439667,23.750517],[90.439573,23.750544],[90.439505,23.750636],[90.439421,23.75075],[90.439358,23.751017],[90.439293,23.751127],[90.439226,23.751191],[90.43917,23.751279],[90.439153,23.751354],[90.439098,23.751762],[90.439045,23.751883],[90.438951,23.751917],[90.438779,23.75195],[90.438553,23.751957],[90.438094,23.751938],[90.43788,23.751946],[90.437615,23.751948],[90.437525,23.752011],[90.43743,23.752067],[90.43732,23.752123],[90.437239,23.752111],[90.437142,23.752084],[90.43703,23.75205],[90.436988,23.75201],[90.436926,23.751966],[90.436856,23.751954],[90.436805,23.751996],[90.436706,23.752077],[90.436576,23.75216],[90.43647,23.752191],[90.436412,23.752183],[90.436367,23.752089],[90.436346,23.751974],[90.436289,23.751934],[90.436191,23.751928],[90.436086,23.751952],[90.435967,23.752039],[90.43585,23.752062],[90.435782,23.751986],[90.435702,23.751874],[90.435633,23.751833],[90.435559,23.751835],[90.435531,23.751889],[90.435537,23.751964],[90.435562,23.752068],[90.435591,23.752191],[90.43557,23.752269],[90.43551,23.752354],[90.435419,23.752403],[90.435326,23.75239],[90.435272,23.752361],[90.435203,23.752317],[90.43513,23.752294],[90.435051,23.752325],[90.434897,23.75243],[90.434763,23.752528],[90.434694,23.752498],[90.43466,23.752412],[90.434517,23.752352],[90.434386,23.752314],[90.43425,23.752279],[90.434126,23.752263],[90.43399,23.752268],[90.433907,23.75231],[90.433809,23.752372],[90.433714,23.752446],[90.433631,23.75248],[90.433534,23.752475],[90.433395,23.75243],[90.433247,23.75246],[90.43277,23.752549],[90.432553,23.752628],[90.432528,23.752554],[90.432263,23.752651],[90.432171,23.752685],[90.431362,23.75298],[90.430619,23.75292],[90.429908,23.752846],[90.429364,23.752667],[90.429268,23.75268],[90.428605,23.752771],[90.427475,23.753021],[90.425766,23.752991],[90.425761,23.753264],[90.425756,23.753515],[90.425754,23.753587],[90.425815,23.753791],[90.425864,23.753935],[90.426043,23.754069],[90.426185,23.754131],[90.426456,23.754183],[90.426715,23.7542],[90.42695,23.754132],[90.427081,23.75405],[90.427265,23.75397],[90.427357,23.7539],[90.4275,23.75389],[90.427616,23.75394],[90.427704,23.754061],[90.427701,23.754192],[90.427686,23.754335],[90.42767,23.754454],[90.427648,23.75492],[90.427594,23.75505],[90.427422,23.755202],[90.427276,23.755379],[90.42713,23.755532],[90.427011,23.755673],[90.427007,23.755864],[90.427016,23.756067],[90.42695,23.756138],[90.426818,23.756255],[90.426815,23.756398],[90.426862,23.75665],[90.426911,23.756794],[90.426972,23.756986],[90.427108,23.757323],[90.427169,23.757515],[90.427231,23.757659],[90.427306,23.757816],[90.427589,23.757904],[90.427989,23.758042],[90.428374,23.758239],[90.428435,23.758269],[90.428683,23.758388],[90.429029,23.758597],[90.429234,23.758743],[90.429374,23.758841],[90.429668,23.759109],[90.42973,23.759229],[90.429812,23.759684],[90.429819,23.759971],[90.429903,23.760355],[90.429977,23.760523],[90.430037,23.760787],[90.430151,23.760908],[90.430435,23.760984],[90.430641,23.761048],[90.430951,23.761112],[90.431171,23.761188],[90.431376,23.761322],[90.431426,23.761371],[90.431553,23.761528],[90.431629,23.761649],[90.431792,23.761926],[90.432046,23.762193],[90.432096,23.76229],[90.432349,23.762604],[90.432503,23.762703],[90.432579,23.762811],[90.432719,23.762957],[90.432742,23.763065],[90.432765,23.763232],[90.432851,23.763461],[90.432865,23.763543],[90.432959,23.763517],[90.434806,23.763203],[90.436519,23.762899],[90.437118,23.762827],[90.437756,23.762765],[90.438779,23.762689],[90.441384,23.762546],[90.441459,23.762542],[90.4419,23.762521],[90.442341,23.762493],[90.442436,23.762485],[90.442782,23.762458],[90.443222,23.762415],[90.443661,23.762366],[90.4441,23.76231],[90.444509,23.762251],[90.444509,23.762251],[90.444538,23.762247],[90.444656,23.762224],[90.444773,23.762194],[90.444888,23.762157],[90.445,23.762113],[90.44511,23.762062],[90.445217,23.762006],[90.44532,23.761943],[90.44538,23.761901],[90.445419,23.761874],[90.445513,23.761799],[90.445604,23.761719],[90.445655,23.761659],[90.445701,23.761596],[90.445742,23.761529],[90.445777,23.761459],[90.445805,23.761386],[90.445828,23.761311],[90.445843,23.761234],[90.445853,23.761156],[90.445855,23.761078],[90.445851,23.761],[90.445848,23.760944],[90.445852,23.760888],[90.445861,23.760832],[90.445877,23.760779],[90.445899,23.760727],[90.445927,23.760678]]]}},{"type":"Feature","properties":{"Ward_Name":"DCC South W-04","Exposure":0.10353995,"Sensitivity":0.10464353,"Adaptive_Capacity":-0.63058785,"Exposure_s":0.55250784,"Sensitivity_s":0.37540292,"Adaptive_s":0.0,"HVI_raw":0.30129163,"HVI":0.73437667,"HVI_Class":"High","Rank":36.0,"Corporation":"DSCC","Area_m2":849133.65104431,"LST_mean":32.47040359,"Road_Density":22.62,"industry%":0.0,"Pop_Density":106910.85112449,"SVF_mean":0.61501318,"Poverty_HCR":5.1,"build_km2":4022.961,"informal%":5.69,"NDBI_media":0.019375,"Green%":0.188,"Blue%":0.283,"Hosp_count":1.0,"NTL_median":14.80416679,"unit_id":"DCC South W-04","name":"DCC South W-04","imputed":[],"center":[90.438802,23.742146]},"geometry":{"type":"Polygon","coordinates":[[[90.442644,23.742143],[90.442552,23.742079],[90.442482,23.742],[90.442425,23.741921],[90.442343,23.741789],[90.442275,23.741614],[90.441981,23.741102],[90.441623,23.740487],[90.441551,23.740176],[90.441468,23.740102],[90.441361,23.73994],[90.441279,23.739807],[90.441133,23.739655],[90.441013,23.739516],[90.440694,23.739254],[90.440541,23.739084],[90.440445,23.739011],[90.440292,23.738913],[90.439879,23.738476],[90.439803,23.738361],[90.439741,23.738235],[90.439697,23.738121],[90.439614,23.738066],[90.439523,23.7381],[90.439496,23.738147],[90.439455,23.738266],[90.439426,23.738421],[90.439392,23.738504],[90.439354,23.738742],[90.439301,23.738837],[90.439157,23.73887],[90.438995,23.738891],[90.438878,23.738889],[90.438716,23.738899],[90.438585,23.73895],[90.43848,23.739026],[90.438401,23.739055],[90.438342,23.739089],[90.438288,23.73922],[90.438228,23.739302],[90.438123,23.739372],[90.437934,23.739393],[90.437792,23.739355],[90.437689,23.739341],[90.437545,23.739381],[90.437441,23.739427],[90.437349,23.739473],[90.437192,23.739542],[90.437068,23.739564],[90.436945,23.739544],[90.436869,23.739489],[90.436825,23.739422],[90.436781,23.73932],[90.436737,23.739236],[90.43672,23.73914],[90.436683,23.739026],[90.436667,23.738865],[90.436597,23.738774],[90.436546,23.738725],[90.436501,23.738719],[90.436443,23.73873],[90.43639,23.738747],[90.43635,23.738812],[90.436289,23.738966],[90.436261,23.739049],[90.43624,23.739156],[90.436225,23.739251],[90.436151,23.739352],[90.436037,23.739547],[90.435984,23.739647],[90.435839,23.739729],[90.435756,23.739697],[90.435568,23.739646],[90.435362,23.739601],[90.435175,23.739532],[90.435028,23.739417],[90.434894,23.739331],[90.434784,23.739275],[90.43463,23.739213],[90.434501,23.739169],[90.434404,23.739173],[90.434338,23.739208],[90.434209,23.739206],[90.434002,23.739149],[90.433822,23.739086],[90.433628,23.739029],[90.433487,23.738955],[90.433344,23.738995],[90.433265,23.739041],[90.433165,23.739147],[90.433049,23.739139],[90.432637,23.738625],[90.432523,23.738497],[90.43246,23.738407],[90.432378,23.738316],[90.432243,23.73823],[90.432167,23.738139],[90.432059,23.738006],[90.431985,23.73782],[90.431831,23.737722],[90.431698,23.7376],[90.431595,23.737556],[90.431441,23.737476],[90.431287,23.737366],[90.431205,23.737269],[90.431036,23.737266],[90.430842,23.737263],[90.430724,23.737303],[90.430619,23.737355],[90.430508,23.737431],[90.430416,23.737489],[90.43031,23.737595],[90.430209,23.73779],[90.430096,23.737902],[90.430016,23.737996],[90.429873,23.738047],[90.429749,23.738093],[90.429586,23.738108],[90.429508,23.738137],[90.429435,23.738225],[90.429324,23.738265],[90.429162,23.738262],[90.429064,23.738285],[90.429016,23.738433],[90.428955,23.738533],[90.428908,23.73861],[90.428804,23.738621],[90.428604,23.738593],[90.428419,23.738548],[90.428408,23.738544],[90.428406,23.738572],[90.428401,23.738665],[90.428198,23.739046],[90.428052,23.739223],[90.427883,23.739427],[90.427842,23.739477],[90.427751,23.739556],[90.427455,23.739816],[90.427364,23.739955],[90.427086,23.740375],[90.426953,23.740662],[90.426908,23.740759],[90.426888,23.740994],[90.426798,23.742074],[90.42674,23.742776],[90.426813,23.742776],[90.427069,23.742776],[90.4275,23.742735],[90.427744,23.74269],[90.428056,23.74266],[90.428312,23.742642],[90.429734,23.742654],[90.430037,23.742583],[90.430239,23.742544],[90.430739,23.742491],[90.43164,23.742413],[90.432619,23.742342],[90.432766,23.742322],[90.432912,23.742296],[90.433057,23.742263],[90.4332,23.742225],[90.433342,23.74218],[90.433482,23.74213],[90.433619,23.742073],[90.433754,23.742011],[90.433886,23.741943],[90.433937,23.741913],[90.433991,23.741889],[90.434048,23.741872],[90.434107,23.741861],[90.434166,23.741857],[90.434225,23.74186],[90.434284,23.741869],[90.434341,23.741886],[90.434396,23.741909],[90.434448,23.741938],[90.434496,23.741973],[90.434898,23.742068],[90.4353,23.742167],[90.4357,23.742271],[90.435736,23.742287],[90.43577,23.742309],[90.4358,23.742336],[90.435826,23.742366],[90.435847,23.7424],[90.435863,23.742436],[90.435874,23.742475],[90.435879,23.742514],[90.435883,23.742543],[90.435888,23.742571],[90.435903,23.742627],[90.435925,23.74268],[90.435953,23.74273],[90.435986,23.742777],[90.436025,23.742819],[90.436069,23.742857],[90.436116,23.742889],[90.436167,23.742916],[90.436221,23.742937],[90.43628,23.742952],[90.43634,23.742967],[90.43646,23.742992],[90.436582,23.743011],[90.436704,23.743024],[90.436827,23.743033],[90.43694,23.743035],[90.436949,23.743035],[90.436969,23.743077],[90.436984,23.74312],[90.436993,23.743166],[90.436996,23.743212],[90.436994,23.743258],[90.436971,23.743501],[90.436962,23.743623],[90.436953,23.743745],[90.436942,23.743989],[90.436935,23.744233],[90.436935,23.744314],[90.436935,23.744414],[90.436935,23.744477],[90.436936,23.744512],[90.436941,23.744721],[90.436939,23.744758],[90.436943,23.744794],[90.436954,23.744828],[90.436971,23.744861],[90.436993,23.74489],[90.437019,23.744915],[90.43705,23.744934],[90.437084,23.744948],[90.437119,23.744956],[90.437219,23.744992],[90.43732,23.745021],[90.437424,23.745043],[90.437528,23.74506],[90.437633,23.74507],[90.437739,23.745073],[90.437845,23.745069],[90.438054,23.745127],[90.438265,23.745178],[90.438477,23.745223],[90.438691,23.745261],[90.438905,23.745293],[90.438949,23.745299],[90.439121,23.745319],[90.439172,23.745341],[90.439187,23.745349],[90.43922,23.745368],[90.439265,23.7454],[90.439305,23.745437],[90.439342,23.745479],[90.439373,23.745524],[90.439399,23.745573],[90.439419,23.745625],[90.439434,23.745678],[90.439442,23.745733],[90.439488,23.746234],[90.439537,23.746735],[90.439542,23.746765],[90.439552,23.746794],[90.439566,23.746821],[90.439584,23.746845],[90.439606,23.746866],[90.439631,23.746883],[90.439659,23.746895],[90.439688,23.746904],[90.439718,23.746907],[90.439748,23.746905],[90.439778,23.746899],[90.441013,23.746637],[90.441527,23.746529],[90.441691,23.746494],[90.441929,23.746437],[90.442538,23.746292],[90.442675,23.745849],[90.44274,23.745536],[90.44277,23.745001],[90.442851,23.744641],[90.442873,23.744647],[90.442885,23.744515],[90.443062,23.743619],[90.443231,23.743371],[90.443315,23.743222],[90.443317,23.743118],[90.442845,23.742602],[90.442709,23.74241],[90.442653,23.74228],[90.442644,23.742143]]]}},{"type":"Feature","properties":{"Ward_Name":"DCC South W-05","Exposure":0.00745692,"Sensitivity":0.09989672,"Adaptive_Capacity":-0.49175146,"Exposure_s":0.52595217,"Sensitivity_s":0.37435222,"Adaptive_s":0.05468624,"HVI_raw":0.27475463,"HVI":0.69673321,"HVI_Class":"High","Rank":46.0,"Corporation":"DSCC","Area_m2":895887.07854621,"LST_mean":31.77551735,"Road_Density":19.04,"industry%":0.0,"Pop_Density":183158.6875,"SVF_mean":0.62337608,"Poverty_HCR":5.2,"build_km2":3686.78,"informal%":11.91,"NDBI_media":5.871e-05,"Green%":1.93,"Blue%":2.879,"Hosp_count":1.0,"NTL_median":14.26583338,"unit_id":"DCC South W-05","name":"DCC South W-05","imputed":[],"center":[90.435785,23.737124]},"geometry":{"type":"Polygon","coordinates":[[[90.443651,23.740183],[90.443834,23.740182],[90.444013,23.740189],[90.444152,23.740252],[90.44424,23.740293],[90.444349,23.740319],[90.444524,23.740301],[90.444689,23.740236],[90.444792,23.740151],[90.444794,23.740058],[90.444738,23.739914],[90.444619,23.739819],[90.44454,23.739681],[90.444619,23.739249],[90.444657,23.739096],[90.44466,23.738942],[90.444548,23.738474],[90.444523,23.738359],[90.444319,23.738288],[90.444074,23.738277],[90.443778,23.738282],[90.443548,23.738286],[90.443346,23.738265],[90.443197,23.738137],[90.443086,23.738017],[90.443072,23.737776],[90.443082,23.737024],[90.4432,23.735998],[90.443321,23.734972],[90.44345,23.734333],[90.443555,23.73362],[90.443609,23.733029],[90.44348,23.732981],[90.443224,23.73288],[90.442971,23.732773],[90.442719,23.732661],[90.44248,23.732451],[90.442394,23.73244],[90.442327,23.73244],[90.44228,23.732444],[90.442263,23.73247],[90.442253,23.732487],[90.442236,23.732506],[90.442215,23.73252],[90.442173,23.732525],[90.442124,23.732529],[90.441971,23.73251],[90.441859,23.733069],[90.44184,23.733167],[90.441587,23.734206],[90.44154,23.734252],[90.441489,23.734293],[90.441434,23.734329],[90.441376,23.734358],[90.441314,23.734381],[90.441251,23.734397],[90.441186,23.734407],[90.441121,23.73441],[90.441056,23.734406],[90.440991,23.734395],[90.440844,23.734359],[90.440697,23.734329],[90.440548,23.734303],[90.440399,23.734283],[90.440249,23.734267],[90.440228,23.734267],[90.440207,23.734264],[90.440188,23.734258],[90.440169,23.734248],[90.440153,23.734235],[90.440139,23.73422],[90.440128,23.734202],[90.44012,23.734183],[90.440115,23.734163],[90.440113,23.734142],[90.440116,23.734122],[90.440121,23.734102],[90.440218,23.733606],[90.44004,23.733592],[90.439888,23.733434],[90.439753,23.733342],[90.439568,23.733178],[90.439401,23.73314],[90.439108,23.733182],[90.439001,23.733336],[90.438931,23.733615],[90.438901,23.7338],[90.438858,23.734044],[90.43879,23.734186],[90.438688,23.734399],[90.438761,23.734675],[90.43874,23.734771],[90.438679,23.734877],[90.438627,23.734912],[90.438503,23.734946],[90.438468,23.735041],[90.438479,23.735142],[90.438514,23.735346],[90.438544,23.735508],[90.438554,23.735615],[90.438442,23.735721],[90.438291,23.735796],[90.438134,23.735883],[90.437978,23.73588],[90.437488,23.735096],[90.437342,23.734861],[90.436614,23.73369],[90.436338,23.733113],[90.43619,23.73314],[90.435966,23.733275],[90.435876,23.733342],[90.435669,23.733397],[90.434894,23.733481],[90.434441,23.733571],[90.433691,23.733735],[90.433146,23.733854],[90.432558,23.734025],[90.431726,23.734204],[90.431087,23.734206],[90.430095,23.73409],[90.430013,23.73409],[90.429969,23.734094],[90.429945,23.734113],[90.429926,23.734153],[90.429905,23.734214],[90.429884,23.734279],[90.429857,23.734355],[90.42857,23.734391],[90.428541,23.73578],[90.428469,23.737511],[90.428427,23.738226],[90.428408,23.738544],[90.428419,23.738548],[90.428604,23.738593],[90.428804,23.738621],[90.428908,23.73861],[90.428955,23.738533],[90.429016,23.738433],[90.429064,23.738285],[90.429162,23.738262],[90.429324,23.738265],[90.429435,23.738225],[90.429508,23.738137],[90.429586,23.738108],[90.429749,23.738093],[90.429873,23.738047],[90.430016,23.737996],[90.430096,23.737902],[90.430209,23.73779],[90.43031,23.737595],[90.430416,23.737489],[90.430508,23.737431],[90.430619,23.737355],[90.430724,23.737303],[90.430842,23.737263],[90.431036,23.737266],[90.431205,23.737269],[90.431287,23.737366],[90.431441,23.737476],[90.431595,23.737556],[90.431698,23.7376],[90.431831,23.737722],[90.431985,23.73782],[90.432059,23.738006],[90.432167,23.738139],[90.432243,23.73823],[90.432378,23.738316],[90.43246,23.738407],[90.432523,23.738497],[90.432637,23.738625],[90.433049,23.739139],[90.433165,23.739147],[90.433265,23.739041],[90.433344,23.738995],[90.433487,23.738955],[90.433628,23.739029],[90.433822,23.739086],[90.434002,23.739149],[90.434209,23.739206],[90.434338,23.739208],[90.434404,23.739173],[90.434501,23.739169],[90.43463,23.739213],[90.434784,23.739275],[90.434894,23.739331],[90.435028,23.739417],[90.435175,23.739532],[90.435362,23.739601],[90.435568,23.739646],[90.435756,23.739697],[90.435839,23.739729],[90.435984,23.739647],[90.436037,23.739547],[90.436151,23.739352],[90.436225,23.739251],[90.43624,23.739156],[90.436261,23.739049],[90.436289,23.738966],[90.43635,23.738812],[90.43639,23.738747],[90.436443,23.73873],[90.436501,23.738719],[90.436546,23.738725],[90.436597,23.738774],[90.436667,23.738865],[90.436683,23.739026],[90.43672,23.73914],[90.436737,23.739236],[90.436781,23.73932],[90.436825,23.739422],[90.436869,23.739489],[90.436945,23.739544],[90.437068,23.739564],[90.437192,23.739542],[90.437349,23.739473],[90.437441,23.739427],[90.437545,23.739381],[90.437689,23.739341],[90.437792,23.739355],[90.437934,23.739393],[90.438123,23.739372],[90.438228,23.739302],[90.438288,23.73922],[90.438342,23.739089],[90.438401,23.739055],[90.43848,23.739026],[90.438585,23.73895],[90.438716,23.738899],[90.438878,23.738889],[90.438995,23.738891],[90.439157,23.73887],[90.439301,23.738837],[90.439354,23.738742],[90.439392,23.738504],[90.439426,23.738421],[90.439455,23.738266],[90.439496,23.738147],[90.439523,23.7381],[90.439614,23.738066],[90.439697,23.738121],[90.439741,23.738235],[90.439803,23.738361],[90.439879,23.738476],[90.440292,23.738913],[90.440445,23.739011],[90.440541,23.739084],[90.440694,23.739254],[90.441013,23.739516],[90.441133,23.739655],[90.441279,23.739807],[90.441361,23.73994],[90.441468,23.740102],[90.441551,23.740176],[90.441623,23.740487],[90.441981,23.741102],[90.442275,23.741614],[90.442343,23.741789],[90.442425,23.741921],[90.442482,23.742],[90.442552,23.742079],[90.442644,23.742143],[90.442719,23.742069],[90.44326,23.742064],[90.44347,23.740867],[90.443496,23.740338],[90.443573,23.740188],[90.443651,23.740183]]]}},{"type":"Feature","properties":{"Ward_Name":"DCC South W-06","Exposure":-0.13158993,"Sensitivity":0.1906763,"Adaptive_Capacity":-0.19744052,"Exposure_s":0.48752205,"Sensitivity_s":0.39444603,"Adaptive_s":0.17061233,"HVI_raw":0.23202033,"HVI":0.63611344,"HVI_Class":"High","Rank":64.0,"Corporation":"DSCC","Area_m2":619429.90596825,"LST_mean":31.79777015,"Road_Density":23.53,"industry%":0.0,"Pop_Density":58354.19470221,"SVF_mean":0.62078442,"Poverty_HCR":6.6,"build_km2":4054.098,"informal%":3.8,"NDBI_media":0.02357097,"Green%":1.727,"Blue%":0.0,"Hosp_count":3.0,"NTL_median":25.15375042,"unit_id":"DCC South W-06","name":"DCC South W-06","imputed":[],"center":[90.431848,23.729527]},"geometry":{"type":"Polygon","coordinates":[[[90.430013,23.73409],[90.430095,23.73409],[90.431087,23.734206],[90.431726,23.734204],[90.432558,23.734025],[90.433146,23.733854],[90.433691,23.733735],[90.434441,23.733571],[90.434894,23.733481],[90.435669,23.733397],[90.435876,23.733342],[90.435966,23.733275],[90.43619,23.73314],[90.436338,23.733113],[90.435848,23.73209],[90.435204,23.73018],[90.434936,23.728982],[90.434872,23.728755],[90.434669,23.728028],[90.434664,23.727293],[90.434695,23.726008],[90.434698,23.725903],[90.434634,23.725848],[90.434532,23.725763],[90.434403,23.725713],[90.434254,23.725722],[90.434134,23.725887],[90.434021,23.726017],[90.433943,23.726028],[90.433864,23.726062],[90.433782,23.72627],[90.433616,23.726488],[90.433445,23.726598],[90.433231,23.726607],[90.432622,23.726573],[90.43217,23.726494],[90.431886,23.726399],[90.431727,23.726247],[90.431671,23.726127],[90.431644,23.725834],[90.431589,23.725702],[90.431375,23.725668],[90.430954,23.725644],[90.430675,23.725639],[90.430216,23.725578],[90.430241,23.724987],[90.430321,23.724863],[90.430506,23.724711],[90.43054,23.724604],[90.430496,23.724525],[90.430094,23.724555],[90.429769,23.724591],[90.429249,23.724618],[90.428691,23.72431],[90.428704,23.723868],[90.428687,23.724205],[90.428637,23.728625],[90.428593,23.732375],[90.42857,23.734391],[90.429857,23.734355],[90.429884,23.734279],[90.429905,23.734214],[90.429926,23.734153],[90.429945,23.734113],[90.429969,23.734094],[90.430013,23.73409]]]}},{"type":"Feature","properties":{"Ward_Name":"DCC South W-07","Exposure":-0.14724091,"Sensitivity":0.47949728,"Adaptive_Capacity":-0.0747473,"Exposure_s":0.48319639,"Sensitivity_s":0.45837575,"Adaptive_s":0.21893994,"HVI_raw":0.23824679,"HVI":0.64494583,"HVI_Class":"High","Rank":59.0,"Corporation":"DSCC","Area_m2":542588.68169253,"LST_mean":32.23562509,"Road_Density":20.73,"industry%":0.0,"Pop_Density":108736.234375,"SVF_mean":0.68080843,"Poverty_HCR":7.2,"build_km2":4296.255,"informal%":12.47,"NDBI_media":0.02548664,"Green%":4.762,"Blue%":3.681,"Hosp_count":2.0,"NTL_median":23.90833378,"unit_id":"DCC South W-07","name":"DCC South W-07","imputed":[],"center":[90.43707,23.722399]},"geometry":{"type":"Polygon","coordinates":[[[90.434254,23.725722],[90.434403,23.725713],[90.434532,23.725763],[90.434634,23.725848],[90.434698,23.725903],[90.434695,23.726008],[90.435346,23.725961],[90.436021,23.725714],[90.436565,23.72548],[90.437545,23.724674],[90.437661,23.72461],[90.437806,23.724621],[90.438044,23.724625],[90.438149,23.724603],[90.438311,23.724515],[90.438455,23.724341],[90.438515,23.724156],[90.438591,23.724009],[90.438712,23.723925],[90.438936,23.723857],[90.439036,23.723796],[90.439121,23.723693],[90.439208,23.723479],[90.439183,23.723217],[90.439174,23.72312],[90.439177,23.722953],[90.439071,23.722522],[90.439037,23.722397],[90.439055,23.722278],[90.439055,23.722209],[90.439004,23.722111],[90.438959,23.722009],[90.438921,23.721905],[90.438888,23.721799],[90.438862,23.721691],[90.438842,23.721582],[90.438829,23.721472],[90.438593,23.721427],[90.438356,23.721389],[90.438118,23.721359],[90.437879,23.721335],[90.43764,23.721318],[90.4374,23.721309],[90.43716,23.721307],[90.43692,23.721311],[90.43668,23.721323],[90.436441,23.721342],[90.436203,23.721368],[90.435965,23.721402],[90.435729,23.721442],[90.435493,23.721489],[90.435259,23.721543],[90.435249,23.721676],[90.435234,23.721809],[90.435212,23.72194],[90.435186,23.722071],[90.435154,23.7222],[90.435117,23.722328],[90.43508,23.722389],[90.435038,23.722445],[90.43499,23.722497],[90.434937,23.722544],[90.434915,23.72256],[90.43488,23.722585],[90.434819,23.722621],[90.434755,23.72265],[90.434688,23.722673],[90.434353,23.722678],[90.434018,23.722675],[90.433682,23.722667],[90.433347,23.722651],[90.433012,23.72263],[90.432678,23.722601],[90.432492,23.722582],[90.432418,23.722574],[90.432345,23.722566],[90.432392,23.722477],[90.432444,23.722389],[90.4325,23.722304],[90.432559,23.722221],[90.432423,23.721825],[90.432292,23.721427],[90.432166,23.721027],[90.432046,23.720626],[90.431931,23.720223],[90.431821,23.719818],[90.431811,23.719461],[90.431807,23.719104],[90.431809,23.718747],[90.43179,23.718659],[90.431764,23.718573],[90.431732,23.718488],[90.431695,23.718406],[90.431652,23.718327],[90.431603,23.718251],[90.43155,23.718179],[90.431492,23.71811],[90.431429,23.718045],[90.431377,23.718068],[90.431327,23.718097],[90.431282,23.718131],[90.43124,23.718169],[90.431202,23.718212],[90.430779,23.71822],[90.430355,23.718234],[90.429931,23.718253],[90.429508,23.718277],[90.429085,23.718307],[90.429019,23.718879],[90.42896,23.719452],[90.428951,23.71956],[90.428921,23.719884],[90.428909,23.720025],[90.428864,23.720599],[90.428863,23.720599],[90.428825,23.721174],[90.428796,23.721716],[90.428794,23.721749],[90.428771,23.722281],[90.428769,23.722324],[90.428752,23.722899],[90.428704,23.723868],[90.428691,23.72431],[90.429249,23.724618],[90.429769,23.724591],[90.430094,23.724555],[90.430496,23.724525],[90.43054,23.724604],[90.430506,23.724711],[90.430321,23.724863],[90.430241,23.724987],[90.430216,23.725578],[90.430675,23.725639],[90.430954,23.725644],[90.431375,23.725668],[90.431589,23.725702],[90.431644,23.725834],[90.431671,23.726127],[90.431727,23.726247],[90.431886,23.726399],[90.43217,23.726494],[90.432622,23.726573],[90.433231,23.726607],[90.433445,23.726598],[90.433616,23.726488],[90.433782,23.72627],[90.433864,23.726062],[90.433943,23.726028],[90.434021,23.726017],[90.434134,23.725887],[90.434254,23.725722]]]}},{"type":"Feature","properties":{"Ward_Name":"DCC South W-08","Exposure":-0.4002374,"Sensitivity":-0.72809432,"Adaptive_Capacity":-0.09391375,"Exposure_s":0.41327258,"Sensitivity_s":0.19107871,"Adaptive_s":0.21139048,"HVI_raw":0.12110057,"HVI":0.47877073,"HVI_Class":"Moderate","Rank":98.0,"Corporation":"DSCC","Area_m2":651010.05670323,"LST_mean":33.4531862,"Road_Density":15.68,"industry%":0.0,"Pop_Density":59996.24300603,"SVF_mean":0.80077688,"Poverty_HCR":3.6,"build_km2":939.393,"informal%":2.04,"NDBI_media":0.00308766,"Green%":8.381,"Blue%":0.59,"Hosp_count":0.0,"NTL_median":31.39375019,"unit_id":"DCC South W-08","name":"DCC South W-08","imputed":[],"center":[90.426968,23.730998]},"geometry":{"type":"Polygon","coordinates":[[[90.428593,23.732375],[90.428637,23.728625],[90.428687,23.724205],[90.428704,23.723868],[90.428752,23.722899],[90.428732,23.7229],[90.42824,23.722901],[90.427727,23.722896],[90.427215,23.722884],[90.426704,23.722865],[90.426192,23.72284],[90.425681,23.722808],[90.425171,23.722769],[90.425145,23.723264],[90.425564,23.723269],[90.425459,23.725039],[90.425506,23.725134],[90.425535,23.725486],[90.425454,23.727323],[90.425364,23.729651],[90.425292,23.732292],[90.425231,23.732461],[90.425016,23.733053],[90.424935,23.73327],[90.424876,23.733427],[90.424645,23.734042],[90.42463,23.734082],[90.42435,23.734828],[90.424006,23.735542],[90.424156,23.735567],[90.424388,23.735612],[90.424543,23.735639],[90.424667,23.735641],[90.424789,23.735673],[90.424877,23.735824],[90.424887,23.736003],[90.424909,23.736188],[90.424905,23.736391],[90.424896,23.736534],[90.424873,23.736671],[90.424846,23.736766],[90.424824,23.736862],[90.424795,23.737046],[90.424792,23.737195],[90.424796,23.737321],[90.424865,23.737447],[90.424954,23.737526],[90.425095,23.7376],[90.425268,23.737699],[90.42534,23.7377],[90.425541,23.737703],[90.425579,23.737722],[90.425689,23.737766],[90.425731,23.73822],[90.425728,23.738399],[90.425712,23.738554],[90.425656,23.738738],[90.425648,23.73884],[90.4256,23.738976],[90.425597,23.739119],[90.425595,23.739209],[90.425592,23.739358],[90.425591,23.739418],[90.425588,23.739555],[90.425567,23.739674],[90.425565,23.739752],[90.425576,23.739883],[90.425633,23.73995],[90.425816,23.740204],[90.425962,23.740355],[90.426032,23.740422],[90.426179,23.740508],[90.426282,23.740564],[90.426385,23.740583],[90.426541,23.740586],[90.426643,23.740671],[90.426655,23.740749],[90.426652,23.740874],[90.426663,23.74097],[90.426888,23.740994],[90.426908,23.740759],[90.426953,23.740662],[90.427086,23.740375],[90.427364,23.739955],[90.427455,23.739816],[90.427751,23.739556],[90.427842,23.739477],[90.427883,23.739427],[90.428052,23.739223],[90.428198,23.739046],[90.428401,23.738665],[90.428406,23.738572],[90.428408,23.738544],[90.428427,23.738226],[90.428469,23.737511],[90.428541,23.73578],[90.42857,23.734391],[90.428593,23.732375]]]}},{"type":"Feature","properties":{"Ward_Name":"DCC South W-09","Exposure":0.38986934,"Sensitivity":-0.45372895,"Adaptive_Capacity":0.24703712,"Exposure_s":0.63164428,"Sensitivity_s":0.25180873,"Adaptive_s":0.34568756,"HVI_raw":0.16257309,"HVI":0.53760063,"HVI_Class":"Moderate","Rank":88.0,"Corporation":"DSCC","Area_m2":1283820.01512088,"LST_mean":32.79940736,"Road_Density":25.29,"industry%":4.039,"Pop_Density":127880.8984375,"SVF_mean":0.61660479,"Poverty_HCR":3.6,"build_km2":2065.256,"informal%":2.32,"NDBI_media":0.01595821,"Green%":9.052,"Blue%":1.996,"Hosp_count":2.0,"NTL_median":35.91833496,"unit_id":"DCC South W-09","name":"DCC South W-09","imputed":[],"center":[90.420223,23.728029]},"geometry":{"type":"Polygon","coordinates":[[[90.425231,23.732461],[90.425292,23.732292],[90.425364,23.729651],[90.425454,23.727323],[90.425535,23.725486],[90.425506,23.725134],[90.425459,23.725039],[90.425564,23.723269],[90.425145,23.723264],[90.425171,23.722769],[90.42517,23.722654],[90.425176,23.722539],[90.425189,23.722425],[90.42521,23.722312],[90.425238,23.7222],[90.425272,23.722091],[90.425313,23.721983],[90.425252,23.721922],[90.425187,23.721865],[90.425118,23.721813],[90.425044,23.721767],[90.425006,23.721746],[90.424968,23.721726],[90.424889,23.721691],[90.424807,23.721663],[90.424723,23.72164],[90.424638,23.721624],[90.424552,23.721615],[90.424406,23.7216],[90.424208,23.721581],[90.424173,23.721578],[90.423863,23.721554],[90.423518,23.721534],[90.423173,23.721521],[90.422827,23.721514],[90.422481,23.721514],[90.422136,23.721521],[90.42185,23.721532],[90.42179,23.721534],[90.421445,23.721554],[90.421101,23.721581],[90.421014,23.72159],[90.421006,23.72159],[90.420757,23.721615],[90.420634,23.721634],[90.419007,23.721889],[90.417258,23.722171],[90.415912,23.722393],[90.41551,23.722459],[90.415381,23.722511],[90.414273,23.722959],[90.414512,23.724934],[90.414548,23.725345],[90.414994,23.725911],[90.41501,23.727006],[90.415015,23.72733],[90.415033,23.728555],[90.415044,23.729344],[90.415057,23.730223],[90.415074,23.731307],[90.415066,23.731592],[90.41505,23.732178],[90.415178,23.732602],[90.415564,23.733392],[90.415719,23.733662],[90.41584,23.733872],[90.416692,23.734848],[90.416968,23.735143],[90.417,23.73519],[90.417102,23.735115],[90.418917,23.733696],[90.419106,23.733539],[90.41929,23.733377],[90.41947,23.73321],[90.419644,23.733038],[90.419814,23.732861],[90.419978,23.732679],[90.420138,23.732492],[90.420292,23.732301],[90.42044,23.732106],[90.420583,23.731906],[90.42072,23.731703],[90.420851,23.731496],[90.420976,23.731285],[90.421095,23.73107],[90.421208,23.730852],[90.421315,23.730631],[90.421415,23.730408],[90.421509,23.730181],[90.421596,23.729952],[90.421677,23.72972],[90.42279,23.729762],[90.422939,23.730105],[90.422852,23.730211],[90.422835,23.73056],[90.423249,23.730614],[90.42323,23.731044],[90.422433,23.731508],[90.422137,23.731771],[90.425195,23.732452],[90.425231,23.732461]]]}},{"type":"Feature","properties":{"Ward_Name":"DCC South W-10","Exposure":0.37450322,"Sensitivity":-0.94942922,"Adaptive_Capacity":-0.15956064,"Exposure_s":0.62739736,"Sensitivity_s":0.14208685,"Adaptive_s":0.18553283,"HVI_raw":0.17438785,"HVI":0.55436018,"HVI_Class":"Moderate","Rank":86.0,"Corporation":"DSCC","Area_m2":448095.927348,"LST_mean":31.65475523,"Road_Density":34.15,"industry%":8.108,"Pop_Density":37002.70585515,"SVF_mean":0.57971601,"Poverty_HCR":3.6,"build_km2":1237.463,"informal%":1.79,"NDBI_media":-0.05639355,"Green%":5.573,"Blue%":0.053,"Hosp_count":1.0,"NTL_median":29.16499901,"unit_id":"DCC South W-10","name":"DCC South W-10","imputed":[],"center":[90.420805,23.734973]},"geometry":{"type":"Polygon","coordinates":[[[90.424006,23.735542],[90.42435,23.734828],[90.42463,23.734082],[90.424645,23.734042],[90.424876,23.733427],[90.424935,23.73327],[90.425016,23.733053],[90.425231,23.732461],[90.425195,23.732452],[90.422137,23.731771],[90.422433,23.731508],[90.42323,23.731044],[90.423249,23.730614],[90.422835,23.73056],[90.422852,23.730211],[90.422939,23.730105],[90.42279,23.729762],[90.421677,23.72972],[90.421596,23.729952],[90.421509,23.730181],[90.421415,23.730408],[90.421315,23.730631],[90.421208,23.730852],[90.421095,23.73107],[90.420976,23.731285],[90.420851,23.731496],[90.42072,23.731703],[90.420583,23.731906],[90.42044,23.732106],[90.420292,23.732301],[90.420138,23.732492],[90.419978,23.732679],[90.419814,23.732861],[90.419644,23.733038],[90.41947,23.73321],[90.41929,23.733377],[90.419106,23.733539],[90.418917,23.733696],[90.417102,23.735115],[90.417,23.73519],[90.418167,23.736885],[90.418514,23.737454],[90.419319,23.738774],[90.419892,23.739778],[90.419938,23.739891],[90.419948,23.739916],[90.420522,23.739355],[90.421956,23.737955],[90.423308,23.736599],[90.423525,23.736275],[90.423945,23.735649],[90.423979,23.735599],[90.424006,23.735542]]]}},{"type":"Feature","properties":{"Ward_Name":"DCC South W-11","Exposure":-0.01879078,"Sensitivity":-0.52690098,"Adaptive_Capacity":-0.14165463,"Exposure_s":0.51869776,"Sensitivity_s":0.2356123,"Adaptive_s":0.19258583,"HVI_raw":0.17484982,"HVI":0.55501551,"HVI_Class":"Moderate","Rank":85.0,"Corporation":"DSCC","Area_m2":798440.04681865,"LST_mean":31.69057731,"Road_Density":31.36,"industry%":0.0,"Pop_Density":81618.287388,"SVF_mean":0.66127559,"Poverty_HCR":3.6,"build_km2":2287.77,"informal%":4.95,"NDBI_media":-0.02205676,"Green%":6.79,"Blue%":1.417,"Hosp_count":2.0,"NTL_median":23.73583221,"unit_id":"DCC South W-11","name":"DCC South W-11","imputed":[],"center":[90.421855,23.742277]},"geometry":{"type":"Polygon","coordinates":[[[90.42674,23.742776],[90.426798,23.742074],[90.426888,23.740994],[90.426663,23.74097],[90.426652,23.740874],[90.426655,23.740749],[90.426643,23.740671],[90.426541,23.740586],[90.426385,23.740583],[90.426282,23.740564],[90.426179,23.740508],[90.426032,23.740422],[90.425962,23.740355],[90.425816,23.740204],[90.425633,23.73995],[90.425576,23.739883],[90.425565,23.739752],[90.425567,23.739674],[90.425588,23.739555],[90.425591,23.739418],[90.425592,23.739358],[90.425595,23.739209],[90.425597,23.739119],[90.4256,23.738976],[90.425648,23.73884],[90.425656,23.738738],[90.425712,23.738554],[90.425728,23.738399],[90.425731,23.73822],[90.425689,23.737766],[90.425579,23.737722],[90.425541,23.737703],[90.42534,23.7377],[90.425268,23.737699],[90.425095,23.7376],[90.424954,23.737526],[90.424865,23.737447],[90.424796,23.737321],[90.424792,23.737195],[90.424795,23.737046],[90.424824,23.736862],[90.424846,23.736766],[90.424873,23.736671],[90.424896,23.736534],[90.424905,23.736391],[90.424909,23.736188],[90.424887,23.736003],[90.424877,23.735824],[90.424789,23.735673],[90.424667,23.735641],[90.424543,23.735639],[90.424388,23.735612],[90.424156,23.735567],[90.424006,23.735542],[90.423979,23.735599],[90.423945,23.735649],[90.423525,23.736275],[90.423308,23.736599],[90.421956,23.737955],[90.420522,23.739355],[90.419948,23.739916],[90.418568,23.740982],[90.416561,23.742473],[90.416288,23.742676],[90.41567,23.743144],[90.415677,23.743151],[90.415801,23.74326],[90.415885,23.743301],[90.415944,23.743305],[90.416006,23.743281],[90.416086,23.743211],[90.416153,23.743155],[90.416184,23.743141],[90.416282,23.743139],[90.416382,23.743201],[90.416509,23.743257],[90.416598,23.743277],[90.416687,23.743296],[90.416776,23.743323],[90.416845,23.74336],[90.416892,23.743382],[90.416969,23.743419],[90.417008,23.74342],[90.417083,23.743374],[90.417122,23.743368],[90.417203,23.743366],[90.417292,23.743399],[90.417323,23.743429],[90.417412,23.743452],[90.417494,23.743442],[90.417561,23.743407],[90.41767,23.74337],[90.417706,23.743353],[90.417826,23.743347],[90.417912,23.743363],[90.41797,23.743375],[90.41804,23.743347],[90.418108,23.743298],[90.418163,23.743238],[90.418219,23.743178],[90.418267,23.743115],[90.418315,23.743058],[90.418428,23.743035],[90.418603,23.743024],[90.41872,23.743026],[90.418902,23.743075],[90.419115,23.743136],[90.419227,23.743174],[90.419335,23.743215],[90.419447,23.743274],[90.419555,23.743312],[90.41969,23.743375],[90.419867,23.743453],[90.419995,23.743488],[90.420053,23.743489],[90.420146,23.743515],[90.420204,23.743566],[90.420234,23.743599],[90.42026,23.743667],[90.420259,23.743743],[90.42023,23.74381],[90.420179,23.743856],[90.420159,23.743884],[90.420122,23.743941],[90.420141,23.743995],[90.420171,23.744024],[90.420225,23.744047],[90.420299,23.744055],[90.420377,23.744074],[90.420442,23.7441],[90.420472,23.744151],[90.420486,23.744266],[90.420524,23.744499],[90.420507,23.744775],[90.420489,23.744879],[90.420481,23.744921],[90.420456,23.744964],[90.420446,23.745075],[90.420438,23.745128],[90.420406,23.745164],[90.420382,23.745199],[90.420368,23.745292],[90.420405,23.745389],[90.420408,23.74544],[90.420356,23.745518],[90.420328,23.745557],[90.420206,23.74564],[90.420099,23.745746],[90.420109,23.745796],[90.420246,23.745949],[90.420306,23.746054],[90.420348,23.746105],[90.420414,23.746124],[90.420492,23.746125],[90.420574,23.746127],[90.4206,23.746152],[90.42059,23.747452],[90.420599,23.748391],[90.420586,23.748459],[90.420519,23.748519],[90.420448,23.748532],[90.420394,23.748545],[90.420346,23.748573],[90.420291,23.74864],[90.420288,23.748842],[90.42029,23.748863],[90.420748,23.748799],[90.421239,23.74873],[90.422434,23.748498],[90.422806,23.748421],[90.422955,23.748379],[90.423499,23.748079],[90.424121,23.747737],[90.424638,23.747461],[90.42465,23.747454],[90.424673,23.747432],[90.425297,23.746838],[90.425536,23.74661],[90.425768,23.746303],[90.425881,23.746071],[90.426426,23.744944],[90.426486,23.744809],[90.426604,23.744542],[90.426618,23.74436],[90.426676,23.743567],[90.42674,23.742776]]]}},{"type":"Feature","properties":{"Ward_Name":"DCC South W-12","Exposure":0.40317252,"Sensitivity":-0.08367799,"Adaptive_Capacity":-0.08085201,"Exposure_s":0.63532105,"Sensitivity_s":0.33371847,"Adaptive_s":0.21653536,"HVI_raw":0.23740559,"HVI":0.64375258,"HVI_Class":"High","Rank":60.0,"Corporation":"DSCC","Area_m2":512050.92859596,"LST_mean":32.72285214,"Road_Density":34.93,"industry%":0.0,"Pop_Density":53653.42287597,"SVF_mean":0.58902458,"Poverty_HCR":3.6,"build_km2":3274.17,"informal%":6.39,"NDBI_media":0.02785488,"Green%":0.415,"Blue%":1.047,"Hosp_count":4.0,"NTL_median":26.01000023,"unit_id":"DCC South W-12","name":"DCC South W-12","imputed":[],"center":[90.416541,23.74668]},"geometry":{"type":"Polygon","coordinates":[[[90.4206,23.746152],[90.420574,23.746127],[90.420492,23.746125],[90.420414,23.746124],[90.420348,23.746105],[90.420306,23.746054],[90.420246,23.745949],[90.420109,23.745796],[90.420099,23.745746],[90.420206,23.74564],[90.420328,23.745557],[90.420356,23.745518],[90.420408,23.74544],[90.420405,23.745389],[90.420368,23.745292],[90.420382,23.745199],[90.420406,23.745164],[90.420438,23.745128],[90.420446,23.745075],[90.420456,23.744964],[90.420481,23.744921],[90.420489,23.744879],[90.420507,23.744775],[90.420524,23.744499],[90.420486,23.744266],[90.420472,23.744151],[90.420442,23.7441],[90.420377,23.744074],[90.420299,23.744055],[90.420225,23.744047],[90.420171,23.744024],[90.420141,23.743995],[90.420122,23.743941],[90.420159,23.743884],[90.420179,23.743856],[90.42023,23.74381],[90.420259,23.743743],[90.42026,23.743667],[90.420234,23.743599],[90.420204,23.743566],[90.420146,23.743515],[90.420053,23.743489],[90.419995,23.743488],[90.419867,23.743453],[90.41969,23.743375],[90.419555,23.743312],[90.419447,23.743274],[90.419335,23.743215],[90.419227,23.743174],[90.419115,23.743136],[90.418902,23.743075],[90.41872,23.743026],[90.418603,23.743024],[90.418428,23.743035],[90.418315,23.743058],[90.418267,23.743115],[90.418219,23.743178],[90.418163,23.743238],[90.418108,23.743298],[90.41804,23.743347],[90.41797,23.743375],[90.417912,23.743363],[90.417826,23.743347],[90.417706,23.743353],[90.41767,23.74337],[90.417561,23.743407],[90.417494,23.743442],[90.417412,23.743452],[90.417323,23.743429],[90.417292,23.743399],[90.417203,23.743366],[90.417122,23.743368],[90.417083,23.743374],[90.417008,23.74342],[90.416969,23.743419],[90.416892,23.743382],[90.416845,23.74336],[90.416776,23.743323],[90.416687,23.743296],[90.416598,23.743277],[90.416509,23.743257],[90.416382,23.743201],[90.416282,23.743139],[90.416184,23.743141],[90.416153,23.743155],[90.416086,23.743211],[90.416006,23.743281],[90.415944,23.743305],[90.415885,23.743301],[90.415801,23.74326],[90.415677,23.743151],[90.41567,23.743144],[90.414318,23.744168],[90.414295,23.744185],[90.412334,23.745624],[90.412415,23.7461],[90.412415,23.746102],[90.412558,23.747123],[90.412624,23.748332],[90.41261,23.749369],[90.412688,23.749539],[90.412781,23.74974],[90.412903,23.750003],[90.413803,23.749849],[90.41584,23.749548],[90.415942,23.74953],[90.417753,23.749209],[90.419537,23.748968],[90.42029,23.748863],[90.420288,23.748842],[90.420291,23.74864],[90.420346,23.748573],[90.420394,23.748545],[90.420448,23.748532],[90.420519,23.748519],[90.420586,23.748459],[90.420599,23.748391],[90.42059,23.747452],[90.4206,23.746152]]]}},{"type":"Feature","properties":{"Ward_Name":"DCC South W-13","Exposure":0.18764712,"Sensitivity":-0.73204441,"Adaptive_Capacity":0.25047121,"Exposure_s":0.57575359,"Sensitivity_s":0.19020437,"Adaptive_s":0.34704022,"HVI_raw":0.12287337,"HVI":0.48128549,"HVI_Class":"Moderate","Rank":97.0,"Corporation":"DSCC","Area_m2":1365470.94416438,"LST_mean":31.6970278,"Road_Density":28.92,"industry%":0.0,"Pop_Density":83197.06640625,"SVF_mean":0.55429153,"Poverty_HCR":1.2,"build_km2":1602.381,"informal%":0.38,"NDBI_media":0.01957042,"Green%":1.935,"Blue%":1.344,"Hosp_count":6.0,"NTL_median":31.45000076,"unit_id":"DCC South W-13","name":"DCC South W-13","imputed":[],"center":[90.412872,23.733551]},"geometry":{"type":"Polygon","coordinates":[[[90.414512,23.724934],[90.414273,23.722959],[90.413931,23.722976],[90.41359,23.722986],[90.413248,23.722991],[90.412906,23.722989],[90.412565,23.722981],[90.412223,23.722966],[90.412095,23.722959],[90.411896,23.722947],[90.411882,23.722946],[90.411668,23.722958],[90.411454,23.722962],[90.41124,23.72296],[90.411026,23.722951],[90.410584,23.722974],[90.410584,23.723016],[90.410567,23.726658],[90.410391,23.727647],[90.41005,23.729555],[90.40999,23.730549],[90.410007,23.731229],[90.410023,23.731914],[90.410039,23.732531],[90.410061,23.733441],[90.410073,23.73396],[90.410226,23.736349],[90.410227,23.736406],[90.410245,23.73722],[90.408708,23.737472],[90.408884,23.737748],[90.411063,23.740594],[90.411423,23.741045],[90.412686,23.742626],[90.413254,23.74324],[90.413386,23.743382],[90.413738,23.743679],[90.414318,23.744168],[90.41567,23.743144],[90.416288,23.742676],[90.416561,23.742473],[90.418568,23.740982],[90.419948,23.739916],[90.419938,23.739891],[90.419892,23.739778],[90.419319,23.738774],[90.418514,23.737454],[90.418167,23.736885],[90.417,23.73519],[90.416968,23.735143],[90.416692,23.734848],[90.41584,23.733872],[90.415719,23.733662],[90.415564,23.733392],[90.415178,23.732602],[90.41505,23.732178],[90.415066,23.731592],[90.415074,23.731307],[90.415057,23.730223],[90.415044,23.729344],[90.415033,23.728555],[90.415015,23.72733],[90.41501,23.727006],[90.414994,23.725911],[90.414548,23.725345],[90.414512,23.724934]]]}},{"type":"Feature","properties":{"Ward_Name":"DCC South W-14","Exposure":0.47290545,"Sensitivity":0.34814667,"Adaptive_Capacity":-0.43347726,"Exposure_s":0.65459401,"Sensitivity_s":0.42930166,"Adaptive_s":0.07763986,"HVI_raw":0.32515577,"HVI":0.7682286,"HVI_Class":"High","Rank":22.0,"Corporation":"DSCC","Area_m2":1482771.49716218,"LST_mean":34.31426859,"Road_Density":27.0,"industry%":0.0,"Pop_Density":112821.0234375,"SVF_mean":0.67202272,"Poverty_HCR":6.1,"build_km2":3274.107,"informal%":13.91,"NDBI_media":0.0479444,"Green%":1.517,"Blue%":0.837,"Hosp_count":3.0,"NTL_median":14.78666687,"unit_id":"DCC South W-14","name":"DCC South W-14","imputed":[],"center":[90.367936,23.738896]},"geometry":{"type":"Polygon","coordinates":[[[90.37056,23.732013],[90.370408,23.732013],[90.369666,23.732211],[90.368281,23.732433],[90.367267,23.732606],[90.366822,23.732507],[90.366105,23.73226],[90.365215,23.731988],[90.365017,23.732211],[90.364448,23.732953],[90.364003,23.733249],[90.363607,23.733126],[90.363013,23.732705],[90.362717,23.732424],[90.362636,23.732545],[90.362216,23.73393],[90.36182,23.735389],[90.3614,23.737244],[90.360954,23.739346],[90.360682,23.740459],[90.359767,23.740187],[90.359743,23.740261],[90.359545,23.740731],[90.359322,23.740929],[90.359174,23.741399],[90.35863,23.741374],[90.358481,23.74172],[90.358259,23.742264],[90.358061,23.74308],[90.357665,23.743254],[90.357467,23.743971],[90.357022,23.744094],[90.35676,23.744209],[90.356769,23.744227],[90.356788,23.744275],[90.356802,23.744325],[90.356792,23.744444],[90.356775,23.744562],[90.356751,23.744679],[90.356662,23.744767],[90.356576,23.744857],[90.356546,23.745004],[90.35651,23.74515],[90.356467,23.745293],[90.356418,23.745435],[90.356362,23.745574],[90.356376,23.745608],[90.356397,23.745639],[90.356422,23.745666],[90.356451,23.745688],[90.356484,23.745704],[90.356519,23.745715],[90.356555,23.74572],[90.357092,23.74575],[90.357628,23.745786],[90.358164,23.745828],[90.3587,23.745875],[90.359235,23.745928],[90.359316,23.74565],[90.359392,23.74537],[90.359465,23.745089],[90.359532,23.744807],[90.359803,23.744835],[90.360072,23.74487],[90.360341,23.744911],[90.360608,23.744958],[90.360875,23.745012],[90.36114,23.745071],[90.361403,23.745137],[90.361797,23.74524],[90.362074,23.745308],[90.362192,23.745337],[90.362588,23.745429],[90.362986,23.745516],[90.363384,23.745598],[90.363485,23.745615],[90.363587,23.745626],[90.36369,23.745631],[90.363793,23.745629],[90.363895,23.745621],[90.363907,23.745619],[90.363901,23.745406],[90.363944,23.744059],[90.36399,23.743976],[90.364043,23.743896],[90.364101,23.74382],[90.364164,23.743748],[90.364233,23.743682],[90.364306,23.74362],[90.364383,23.743564],[90.364465,23.743514],[90.36455,23.74347],[90.364638,23.743432],[90.364728,23.743401],[90.36482,23.743377],[90.364914,23.743359],[90.365009,23.743348],[90.365105,23.743344],[90.3652,23.743348],[90.365296,23.743358],[90.36539,23.743375],[90.365911,23.743362],[90.366322,23.743455],[90.366422,23.743511],[90.366499,23.743183],[90.366538,23.742773],[90.366539,23.7422],[90.366633,23.742182],[90.366955,23.742187],[90.367308,23.742165],[90.367816,23.742183],[90.368189,23.742209],[90.368341,23.742383],[90.368494,23.742519],[90.368629,23.742522],[90.368734,23.742476],[90.368901,23.742421],[90.369012,23.742586],[90.369198,23.742589],[90.369314,23.742533],[90.369583,23.742538],[90.369645,23.742577],[90.369685,23.742654],[90.369796,23.74279],[90.369857,23.742887],[90.36998,23.742927],[90.370107,23.742833],[90.370215,23.742596],[90.370323,23.742417],[90.370492,23.742267],[90.370638,23.742202],[90.370804,23.742215],[90.370928,23.742246],[90.371083,23.742258],[90.371187,23.74225],[90.371271,23.742213],[90.371439,23.74213],[90.371701,23.741972],[90.371901,23.741832],[90.372039,23.741691],[90.372073,23.741549],[90.372129,23.741359],[90.372194,23.741216],[90.372298,23.74118],[90.372444,23.741154],[90.372631,23.741157],[90.373178,23.741293],[90.373465,23.740787],[90.374138,23.740018],[90.374158,23.739996],[90.374482,23.739642],[90.374696,23.739201],[90.3749,23.738823],[90.375056,23.738535],[90.375154,23.738417],[90.375491,23.738015],[90.375523,23.737976],[90.375615,23.737815],[90.373836,23.73725],[90.372159,23.736867],[90.37179,23.736768],[90.371472,23.736742],[90.371246,23.736706],[90.371023,23.736483],[90.370446,23.736293],[90.37033,23.736266],[90.370316,23.736265],[90.369774,23.736224],[90.369738,23.736214],[90.369704,23.736198],[90.369674,23.736177],[90.369648,23.736151],[90.369626,23.736121],[90.369609,23.736087],[90.369598,23.736052],[90.369593,23.736015],[90.369595,23.735978],[90.369602,23.735942],[90.369615,23.735907],[90.369634,23.735875],[90.369658,23.735846],[90.369765,23.735698],[90.369101,23.734975],[90.369015,23.734921],[90.368587,23.734915],[90.368953,23.734356],[90.369345,23.733839],[90.370068,23.732756],[90.370529,23.73206],[90.37056,23.732013]]]}},{"type":"Feature","properties":{"Ward_Name":"DCC South W-15","Exposure":0.1768402,"Sensitivity":-0.89611911,"Adaptive_Capacity":1.90819303,"Exposure_s":0.57276675,"Sensitivity_s":0.1538869,"Adaptive_s":1.0,"HVI_raw":-0.11070695,"HVI":0.14994542,"HVI_Class":"Very Low","Rank":132.0,"Corporation":"DSCC","Area_m2":2015156.62778606,"LST_mean":31.72352407,"Road_Density":18.19,"industry%":0.0,"Pop_Density":234031.45703125,"SVF_mean":0.58385636,"Poverty_HCR":1.6,"build_km2":1388.33,"informal%":0.0,"NDBI_media":-0.01186488,"Green%":6.776,"Blue%":5.593,"Hosp_count":25.0,"NTL_median":30.77833366,"unit_id":"DCC South W-15","name":"DCC South W-15","imputed":[],"center":[90.375066,23.746797]},"geometry":{"type":"Polygon","coordinates":[[[90.381408,23.745732],[90.381684,23.745301],[90.382945,23.745558],[90.385086,23.746034],[90.385272,23.746049],[90.383747,23.741617],[90.383706,23.741499],[90.383676,23.741423],[90.383646,23.741347],[90.383612,23.741259],[90.383368,23.74064],[90.383196,23.740202],[90.383183,23.740169],[90.383135,23.740048],[90.38334,23.738991],[90.382645,23.738801],[90.379889,23.738287],[90.379299,23.738206],[90.379157,23.738173],[90.378966,23.738111],[90.378519,23.738111],[90.378012,23.737863],[90.377876,23.737797],[90.377558,23.737668],[90.377067,23.737568],[90.376668,23.737473],[90.376558,23.737479],[90.376449,23.737491],[90.37634,23.737508],[90.376233,23.737531],[90.376127,23.73756],[90.376022,23.737594],[90.37592,23.737634],[90.375819,23.737679],[90.375789,23.737729],[90.375754,23.737777],[90.375715,23.737822],[90.375615,23.737815],[90.375523,23.737976],[90.375491,23.738015],[90.375154,23.738417],[90.375056,23.738535],[90.3749,23.738823],[90.374696,23.739201],[90.374482,23.739642],[90.374158,23.739996],[90.374138,23.740018],[90.373465,23.740787],[90.373178,23.741293],[90.373081,23.741465],[90.372382,23.742265],[90.372221,23.742524],[90.371853,23.743211],[90.371482,23.743629],[90.371478,23.743633],[90.370639,23.744921],[90.370148,23.745733],[90.369595,23.746477],[90.369241,23.746926],[90.369086,23.747063],[90.368783,23.747327],[90.368426,23.747952],[90.367385,23.749805],[90.36696,23.750201],[90.366552,23.750662],[90.366368,23.750923],[90.366314,23.751004],[90.366299,23.751096],[90.366362,23.751164],[90.367326,23.751598],[90.367598,23.751766],[90.367647,23.751797],[90.368938,23.752523],[90.370228,23.753252],[90.371516,23.753984],[90.371973,23.754311],[90.372426,23.754643],[90.372876,23.75498],[90.373335,23.755277],[90.373796,23.75557],[90.374261,23.755858],[90.374729,23.756141],[90.375199,23.756419],[90.375334,23.756167],[90.375473,23.755917],[90.375618,23.755671],[90.375768,23.755428],[90.375923,23.755189],[90.376083,23.754952],[90.376249,23.75472],[90.376464,23.754354],[90.376675,23.753985],[90.376881,23.753613],[90.377082,23.753238],[90.377278,23.752861],[90.377469,23.752482],[90.377841,23.751869],[90.378215,23.751258],[90.379085,23.749784],[90.380037,23.748138],[90.380998,23.746372],[90.381382,23.745773],[90.381408,23.745732]]]}},{"type":"Feature","properties":{"Ward_Name":"DCC South W-16","Exposure":0.13039255,"Sensitivity":-0.10773463,"Adaptive_Capacity":0.43851662,"Exposure_s":0.55992943,"Sensitivity_s":0.3283936,"Adaptive_s":0.42110939,"HVI_raw":0.1446391,"HVI":0.51216078,"HVI_Class":"Moderate","Rank":93.0,"Corporation":"DSCC","Area_m2":717301.44824169,"LST_mean":31.83735747,"Road_Density":22.06,"industry%":0.0,"Pop_Density":87194.10338359,"SVF_mean":0.52640959,"Poverty_HCR":3.3,"build_km2":2970.891,"informal%":7.42,"NDBI_media":0.03443761,"Green%":0.072,"Blue%":0.0,"Hosp_count":11.0,"NTL_median":28.44791698,"unit_id":"DCC South W-16","name":"DCC South W-16","imputed":[],"center":[90.38906,23.746689]},"geometry":{"type":"Polygon","coordinates":[[[90.392726,23.747328],[90.391826,23.741675],[90.391825,23.741671],[90.391793,23.741675],[90.391535,23.741709],[90.390912,23.741793],[90.390356,23.74179],[90.38993,23.74173],[90.389597,23.741727],[90.389255,23.741721],[90.389101,23.741763],[90.388744,23.74193],[90.38847,23.741953],[90.387536,23.741894],[90.387521,23.741555],[90.384343,23.741508],[90.383706,23.741499],[90.383747,23.741617],[90.385272,23.746049],[90.387121,23.751058],[90.389897,23.750529],[90.390599,23.750391],[90.3913,23.750247],[90.392,23.750098],[90.392486,23.749991],[90.392699,23.749944],[90.392729,23.749938],[90.392826,23.749919],[90.392952,23.749888],[90.393076,23.749852],[90.393037,23.749569],[90.392726,23.747328]]]}},{"type":"Feature","properties":{"Ward_Name":"DCC South W-17","Exposure":0.14017131,"Sensitivity":-0.44308225,"Adaptive_Capacity":0.22371226,"Exposure_s":0.56263211,"Sensitivity_s":0.25416534,"Adaptive_s":0.33650014,"HVI_raw":0.14629703,"HVI":0.51451259,"HVI_Class":"Moderate","Rank":92.0,"Corporation":"DSCC","Area_m2":944572.91517903,"LST_mean":31.95155841,"Road_Density":23.57,"industry%":0.0,"Pop_Density":100247.35095487,"SVF_mean":0.55820212,"Poverty_HCR":3.2,"build_km2":2478.621,"informal%":0.55,"NDBI_media":0.01614605,"Green%":1.397,"Blue%":0.318,"Hosp_count":6.0,"NTL_median":32.62708378,"unit_id":"DCC South W-17","name":"DCC South W-17","imputed":[],"center":[90.381706,23.751834]},"geometry":{"type":"Polygon","coordinates":[[[90.381684,23.745301],[90.381408,23.745732],[90.381382,23.745773],[90.380998,23.746372],[90.380037,23.748138],[90.379085,23.749784],[90.378215,23.751258],[90.377841,23.751869],[90.377469,23.752482],[90.377278,23.752861],[90.377082,23.753238],[90.376881,23.753613],[90.376675,23.753985],[90.376464,23.754354],[90.376249,23.75472],[90.376083,23.754952],[90.375923,23.755189],[90.375768,23.755428],[90.375618,23.755671],[90.375473,23.755917],[90.375334,23.756167],[90.375199,23.756419],[90.374909,23.756896],[90.374381,23.757763],[90.374137,23.758196],[90.374416,23.758194],[90.374525,23.758196],[90.374759,23.758193],[90.375786,23.75821],[90.37735,23.758244],[90.378953,23.758271],[90.381792,23.758377],[90.382018,23.758381],[90.382127,23.758361],[90.382307,23.758307],[90.382355,23.758257],[90.382404,23.758108],[90.382406,23.758007],[90.382409,23.7579],[90.382436,23.757707],[90.382475,23.757328],[90.382525,23.757135],[90.382622,23.756484],[90.382649,23.756312],[90.382651,23.756215],[90.382648,23.756136],[90.382617,23.756087],[90.382551,23.756053],[90.38245,23.756044],[90.382341,23.756042],[90.38226,23.756041],[90.382084,23.75604],[90.381938,23.75605],[90.381739,23.756046],[90.381671,23.756045],[90.381604,23.756034],[90.381594,23.756029],[90.381584,23.756005],[90.38158,23.755951],[90.381582,23.755875],[90.381603,23.755847],[90.381708,23.75581],[90.381843,23.755784],[90.381968,23.755767],[90.382061,23.755768],[90.382176,23.755732],[90.382271,23.755657],[90.382293,23.755591],[90.3823,23.755176],[90.3823,23.753987],[90.382416,23.75328],[90.382442,23.753144],[90.382508,23.752814],[90.382326,23.752795],[90.382531,23.752817],[90.382738,23.752833],[90.382946,23.752842],[90.383154,23.752846],[90.383362,23.752843],[90.38356,23.752835],[90.38357,23.752834],[90.383777,23.752819],[90.383984,23.752798],[90.38419,23.752771],[90.384306,23.752741],[90.38442,23.752704],[90.384532,23.752662],[90.384642,23.752614],[90.384749,23.75256],[90.384853,23.752501],[90.384954,23.752436],[90.385051,23.752366],[90.385144,23.752291],[90.385234,23.752212],[90.385319,23.752128],[90.3854,23.752039],[90.385476,23.751947],[90.385547,23.75185],[90.385708,23.751738],[90.385874,23.751632],[90.386043,23.751531],[90.386215,23.751437],[90.386391,23.751348],[90.386569,23.751266],[90.38675,23.75119],[90.386934,23.751121],[90.387074,23.751073],[90.387121,23.751058],[90.385272,23.746049],[90.385086,23.746034],[90.382945,23.745558],[90.381684,23.745301]]]}},{"type":"Feature","properties":{"Ward_Name":"DCC South W-18","Exposure":-0.15109947,"Sensitivity":-1.10549035,"Adaptive_Capacity":0.16386366,"Exposure_s":0.48212995,"Sensitivity_s":0.10754315,"Adaptive_s":0.31292638,"HVI_raw":0.07620471,"HVI":0.41508472,"HVI_Class":"Moderate","Rank":108.0,"Corporation":"DSCC","Area_m2":1704113.47496453,"LST_mean":32.31792935,"Road_Density":19.92,"industry%":0.0,"Pop_Density":112471.69921875,"SVF_mean":0.68483482,"Poverty_HCR":1.8,"build_km2":1362.718,"informal%":0.36,"NDBI_media":-0.06152742,"Green%":22.564,"Blue%":2.483,"Hosp_count":1.0,"NTL_median":24.30166626,"unit_id":"DCC South W-18","name":"DCC South W-18","imputed":[],"center":[90.379071,23.73543]},"geometry":{"type":"Polygon","coordinates":[[[90.389101,23.741763],[90.389255,23.741721],[90.389597,23.741727],[90.38993,23.74173],[90.390356,23.74179],[90.390912,23.741793],[90.391535,23.741709],[90.391793,23.741675],[90.391825,23.741671],[90.391791,23.741445],[90.39175,23.74122],[90.391727,23.741113],[90.391702,23.740996],[90.391675,23.740884],[90.391648,23.740774],[90.391588,23.740553],[90.391521,23.740334],[90.391448,23.740118],[90.391368,23.739903],[90.391283,23.739691],[90.39118,23.739421],[90.391071,23.739154],[90.390957,23.738889],[90.390837,23.738626],[90.390711,23.738366],[90.39058,23.738109],[90.390443,23.737854],[90.390301,23.737603],[90.389948,23.737121],[90.389591,23.736642],[90.389231,23.736166],[90.388945,23.735795],[90.388866,23.735693],[90.388852,23.735678],[90.388697,23.735511],[90.388531,23.735324],[90.388371,23.735133],[90.388216,23.734939],[90.388065,23.73474],[90.387919,23.734538],[90.387779,23.734332],[90.387643,23.734123],[90.387513,23.73391],[90.387389,23.733695],[90.387323,23.733542],[90.387262,23.733387],[90.387207,23.733231],[90.387192,23.733184],[90.387157,23.733072],[90.387113,23.732912],[90.387074,23.73275],[90.387041,23.732588],[90.387003,23.732582],[90.386605,23.732526],[90.386169,23.732471],[90.385733,23.732423],[90.385295,23.732382],[90.385121,23.732369],[90.385052,23.732363],[90.384857,23.732348],[90.384418,23.732321],[90.384272,23.732314],[90.383937,23.732298],[90.38373,23.732287],[90.383042,23.732257],[90.382703,23.732244],[90.382353,23.732231],[90.38207,23.732165],[90.381787,23.732098],[90.381476,23.731916],[90.380871,23.731563],[90.379954,23.731032],[90.379444,23.730741],[90.378934,23.730448],[90.378427,23.730151],[90.378299,23.730022],[90.378167,23.729897],[90.378032,23.729775],[90.377935,23.729614],[90.377843,23.729451],[90.377754,23.729286],[90.37767,23.729118],[90.377602,23.729574],[90.376748,23.729627],[90.375621,23.729577],[90.375529,23.729707],[90.374916,23.730052],[90.373134,23.730963],[90.372892,23.731079],[90.3721,23.731458],[90.371787,23.731608],[90.37155,23.731679],[90.370591,23.731965],[90.370529,23.73206],[90.370068,23.732756],[90.369345,23.733839],[90.368953,23.734356],[90.368587,23.734915],[90.369015,23.734921],[90.369101,23.734975],[90.369765,23.735698],[90.369658,23.735846],[90.369634,23.735875],[90.369615,23.735907],[90.369602,23.735942],[90.369595,23.735978],[90.369593,23.736015],[90.369598,23.736052],[90.369609,23.736087],[90.369626,23.736121],[90.369648,23.736151],[90.369674,23.736177],[90.369704,23.736198],[90.369738,23.736214],[90.369774,23.736224],[90.370316,23.736265],[90.37033,23.736266],[90.370446,23.736293],[90.371023,23.736483],[90.371246,23.736706],[90.371472,23.736742],[90.37179,23.736768],[90.372159,23.736867],[90.373836,23.73725],[90.375615,23.737815],[90.375715,23.737822],[90.375754,23.737777],[90.375789,23.737729],[90.375819,23.737679],[90.37592,23.737634],[90.376022,23.737594],[90.376127,23.73756],[90.376233,23.737531],[90.37634,23.737508],[90.376449,23.737491],[90.376558,23.737479],[90.376668,23.737473],[90.377067,23.737568],[90.377558,23.737668],[90.377876,23.737797],[90.378012,23.737863],[90.378519,23.738111],[90.378966,23.738111],[90.379157,23.738173],[90.379299,23.738206],[90.379889,23.738287],[90.382645,23.738801],[90.38334,23.738991],[90.383135,23.740048],[90.383183,23.740169],[90.383196,23.740202],[90.383368,23.74064],[90.383612,23.741259],[90.383646,23.741347],[90.383676,23.741423],[90.383706,23.741499],[90.384343,23.741508],[90.387521,23.741555],[90.387536,23.741894],[90.38847,23.741953],[90.388744,23.74193],[90.389101,23.741763]]]}},{"type":"Feature","properties":{"Ward_Name":"DCC South W-19","Exposure":-0.0248166,"Sensitivity":-0.73673378,"Adaptive_Capacity":0.38003508,"Exposure_s":0.51703233,"Sensitivity_s":0.18916639,"Adaptive_s":0.39807411,"HVI_raw":0.08813605,"HVI":0.43200966,"HVI_Class":"Moderate","Rank":105.0,"Corporation":"DSCC","Area_m2":1845894.85118589,"LST_mean":31.21307316,"Road_Density":22.75,"industry%":0.0,"Pop_Density":141863.84765625,"SVF_mean":0.58879344,"Poverty_HCR":4.4,"build_km2":1534.015,"informal%":0.39,"NDBI_media":-0.02706951,"Green%":13.355,"Blue%":0.639,"Hosp_count":5.0,"NTL_median":31.69250011,"unit_id":"DCC South W-19","name":"DCC South W-19","imputed":[],"center":[90.404458,23.743023]},"geometry":{"type":"Polygon","coordinates":[[[90.410204,23.736016],[90.409765,23.736011],[90.406543,23.735945],[90.406535,23.736333],[90.406474,23.736463],[90.406356,23.736521],[90.406149,23.73653],[90.406056,23.736313],[90.40556,23.735821],[90.405141,23.735981],[90.404993,23.735955],[90.404838,23.735887],[90.404702,23.735914],[90.404355,23.736058],[90.404187,23.736049],[90.403998,23.73607],[90.403879,23.736187],[90.403887,23.73645],[90.403731,23.736447],[90.403523,23.736491],[90.403385,23.736585],[90.403321,23.736828],[90.403322,23.737443],[90.403425,23.737481],[90.403815,23.737458],[90.404041,23.737479],[90.404137,23.737553],[90.404129,23.737642],[90.404068,23.73776],[90.40398,23.737938],[90.403952,23.738075],[90.403917,23.738194],[90.403221,23.73894],[90.402833,23.739238],[90.402609,23.739396],[90.402407,23.739446],[90.402218,23.739497],[90.402047,23.739613],[90.401861,23.739807],[90.401676,23.739995],[90.401015,23.740282],[90.400747,23.740391],[90.400492,23.740495],[90.400348,23.740564],[90.4001,23.740667],[90.399916,23.740795],[90.399697,23.741007],[90.399374,23.741276],[90.398718,23.741987],[90.398593,23.742057],[90.398528,23.742079],[90.39847,23.742084],[90.398366,23.742071],[90.397927,23.741962],[90.397548,23.741843],[90.396258,23.741438],[90.396135,23.741436],[90.396044,23.741445],[90.396029,23.741578],[90.395999,23.741786],[90.395963,23.741993],[90.39592,23.742199],[90.39587,23.742403],[90.395814,23.742606],[90.395752,23.742807],[90.395683,23.743006],[90.395661,23.743063],[90.395608,23.743202],[90.394734,23.745774],[90.394686,23.745917],[90.39541,23.7461],[90.396133,23.746289],[90.396855,23.746486],[90.397574,23.746689],[90.398292,23.746898],[90.399007,23.747114],[90.399721,23.747337],[90.400432,23.747566],[90.401553,23.74795],[90.402671,23.748341],[90.403067,23.748482],[90.403412,23.748605],[90.403787,23.748739],[90.404901,23.749143],[90.40508,23.749183],[90.40526,23.749215],[90.405442,23.749241],[90.405624,23.74926],[90.405807,23.749273],[90.40599,23.749279],[90.406173,23.749278],[90.406356,23.74927],[90.406539,23.749255],[90.406721,23.749234],[90.406902,23.749206],[90.407082,23.749172],[90.407261,23.74913],[90.407437,23.749083],[90.407613,23.749028],[90.407785,23.748968],[90.407872,23.748934],[90.407956,23.748901],[90.408194,23.749271],[90.408436,23.749638],[90.408576,23.749845],[90.408683,23.750003],[90.408934,23.750364],[90.410216,23.750152],[90.411498,23.749945],[90.412706,23.749752],[90.412781,23.74974],[90.412688,23.749539],[90.41261,23.749369],[90.412624,23.748332],[90.412558,23.747123],[90.412415,23.746102],[90.412415,23.7461],[90.412334,23.745624],[90.414295,23.744185],[90.414318,23.744168],[90.413738,23.743679],[90.413386,23.743382],[90.413254,23.74324],[90.412686,23.742626],[90.411423,23.741045],[90.411063,23.740594],[90.408884,23.737748],[90.408708,23.737472],[90.410245,23.73722],[90.410227,23.736406],[90.410226,23.736349],[90.410204,23.736016]]]}},{"type":"Feature","properties":{"Ward_Name":"DCC South W-20","Exposure":-0.50144092,"Sensitivity":-1.22657155,"Adaptive_Capacity":1.05488595,"Exposure_s":0.38530169,"Sensitivity_s":0.08074217,"Adaptive_s":0.66389101,"HVI_raw":-0.07996597,"HVI":0.19355234,"HVI_Class":"Very Low","Rank":131.0,"Corporation":"DSCC","Area_m2":2200151.01429308,"LST_mean":31.66124227,"Road_Density":18.78,"industry%":0.0,"Pop_Density":49415.42773438,"SVF_mean":0.70710493,"Poverty_HCR":1.9,"build_km2":853.009,"informal%":0.4,"NDBI_media":-0.06899562,"Green%":34.53,"Blue%":2.265,"Hosp_count":5.0,"NTL_median":38.52041626,"unit_id":"DCC South W-20","name":"DCC South W-20","imputed":[],"center":[90.405122,23.732499]},"geometry":{"type":"Polygon","coordinates":[[[90.410143,23.722997],[90.40926,23.723039],[90.408377,23.723076],[90.407494,23.723108],[90.407162,23.723131],[90.407016,23.723141],[90.406538,23.723168],[90.40606,23.723191],[90.405581,23.723208],[90.405112,23.723219],[90.405102,23.723219],[90.404623,23.723226],[90.404144,23.723227],[90.404085,23.723239],[90.403687,23.723321],[90.403468,23.723366],[90.402792,23.723509],[90.402117,23.723655],[90.401601,23.723719],[90.401085,23.723787],[90.40057,23.72386],[90.400329,23.723896],[90.400049,23.723938],[90.399359,23.724042],[90.399177,23.724073],[90.398873,23.724116],[90.396749,23.724436],[90.396491,23.724459],[90.396233,23.724488],[90.396223,23.72449],[90.395917,23.724533],[90.395721,23.724564],[90.395476,23.724609],[90.395381,23.727643],[90.395823,23.727722],[90.396197,23.728072],[90.396495,23.728392],[90.396192,23.728731],[90.395615,23.729209],[90.395434,23.729292],[90.395346,23.729405],[90.395297,23.730314],[90.39616,23.730379],[90.396161,23.729533],[90.396333,23.729536],[90.396442,23.729509],[90.396506,23.72941],[90.396632,23.729326],[90.397286,23.729337],[90.397409,23.729389],[90.397547,23.729528],[90.397694,23.729552],[90.397871,23.729261],[90.398189,23.728564],[90.398162,23.728327],[90.398245,23.728078],[90.398328,23.727786],[90.398431,23.727737],[90.398481,23.727545],[90.398551,23.727546],[90.39866,23.727569],[90.398806,23.727658],[90.398977,23.727668],[90.399527,23.727799],[90.40026,23.728076],[90.400227,23.730927],[90.400204,23.732467],[90.400058,23.733174],[90.400014,23.73346],[90.39998,23.733595],[90.400031,23.733768],[90.400027,23.734],[90.398206,23.734005],[90.397599,23.733995],[90.397185,23.73406],[90.396911,23.734134],[90.396716,23.734181],[90.396139,23.734207],[90.395734,23.734222],[90.395571,23.734233],[90.395559,23.734412],[90.39557,23.734627],[90.395572,23.734928],[90.395635,23.735667],[90.395679,23.738147],[90.395842,23.738157],[90.395863,23.738237],[90.395889,23.73832],[90.39592,23.738402],[90.395955,23.738481],[90.395982,23.738717],[90.396004,23.738953],[90.396019,23.739189],[90.396029,23.739426],[90.396033,23.739663],[90.396032,23.7399],[90.396054,23.740109],[90.396071,23.740318],[90.39608,23.740528],[90.396083,23.740739],[90.39608,23.740949],[90.39607,23.741159],[90.396053,23.741369],[90.396044,23.741445],[90.396135,23.741436],[90.396258,23.741438],[90.397548,23.741843],[90.397927,23.741962],[90.398366,23.742071],[90.39847,23.742084],[90.398528,23.742079],[90.398593,23.742057],[90.398718,23.741987],[90.399374,23.741276],[90.399697,23.741007],[90.399916,23.740795],[90.4001,23.740667],[90.400348,23.740564],[90.400492,23.740495],[90.400747,23.740391],[90.401015,23.740282],[90.401676,23.739995],[90.401861,23.739807],[90.402047,23.739613],[90.402218,23.739497],[90.402407,23.739446],[90.402609,23.739396],[90.402833,23.739238],[90.403221,23.73894],[90.403917,23.738194],[90.403952,23.738075],[90.40398,23.737938],[90.404068,23.73776],[90.404129,23.737642],[90.404137,23.737553],[90.404041,23.737479],[90.403815,23.737458],[90.403425,23.737481],[90.403322,23.737443],[90.403321,23.736828],[90.403385,23.736585],[90.403523,23.736491],[90.403731,23.736447],[90.403887,23.73645],[90.403879,23.736187],[90.403998,23.73607],[90.404187,23.736049],[90.404355,23.736058],[90.404702,23.735914],[90.404838,23.735887],[90.404993,23.735955],[90.405141,23.735981],[90.40556,23.735821],[90.406056,23.736313],[90.406149,23.73653],[90.406356,23.736521],[90.406474,23.736463],[90.406535,23.736333],[90.406543,23.735945],[90.409765,23.736011],[90.410204,23.736016],[90.410073,23.73396],[90.410061,23.733441],[90.410039,23.732531],[90.410023,23.731914],[90.410007,23.731229],[90.40999,23.730549],[90.41005,23.729555],[90.410391,23.727647],[90.410567,23.726658],[90.410584,23.723016],[90.410584,23.722974],[90.410143,23.722997]]]}},{"type":"Feature","properties":{"Ward_Name":"DCC South W-21","Exposure":-0.02295689,"Sensitivity":-1.28072086,"Adaptive_Capacity":0.46174401,"Exposure_s":0.51754632,"Sensitivity_s":0.06875637,"Adaptive_s":0.43025843,"HVI_raw":0.03280377,"HVI":0.35351929,"HVI_Class":"Low","Rank":117.0,"Corporation":"DSCC","Area_m2":1684002.96194225,"LST_mean":31.64895558,"Road_Density":22.48,"industry%":0.0,"Pop_Density":197594.46484375,"SVF_mean":0.6707186,"Poverty_HCR":1.9,"build_km2":804.798,"informal%":0.0,"NDBI_media":-0.0769451,"Green%":31.356,"Blue%":2.679,"Hosp_count":1.0,"NTL_median":28.65250015,"unit_id":"DCC South W-21","name":"DCC South W-21","imputed":[],"center":[90.392896,23.737409]},"geometry":{"type":"Polygon","coordinates":[[[90.395842,23.738157],[90.395679,23.738147],[90.395635,23.735667],[90.395572,23.734928],[90.39557,23.734627],[90.395559,23.734412],[90.395571,23.734233],[90.395734,23.734222],[90.396139,23.734207],[90.396716,23.734181],[90.396911,23.734134],[90.397185,23.73406],[90.397599,23.733995],[90.398206,23.734005],[90.400027,23.734],[90.400031,23.733768],[90.39998,23.733595],[90.400014,23.73346],[90.400058,23.733174],[90.400204,23.732467],[90.400227,23.730927],[90.40026,23.728076],[90.399527,23.727799],[90.398977,23.727668],[90.398806,23.727658],[90.39866,23.727569],[90.398551,23.727546],[90.398481,23.727545],[90.398431,23.727737],[90.398328,23.727786],[90.398245,23.728078],[90.398162,23.728327],[90.398189,23.728564],[90.397871,23.729261],[90.397694,23.729552],[90.397547,23.729528],[90.397409,23.729389],[90.397286,23.729337],[90.396632,23.729326],[90.396506,23.72941],[90.396442,23.729509],[90.396333,23.729536],[90.396161,23.729533],[90.39616,23.730379],[90.395297,23.730314],[90.395346,23.729405],[90.395434,23.729292],[90.395615,23.729209],[90.396192,23.728731],[90.396495,23.728392],[90.396197,23.728072],[90.395823,23.727722],[90.395381,23.727643],[90.395476,23.724609],[90.395466,23.724611],[90.395213,23.724663],[90.39496,23.724722],[90.394709,23.724786],[90.39446,23.724855],[90.394212,23.724931],[90.393884,23.725041],[90.393557,23.725159],[90.393234,23.725283],[90.392912,23.725413],[90.392594,23.72555],[90.392279,23.725694],[90.391966,23.725844],[90.391687,23.725998],[90.391411,23.726158],[90.391139,23.726323],[90.39087,23.726494],[90.390604,23.726669],[90.390342,23.726851],[90.390083,23.727037],[90.389828,23.727228],[90.389633,23.72738],[90.389546,23.727456],[90.38946,23.727542],[90.389326,23.727679],[90.389311,23.727693],[90.38927,23.727736],[90.389251,23.727755],[90.389089,23.727923],[90.389042,23.727972],[90.389039,23.727975],[90.388929,23.728089],[90.388611,23.728427],[90.388297,23.72877],[90.38823,23.728846],[90.387988,23.729116],[90.387882,23.729238],[90.387683,23.729466],[90.387591,23.729646],[90.387505,23.72983],[90.387424,23.730016],[90.38741,23.73005],[90.387349,23.730204],[90.38728,23.730394],[90.387238,23.730524],[90.387217,23.730587],[90.38716,23.730781],[90.387109,23.730978],[90.387065,23.731175],[90.387026,23.731374],[90.387016,23.731607],[90.387015,23.731617],[90.387012,23.731828],[90.387011,23.73186],[90.387014,23.732103],[90.387024,23.732345],[90.387041,23.732588],[90.387074,23.73275],[90.387113,23.732912],[90.387157,23.733072],[90.387192,23.733184],[90.387207,23.733231],[90.387262,23.733387],[90.387323,23.733542],[90.387389,23.733695],[90.387513,23.73391],[90.387643,23.734123],[90.387779,23.734332],[90.387919,23.734538],[90.388065,23.73474],[90.388216,23.734939],[90.388371,23.735133],[90.388531,23.735324],[90.388697,23.735511],[90.388852,23.735678],[90.388866,23.735693],[90.388945,23.735795],[90.389231,23.736166],[90.389591,23.736642],[90.389948,23.737121],[90.390301,23.737603],[90.390443,23.737854],[90.39058,23.738109],[90.390711,23.738366],[90.390837,23.738626],[90.390957,23.738889],[90.391071,23.739154],[90.39118,23.739421],[90.391283,23.739691],[90.391368,23.739903],[90.391448,23.740118],[90.391521,23.740334],[90.391588,23.740553],[90.391648,23.740774],[90.391675,23.740884],[90.391702,23.740996],[90.391727,23.741113],[90.39175,23.74122],[90.391791,23.741445],[90.391825,23.741671],[90.391826,23.741675],[90.392726,23.747328],[90.393037,23.749569],[90.393076,23.749852],[90.393199,23.749811],[90.39332,23.749766],[90.39353,23.749213],[90.393735,23.748659],[90.393937,23.748103],[90.393941,23.74809],[90.394134,23.747546],[90.394255,23.747223],[90.39437,23.746899],[90.39448,23.746573],[90.394586,23.746246],[90.394686,23.745917],[90.394734,23.745774],[90.395608,23.743202],[90.395661,23.743063],[90.395683,23.743006],[90.395752,23.742807],[90.395814,23.742606],[90.39587,23.742403],[90.39592,23.742199],[90.395963,23.741993],[90.395999,23.741786],[90.396029,23.741578],[90.396044,23.741445],[90.396053,23.741369],[90.39607,23.741159],[90.39608,23.740949],[90.396083,23.740739],[90.39608,23.740528],[90.396071,23.740318],[90.396054,23.740109],[90.396032,23.7399],[90.396033,23.739663],[90.396029,23.739426],[90.396019,23.739189],[90.396004,23.738953],[90.395982,23.738717],[90.395955,23.738481],[90.39592,23.738402],[90.395889,23.73832],[90.395863,23.738237],[90.395842,23.738157]]]}},{"type":"Feature","properties":{"Ward_Name":"DCC South W-22","Exposure":0.11808721,"Sensitivity":0.66279068,"Adaptive_Capacity":-0.55134995,"Exposure_s":0.55652845,"Sensitivity_s":0.49894723,"Adaptive_s":0.031211,"HVI_raw":0.33783168,"HVI":0.78620973,"HVI_Class":"High","Rank":16.0,"Corporation":"DSCC","Area_m2":1040585.51732343,"LST_mean":32.97906414,"Road_Density":22.4,"industry%":2.25,"Pop_Density":152792.0,"SVF_mean":0.71631814,"Poverty_HCR":6.6,"build_km2":4321.017,"informal%":18.47,"NDBI_media":0.04434215,"Green%":1.454,"Blue%":1.61,"Hosp_count":1.0,"NTL_median":14.5583334,"unit_id":"DCC South W-22","name":"DCC South W-22","imputed":[],"center":[90.372432,23.72764]},"geometry":{"type":"Polygon","coordinates":[[[90.368751,23.722893],[90.368893,23.723307],[90.369153,23.724049],[90.369462,23.724754],[90.369623,23.725137],[90.369665,23.725184],[90.369642,23.725212],[90.36885,23.725929],[90.368083,23.726597],[90.36741,23.727227],[90.366396,23.728142],[90.364664,23.729997],[90.363329,23.731506],[90.362717,23.732424],[90.363013,23.732705],[90.363607,23.733126],[90.364003,23.733249],[90.364448,23.732953],[90.365017,23.732211],[90.365215,23.731988],[90.366105,23.73226],[90.366822,23.732507],[90.367267,23.732606],[90.368281,23.732433],[90.369666,23.732211],[90.370408,23.732013],[90.37056,23.732013],[90.370591,23.731965],[90.37155,23.731679],[90.371787,23.731608],[90.3721,23.731458],[90.372892,23.731079],[90.373134,23.730963],[90.374916,23.730052],[90.375529,23.729707],[90.375621,23.729577],[90.376748,23.729627],[90.377602,23.729574],[90.37767,23.729118],[90.377669,23.728937],[90.377674,23.728756],[90.377686,23.728576],[90.377704,23.728396],[90.377729,23.728216],[90.377761,23.728038],[90.377795,23.727834],[90.377823,23.727628],[90.377845,23.727422],[90.37786,23.727215],[90.377868,23.727008],[90.37787,23.726801],[90.377594,23.726801],[90.377523,23.726494],[90.377456,23.726187],[90.377455,23.726165],[90.377445,23.725965],[90.37743,23.725776],[90.377428,23.725743],[90.377404,23.725522],[90.377375,23.725301],[90.37734,23.725081],[90.377299,23.724863],[90.377251,23.724645],[90.377165,23.724482],[90.377072,23.724322],[90.376972,23.724165],[90.376867,23.724013],[90.376756,23.723865],[90.37664,23.723721],[90.37655,23.723798],[90.376456,23.723871],[90.376358,23.723938],[90.376257,23.723999],[90.37618,23.723935],[90.376106,23.723867],[90.376036,23.723796],[90.375969,23.723721],[90.375797,23.723488],[90.375629,23.723252],[90.375465,23.723013],[90.375306,23.722772],[90.37515,23.722527],[90.374999,23.72228],[90.374485,23.722616],[90.374469,23.722567],[90.374396,23.722346],[90.374282,23.722001],[90.373185,23.722143],[90.372078,23.722277],[90.371823,23.722325],[90.371329,23.722471],[90.371067,23.722506],[90.370698,23.722536],[90.370419,23.722587],[90.370047,23.722658],[90.368705,23.722852],[90.3687,23.722853],[90.368751,23.722893]]]}},{"type":"Feature","properties":{"Ward_Name":"DCC South W-23","Exposure":-0.36634506,"Sensitivity":0.14870274,"Adaptive_Capacity":-0.15525367,"Exposure_s":0.42263983,"Sensitivity_s":0.3851553,"Adaptive_s":0.1872293,"HVI_raw":0.20396981,"HVI":0.59632301,"HVI_Class":"Moderate","Rank":77.0,"Corporation":"DSCC","Area_m2":544674.2214602,"LST_mean":31.46366623,"Road_Density":25.75,"industry%":0.0,"Pop_Density":51927.62239379,"SVF_mean":0.70451533,"Poverty_HCR":7.9,"build_km2":3416.337,"informal%":3.79,"NDBI_media":0.02079096,"Green%":20.241,"Blue%":0.0,"Hosp_count":2.0,"NTL_median":15.36333275,"unit_id":"DCC South W-23","name":"DCC South W-23","imputed":[],"center":[90.379431,23.726089]},"geometry":{"type":"MultiPolygon","coordinates":[[[[90.382319,23.726878],[90.382031,23.726647],[90.381437,23.726213],[90.38137,23.725973],[90.381375,23.725752],[90.381451,23.72549],[90.381441,23.725365],[90.3814,23.725125],[90.381285,23.725082],[90.380992,23.725095],[90.380727,23.72509],[90.380429,23.725061],[90.380216,23.725022],[90.38018,23.724836],[90.380247,23.724742],[90.380288,23.724653],[90.380264,23.724539],[90.380189,23.72443],[90.380211,23.724299],[90.38033,23.724146],[90.380333,23.724003],[90.380311,23.723823],[90.380249,23.723673],[90.380175,23.723481],[90.380321,23.723304],[90.380555,23.722992],[90.380837,23.722835],[90.381242,23.722657],[90.381868,23.722482],[90.382043,23.722479],[90.38218,23.722458],[90.382292,23.722364],[90.382361,23.72215],[90.382443,23.721967],[90.382543,23.721831],[90.382732,23.721793],[90.383044,23.721732],[90.383026,23.721642],[90.382899,23.721509],[90.382936,23.721289],[90.382895,23.721055],[90.382748,23.720975],[90.38254,23.720971],[90.382494,23.721036],[90.382528,23.721264],[90.382542,23.721562],[90.382376,23.721721],[90.382224,23.721874],[90.382016,23.7219],[90.381714,23.72211],[90.381378,23.722349],[90.381248,23.722364],[90.381158,23.722321],[90.380834,23.722322],[90.380822,23.722274],[90.380837,23.722172],[90.380833,23.722065],[90.380776,23.721992],[90.380588,23.721953],[90.380477,23.722011],[90.380308,23.722026],[90.380153,23.722018],[90.379952,23.721978],[90.379765,23.721933],[90.379611,23.721841],[90.379478,23.721714],[90.379291,23.721669],[90.379132,23.721499],[90.379079,23.721406],[90.378938,23.721161],[90.379156,23.72095],[90.379197,23.720831],[90.37914,23.720776],[90.37905,23.720727],[90.37889,23.720635],[90.378809,23.720436],[90.378704,23.720172],[90.378602,23.72003],[90.378374,23.720158],[90.376546,23.721132],[90.374999,23.72228],[90.37515,23.722527],[90.375306,23.722772],[90.375465,23.723013],[90.375629,23.723252],[90.375797,23.723488],[90.375969,23.723721],[90.376036,23.723796],[90.376106,23.723867],[90.37618,23.723935],[90.376257,23.723999],[90.376358,23.723938],[90.376456,23.723871],[90.37655,23.723798],[90.37664,23.723721],[90.376756,23.723865],[90.376867,23.724013],[90.376972,23.724165],[90.377072,23.724322],[90.377165,23.724482],[90.377251,23.724645],[90.377299,23.724863],[90.37734,23.725081],[90.377374,23.725292],[90.377375,23.725301],[90.377404,23.725522],[90.377428,23.725743],[90.37743,23.725776],[90.377445,23.725965],[90.377456,23.726187],[90.377523,23.726494],[90.377594,23.726801],[90.37787,23.726801],[90.377868,23.727008],[90.37786,23.727215],[90.377845,23.727422],[90.377823,23.727628],[90.377795,23.727834],[90.377761,23.728038],[90.377729,23.728216],[90.377704,23.728396],[90.377686,23.728576],[90.377674,23.728756],[90.377669,23.728937],[90.37767,23.729118],[90.377754,23.729286],[90.377843,23.729451],[90.377935,23.729614],[90.378032,23.729775],[90.378167,23.729897],[90.378299,23.730022],[90.378427,23.730151],[90.378934,23.730448],[90.379348,23.730686],[90.379444,23.730741],[90.379954,23.731032],[90.380871,23.731563],[90.381476,23.731916],[90.381787,23.732098],[90.38207,23.732165],[90.382353,23.732231],[90.382703,23.732244],[90.382714,23.731751],[90.382709,23.731345],[90.382861,23.731204],[90.382899,23.730614],[90.38296,23.727236],[90.382932,23.727038],[90.382831,23.726887],[90.382735,23.726826],[90.382617,23.726883],[90.382447,23.726922],[90.382319,23.726878]]],[[[90.383994,23.732296],[90.383937,23.732298],[90.384272,23.732314],[90.383994,23.732296]]],[[[90.385052,23.732363],[90.385121,23.732369],[90.385121,23.732368],[90.385052,23.732363]]]]}},{"type":"Feature","properties":{"Ward_Name":"DCC South W-24","Exposure":0.23422623,"Sensitivity":1.88721981,"Adaptive_Capacity":-0.60788847,"Exposure_s":0.58862724,"Sensitivity_s":0.76997121,"Adaptive_s":0.00894106,"HVI_raw":0.45528182,"HVI":0.95281596,"HVI_Class":"Very High","Rank":2.0,"Corporation":"DSCC","Area_m2":410804.13968418,"LST_mean":33.73430486,"Road_Density":23.61,"industry%":7.24,"Pop_Density":46394.47846793,"SVF_mean":0.71411681,"Poverty_HCR":8.9,"build_km2":5684.559,"informal%":50.37,"NDBI_media":0.06619229,"Green%":0.07,"Blue%":0.408,"Hosp_count":1.0,"NTL_median":15.54833317,"unit_id":"DCC South W-24","name":"DCC South W-24","imputed":[],"center":[90.382848,23.71746]},"geometry":{"type":"Polygon","coordinates":[[[90.386369,23.717014],[90.386398,23.716738],[90.386437,23.716538],[90.386569,23.716326],[90.386586,23.716079],[90.386295,23.716024],[90.386006,23.7159],[90.385756,23.715753],[90.385221,23.715253],[90.385027,23.715038],[90.38471,23.714768],[90.384589,23.714594],[90.383929,23.714085],[90.383596,23.713778],[90.383528,23.713837],[90.382892,23.714301],[90.382261,23.71434],[90.38139,23.714544],[90.38039,23.714976],[90.37983,23.715268],[90.379814,23.715305],[90.379477,23.716103],[90.379205,23.717631],[90.378956,23.719119],[90.378799,23.719919],[90.378602,23.72003],[90.378704,23.720172],[90.378809,23.720436],[90.37889,23.720635],[90.37905,23.720727],[90.37914,23.720776],[90.379197,23.720831],[90.379156,23.72095],[90.378938,23.721161],[90.379079,23.721406],[90.379557,23.721079],[90.379687,23.720988],[90.3798,23.720954],[90.379916,23.720985],[90.380038,23.720922],[90.380122,23.72083],[90.380215,23.720843],[90.380321,23.720784],[90.380638,23.72051],[90.381113,23.720278],[90.381385,23.7201],[90.381669,23.719925],[90.38194,23.719815],[90.382377,23.719744],[90.38277,23.719729],[90.382958,23.719675],[90.383049,23.719626],[90.383208,23.719607],[90.383326,23.719584],[90.384035,23.719335],[90.384329,23.719214],[90.384657,23.719177],[90.385075,23.719087],[90.385596,23.718881],[90.385998,23.718648],[90.386245,23.718548],[90.386459,23.718538],[90.386507,23.718069],[90.386568,23.717769],[90.386593,23.717717],[90.386306,23.717326],[90.386306,23.717326],[90.386371,23.717279],[90.386451,23.717201],[90.386369,23.717014]]]}},{"type":"Feature","properties":{"Ward_Name":"DCC South W-25","Exposure":-0.12742018,"Sensitivity":0.28171238,"Adaptive_Capacity":-0.41080638,"Exposure_s":0.48867449,"Sensitivity_s":0.41459661,"Adaptive_s":0.08656969,"HVI_raw":0.26805202,"HVI":0.68722537,"HVI_Class":"High","Rank":48.0,"Corporation":"DSCC","Area_m2":307508.97595476,"LST_mean":31.66154284,"Road_Density":30.24,"industry%":0.0,"Pop_Density":59077.72446189,"SVF_mean":0.67341729,"Poverty_HCR":9.0,"build_km2":3805.091,"informal%":0.5,"NDBI_media":0.03360441,"Green%":8.354,"Blue%":1.422,"Hosp_count":0.0,"NTL_median":17.7891674,"unit_id":"DCC South W-25","name":"DCC South W-25","imputed":[],"center":[90.383689,23.720279]},"geometry":{"type":"Polygon","coordinates":[[[90.38957,23.71712],[90.389171,23.716798],[90.389044,23.71676],[90.388773,23.716856],[90.388461,23.716933],[90.388219,23.716954],[90.387456,23.716956],[90.386794,23.717027],[90.386695,23.717075],[90.386605,23.717127],[90.386451,23.717201],[90.386371,23.717279],[90.386306,23.717326],[90.386593,23.717717],[90.386568,23.717769],[90.386507,23.718069],[90.386459,23.718538],[90.386245,23.718548],[90.385998,23.718648],[90.385596,23.718881],[90.385075,23.719087],[90.384657,23.719177],[90.384329,23.719214],[90.384035,23.719335],[90.383326,23.719584],[90.383208,23.719607],[90.383049,23.719626],[90.382958,23.719675],[90.38277,23.719729],[90.382377,23.719744],[90.38194,23.719815],[90.381669,23.719925],[90.381385,23.7201],[90.381113,23.720278],[90.380638,23.72051],[90.380321,23.720784],[90.380215,23.720843],[90.380122,23.72083],[90.380038,23.720922],[90.379916,23.720985],[90.3798,23.720954],[90.379687,23.720988],[90.379557,23.721079],[90.379079,23.721406],[90.379132,23.721499],[90.379291,23.721669],[90.379478,23.721714],[90.379611,23.721841],[90.379765,23.721933],[90.379952,23.721978],[90.380153,23.722018],[90.380308,23.722026],[90.380477,23.722011],[90.380588,23.721953],[90.380776,23.721992],[90.380833,23.722065],[90.380837,23.722172],[90.380822,23.722274],[90.380834,23.722322],[90.381158,23.722321],[90.381248,23.722364],[90.381378,23.722349],[90.381714,23.72211],[90.382016,23.7219],[90.382224,23.721874],[90.382376,23.721721],[90.382542,23.721562],[90.382528,23.721264],[90.382494,23.721036],[90.38254,23.720971],[90.382748,23.720975],[90.382895,23.721055],[90.382936,23.721289],[90.382899,23.721509],[90.383026,23.721642],[90.383044,23.721732],[90.382732,23.721793],[90.382543,23.721831],[90.382443,23.721967],[90.382361,23.72215],[90.382292,23.722364],[90.38218,23.722458],[90.382043,23.722479],[90.382024,23.722641],[90.382022,23.722736],[90.38212,23.722757],[90.38225,23.722735],[90.38235,23.722665],[90.382475,23.722643],[90.382715,23.722585],[90.382866,23.722578],[90.382948,23.722589],[90.383051,23.722658],[90.383076,23.722711],[90.383042,23.722854],[90.383138,23.722989],[90.383259,23.723115],[90.383319,23.723269],[90.383382,23.723475],[90.383379,23.723619],[90.383362,23.723709],[90.383381,23.723791],[90.383463,23.723821],[90.383614,23.723795],[90.383729,23.723758],[90.383798,23.723702],[90.383816,23.723564],[90.383818,23.723464],[90.383877,23.723384],[90.384038,23.723348],[90.384163,23.723341],[90.384299,23.723286],[90.384424,23.723269],[90.3845,23.723322],[90.38456,23.723438],[90.384627,23.723473],[90.384702,23.723378],[90.384766,23.723255],[90.384821,23.723103],[90.384839,23.723003],[90.384859,23.722798],[90.384862,23.722626],[90.384835,23.722421],[90.384837,23.722296],[90.384892,23.722145],[90.384916,23.721973],[90.384935,23.721849],[90.385025,23.721722],[90.385063,23.721636],[90.385033,23.721588],[90.384961,23.721558],[90.384796,23.721532],[90.384749,23.721516],[90.38477,23.721268],[90.38487,23.721175],[90.385069,23.721111],[90.385204,23.721109],[90.385339,23.721092],[90.385526,23.721066],[90.38565,23.721068],[90.385734,23.721065],[90.385837,23.721057],[90.385995,23.72096],[90.386055,23.720832],[90.386111,23.720632],[90.386162,23.720408],[90.386221,23.72028],[90.386332,23.720211],[90.386478,23.720165],[90.386598,23.720143],[90.386706,23.72016],[90.386798,23.720247],[90.386831,23.720386],[90.386844,23.720534],[90.386869,23.720583],[90.386936,23.720612],[90.387034,23.720614],[90.387102,23.720582],[90.387156,23.720516],[90.3872,23.720392],[90.387212,23.720273],[90.387189,23.720149],[90.387181,23.72001],[90.387209,23.719929],[90.387359,23.719922],[90.387448,23.719876],[90.387539,23.719782],[90.387746,23.719776],[90.387933,23.719784],[90.388208,23.719789],[90.388498,23.719784],[90.388868,23.719704],[90.389086,23.719684],[90.389232,23.719686],[90.389449,23.719709],[90.38962,23.719731],[90.389782,23.71978],[90.38979,23.719725],[90.389961,23.719421],[90.390055,23.71909],[90.390082,23.718993],[90.390067,23.718866],[90.390054,23.718754],[90.389906,23.718435],[90.389778,23.718159],[90.389775,23.718154],[90.389711,23.717571],[90.389693,23.717411],[90.389675,23.717251],[90.389624,23.717258],[90.38957,23.71712]]]}},{"type":"Feature","properties":{"Ward_Name":"DCC South W-26","Exposure":0.2498724,"Sensitivity":-0.36070039,"Adaptive_Capacity":-0.19038976,"Exposure_s":0.59295157,"Sensitivity_s":0.27240034,"Adaptive_s":0.17338956,"HVI_raw":0.21671685,"HVI":0.61440503,"HVI_Class":"High","Rank":71.0,"Corporation":"DSCC","Area_m2":881028.99668652,"LST_mean":31.41727698,"Road_Density":22.64,"industry%":0.0,"Pop_Density":253172.609375,"SVF_mean":0.58675267,"Poverty_HCR":8.6,"build_km2":1783.706,"informal%":0.15,"NDBI_media":-0.01706672,"Green%":3.596,"Blue%":1.804,"Hosp_count":3.0,"NTL_median":20.83916759,"unit_id":"DCC South W-26","name":"DCC South W-26","imputed":[],"center":[90.385337,23.726159]},"geometry":{"type":"Polygon","coordinates":[[[90.38962,23.719731],[90.389449,23.719709],[90.389232,23.719686],[90.389086,23.719684],[90.388868,23.719704],[90.388498,23.719784],[90.388208,23.719789],[90.387933,23.719784],[90.387746,23.719776],[90.387539,23.719782],[90.387448,23.719876],[90.387359,23.719922],[90.387209,23.719929],[90.387181,23.72001],[90.387189,23.720149],[90.387212,23.720273],[90.3872,23.720392],[90.387156,23.720516],[90.387102,23.720582],[90.387034,23.720614],[90.386936,23.720612],[90.386869,23.720583],[90.386844,23.720534],[90.386831,23.720386],[90.386798,23.720247],[90.386706,23.72016],[90.386598,23.720143],[90.386478,23.720165],[90.386332,23.720211],[90.386221,23.72028],[90.386162,23.720408],[90.386111,23.720632],[90.386055,23.720832],[90.385995,23.72096],[90.385837,23.721057],[90.385734,23.721065],[90.38565,23.721068],[90.385526,23.721066],[90.385339,23.721092],[90.385204,23.721109],[90.385069,23.721111],[90.38487,23.721175],[90.38477,23.721268],[90.384749,23.721516],[90.384796,23.721532],[90.384961,23.721558],[90.385033,23.721588],[90.385063,23.721636],[90.385025,23.721722],[90.384935,23.721849],[90.384916,23.721973],[90.384892,23.722145],[90.384837,23.722296],[90.384835,23.722421],[90.384862,23.722626],[90.384859,23.722798],[90.384839,23.723003],[90.384821,23.723103],[90.384766,23.723255],[90.384702,23.723378],[90.384627,23.723473],[90.38456,23.723438],[90.3845,23.723322],[90.384424,23.723269],[90.384299,23.723286],[90.384163,23.723341],[90.384038,23.723348],[90.383877,23.723384],[90.383818,23.723464],[90.383816,23.723564],[90.383798,23.723702],[90.383729,23.723758],[90.383614,23.723795],[90.383463,23.723821],[90.383381,23.723791],[90.383362,23.723709],[90.383379,23.723619],[90.383382,23.723475],[90.383319,23.723269],[90.383259,23.723115],[90.383138,23.722989],[90.383042,23.722854],[90.383076,23.722711],[90.383051,23.722658],[90.382948,23.722589],[90.382866,23.722578],[90.382715,23.722585],[90.382475,23.722643],[90.38235,23.722665],[90.38225,23.722735],[90.38212,23.722757],[90.382022,23.722736],[90.382024,23.722641],[90.382043,23.722479],[90.381868,23.722482],[90.381242,23.722657],[90.380837,23.722835],[90.380555,23.722992],[90.380321,23.723304],[90.380175,23.723481],[90.380249,23.723673],[90.380311,23.723823],[90.380333,23.724003],[90.38033,23.724146],[90.380211,23.724299],[90.380189,23.72443],[90.380264,23.724539],[90.380288,23.724653],[90.380247,23.724742],[90.38018,23.724836],[90.380216,23.725022],[90.380429,23.725061],[90.380727,23.72509],[90.380992,23.725095],[90.381285,23.725082],[90.3814,23.725125],[90.381441,23.725365],[90.381451,23.72549],[90.381375,23.725752],[90.38137,23.725973],[90.381437,23.726213],[90.382031,23.726647],[90.382319,23.726878],[90.382447,23.726922],[90.382617,23.726883],[90.382735,23.726826],[90.382831,23.726887],[90.382932,23.727038],[90.38296,23.727236],[90.382899,23.730614],[90.382861,23.731204],[90.382709,23.731345],[90.382714,23.731751],[90.382703,23.732244],[90.383042,23.732257],[90.38373,23.732287],[90.383937,23.732298],[90.383994,23.732296],[90.384272,23.732314],[90.384418,23.732321],[90.384857,23.732348],[90.385052,23.732363],[90.385121,23.732368],[90.385121,23.732369],[90.385295,23.732382],[90.385733,23.732423],[90.386169,23.732471],[90.386605,23.732526],[90.387003,23.732582],[90.387041,23.732588],[90.387024,23.732345],[90.387014,23.732103],[90.387011,23.73186],[90.387012,23.731828],[90.387015,23.731617],[90.387016,23.731607],[90.387026,23.731374],[90.387065,23.731175],[90.387109,23.730978],[90.38716,23.730781],[90.387217,23.730587],[90.387238,23.730524],[90.38728,23.730394],[90.387349,23.730204],[90.38741,23.73005],[90.387424,23.730016],[90.387505,23.72983],[90.387591,23.729646],[90.387683,23.729466],[90.387882,23.729238],[90.387988,23.729116],[90.38823,23.728846],[90.388297,23.72877],[90.388611,23.728427],[90.388929,23.728089],[90.389039,23.727975],[90.389042,23.727972],[90.389089,23.727923],[90.389251,23.727755],[90.38927,23.727736],[90.389311,23.727693],[90.389326,23.727679],[90.38946,23.727542],[90.389459,23.727531],[90.389457,23.727509],[90.389375,23.726747],[90.389233,23.726047],[90.389266,23.725967],[90.389417,23.725931],[90.389563,23.725919],[90.390056,23.725885],[90.390053,23.725799],[90.390066,23.725646],[90.390095,23.725484],[90.390108,23.725365],[90.390142,23.725251],[90.390181,23.725108],[90.390264,23.724847],[90.390466,23.724841],[90.390736,23.724845],[90.390886,23.724848],[90.391099,23.724837],[90.391229,23.72483],[90.391422,23.724785],[90.391573,23.724754],[90.391744,23.724743],[90.391843,23.724716],[90.391896,23.724683],[90.391985,23.724623],[90.392043,23.724576],[90.392154,23.724501],[90.392247,23.724503],[90.392336,23.724457],[90.392369,23.724376],[90.392371,23.724285],[90.392367,23.724195],[90.392311,23.724155],[90.392182,23.724125],[90.391996,23.724112],[90.391726,23.724093],[90.391457,23.724084],[90.391296,23.724057],[90.39106,23.723929],[90.390886,23.723905],[90.39056,23.7239],[90.390155,23.723893],[90.389751,23.723886],[90.389611,23.723841],[90.389528,23.723753],[90.389452,23.72363],[90.389415,23.723522],[90.38941,23.7234],[90.389413,23.723272],[90.389408,23.723099],[90.389403,23.72297],[90.389391,23.722777],[90.389419,23.722555],[90.389507,23.722435],[90.389579,23.72235],[90.389659,23.722237],[90.389715,23.722145],[90.38979,23.721895],[90.38981,23.721695],[90.389814,23.721473],[90.389879,23.721366],[90.390086,23.721112],[90.390159,23.720977],[90.390326,23.720772],[90.390213,23.720552],[90.390121,23.720307],[90.389952,23.720182],[90.38988,23.720088],[90.389815,23.719861],[90.389833,23.719795],[90.389782,23.71978],[90.38962,23.719731]]]}},{"type":"Feature","properties":{"Ward_Name":"DCC South W-27","Exposure":0.11821003,"Sensitivity":-0.42560913,"Adaptive_Capacity":-0.20424929,"Exposure_s":0.55656239,"Sensitivity_s":0.25803297,"Adaptive_s":0.16793043,"HVI_raw":0.20254913,"HVI":0.59430774,"HVI_Class":"Moderate","Rank":79.0,"Corporation":"DSCC","Area_m2":465114.5545682,"LST_mean":32.28273538,"Road_Density":25.42,"industry%":0.0,"Pop_Density":100822.11538113,"SVF_mean":0.61479654,"Poverty_HCR":6.1,"build_km2":2149.867,"informal%":1.1,"NDBI_media":-0.01312266,"Green%":9.15,"Blue%":0.896,"Hosp_count":1.0,"NTL_median":23.2304163,"unit_id":"DCC South W-27","name":"DCC South W-27","imputed":[],"center":[90.394819,23.723126]},"geometry":{"type":"Polygon","coordinates":[[[90.400329,23.723896],[90.400327,23.723881],[90.400303,23.723712],[90.400214,23.723099],[90.400157,23.722933],[90.400093,23.72277],[90.400024,23.72261],[90.399949,23.722452],[90.399868,23.722297],[90.399781,23.722145],[90.399696,23.722008],[90.399689,23.721996],[90.399591,23.721851],[90.399488,23.721709],[90.39938,23.721571],[90.399365,23.721554],[90.399267,23.721438],[90.39915,23.721308],[90.399068,23.721232],[90.398991,23.721151],[90.398986,23.721146],[90.398917,23.721066],[90.398848,23.720978],[90.398784,23.720887],[90.398725,23.720792],[90.39867,23.720695],[90.39862,23.720594],[90.398574,23.720516],[90.398556,23.720485],[90.398497,23.720373],[90.398473,23.720322],[90.398279,23.720484],[90.398114,23.720618],[90.397969,23.720741],[90.397831,23.720834],[90.397697,23.721041],[90.39763,23.721159],[90.397524,23.721576],[90.397357,23.721847],[90.397161,23.721928],[90.396984,23.722014],[90.396878,23.722108],[90.396748,23.722148],[90.39658,23.722121],[90.396536,23.722031],[90.396513,23.721875],[90.396483,23.721451],[90.396459,23.721319],[90.396416,23.721234],[90.396321,23.721113],[90.396116,23.720967],[90.395719,23.720733],[90.395538,23.720676],[90.395222,23.720623],[90.394676,23.720668],[90.394397,23.72003],[90.394462,23.720007],[90.394717,23.71994],[90.394836,23.719811],[90.395,23.719694],[90.395157,23.719631],[90.395392,23.719545],[90.395421,23.719433],[90.395307,23.719275],[90.395224,23.71888],[90.395173,23.718724],[90.395074,23.718763],[90.39493,23.718808],[90.394803,23.718866],[90.39475,23.71891],[90.394681,23.718944],[90.394619,23.718955],[90.394581,23.718943],[90.394575,23.718892],[90.394573,23.718835],[90.394559,23.718748],[90.394537,23.718715],[90.394479,23.718684],[90.394401,23.718683],[90.394333,23.718691],[90.394258,23.71871],[90.394101,23.71875],[90.394026,23.718766],[90.393987,23.718801],[90.393966,23.718858],[90.393951,23.718959],[90.39395,23.719013],[90.393952,23.719075],[90.393964,23.719144],[90.393965,23.71927],[90.393927,23.719377],[90.393873,23.719474],[90.393794,23.719547],[90.393795,23.719622],[90.393827,23.719685],[90.393864,23.719758],[90.393859,23.719844],[90.393842,23.719909],[90.39382,23.719999],[90.393796,23.720094],[90.393778,23.720344],[90.393738,23.720403],[90.393698,23.720447],[90.393649,23.720473],[90.393584,23.720472],[90.393487,23.720456],[90.393426,23.720431],[90.393313,23.720384],[90.393236,23.72035],[90.393146,23.720334],[90.393087,23.720339],[90.393061,23.72038],[90.393058,23.720487],[90.393074,23.720697],[90.393071,23.72081],[90.393083,23.7209],[90.393126,23.720993],[90.393199,23.72106],[90.393231,23.721114],[90.393233,23.721174],[90.393128,23.721205],[90.393011,23.721227],[90.39281,23.721247],[90.392644,23.72128],[90.392426,23.721315],[90.392335,23.72132],[90.39213,23.721343],[90.392039,23.721375],[90.391934,23.721436],[90.391864,23.721533],[90.391866,23.721608],[90.391954,23.72172],[90.391976,23.72178],[90.392016,23.721873],[90.391999,23.721932],[90.391916,23.722005],[90.391844,23.722043],[90.391763,23.722051],[90.391663,23.722034],[90.391605,23.721979],[90.391551,23.721916],[90.391489,23.721816],[90.391448,23.721747],[90.391375,23.721656],[90.391302,23.721568],[90.391171,23.721464],[90.390978,23.721422],[90.390887,23.721391],[90.390863,23.721334],[90.390867,23.721283],[90.390874,23.721233],[90.390879,23.721143],[90.390865,23.721074],[90.390856,23.720996],[90.390881,23.720907],[90.390898,23.720848],[90.3909,23.720767],[90.390889,23.720684],[90.390837,23.720656],[90.390763,23.720655],[90.390688,23.720659],[90.390626,23.720688],[90.390579,23.720747],[90.390523,23.720812],[90.390474,23.720826],[90.390419,23.720813],[90.390326,23.720772],[90.390159,23.720977],[90.390086,23.721112],[90.389879,23.721366],[90.389814,23.721473],[90.38981,23.721695],[90.38979,23.721895],[90.389715,23.722145],[90.389659,23.722237],[90.389579,23.72235],[90.389507,23.722435],[90.389419,23.722555],[90.389391,23.722777],[90.389403,23.72297],[90.389408,23.723099],[90.389413,23.723272],[90.38941,23.7234],[90.389415,23.723522],[90.389452,23.72363],[90.389528,23.723753],[90.389611,23.723841],[90.389751,23.723886],[90.390155,23.723893],[90.39056,23.7239],[90.390886,23.723905],[90.39106,23.723929],[90.391296,23.724057],[90.391457,23.724084],[90.391726,23.724093],[90.391996,23.724112],[90.392182,23.724125],[90.392311,23.724155],[90.392367,23.724195],[90.392371,23.724285],[90.392369,23.724376],[90.392336,23.724457],[90.392247,23.724503],[90.392154,23.724501],[90.392043,23.724576],[90.391985,23.724623],[90.391896,23.724683],[90.391843,23.724716],[90.391744,23.724743],[90.391573,23.724754],[90.391422,23.724785],[90.391229,23.72483],[90.391099,23.724837],[90.390886,23.724848],[90.390736,23.724845],[90.390466,23.724841],[90.390264,23.724847],[90.390181,23.725108],[90.390142,23.725251],[90.390108,23.725365],[90.390095,23.725484],[90.390066,23.725646],[90.390053,23.725799],[90.390056,23.725885],[90.389563,23.725919],[90.389417,23.725931],[90.389266,23.725967],[90.389233,23.726047],[90.389375,23.726747],[90.389457,23.727509],[90.389459,23.727531],[90.38946,23.727542],[90.389546,23.727456],[90.389633,23.72738],[90.389828,23.727228],[90.390083,23.727037],[90.390342,23.726851],[90.390604,23.726669],[90.39087,23.726494],[90.391139,23.726323],[90.391411,23.726158],[90.391687,23.725998],[90.391966,23.725844],[90.392279,23.725694],[90.392594,23.72555],[90.392912,23.725413],[90.393234,23.725283],[90.393557,23.725159],[90.393884,23.725041],[90.394212,23.724931],[90.39446,23.724855],[90.394709,23.724786],[90.39496,23.724722],[90.395213,23.724663],[90.395466,23.724611],[90.395476,23.724609],[90.395721,23.724564],[90.395917,23.724533],[90.396223,23.72449],[90.396233,23.724488],[90.396491,23.724459],[90.396749,23.724436],[90.398873,23.724116],[90.399177,23.724073],[90.399359,23.724042],[90.400049,23.723938],[90.400329,23.723896]]]}},{"type":"Feature","properties":{"Ward_Name":"DCC South W-28","Exposure":0.1015124,"Sensitivity":0.46908002,"Adaptive_Capacity":-0.54445134,"Exposure_s":0.55194746,"Sensitivity_s":0.45606992,"Adaptive_s":0.0339283,"HVI_raw":0.31966687,"HVI":0.76044245,"HVI_Class":"High","Rank":24.0,"Corporation":"DSCC","Area_m2":222600.46200029,"LST_mean":33.17577324,"Road_Density":25.99,"industry%":0.0,"Pop_Density":42865.68413305,"SVF_mean":0.65625264,"Poverty_HCR":7.5,"build_km2":4829.354,"informal%":1.64,"NDBI_media":0.04998948,"Green%":0.081,"Blue%":0.0,"Hosp_count":1.0,"NTL_median":18.68916702,"unit_id":"DCC South W-28","name":"DCC South W-28","imputed":[],"center":[90.392406,23.718668]},"geometry":{"type":"Polygon","coordinates":[[[90.393074,23.720697],[90.393058,23.720487],[90.393061,23.72038],[90.393087,23.720339],[90.393146,23.720334],[90.393236,23.72035],[90.393313,23.720384],[90.393426,23.720431],[90.393487,23.720456],[90.393584,23.720472],[90.393649,23.720473],[90.393698,23.720447],[90.393738,23.720403],[90.393778,23.720344],[90.393796,23.720094],[90.39382,23.719999],[90.393842,23.719909],[90.393859,23.719844],[90.393864,23.719758],[90.393827,23.719685],[90.393795,23.719622],[90.393794,23.719547],[90.393873,23.719474],[90.393927,23.719377],[90.393965,23.71927],[90.393964,23.719144],[90.393952,23.719075],[90.39395,23.719013],[90.393951,23.718959],[90.393966,23.718858],[90.393987,23.718801],[90.394026,23.718766],[90.394101,23.71875],[90.394258,23.71871],[90.394333,23.718691],[90.394401,23.718683],[90.394479,23.718684],[90.394537,23.718715],[90.394559,23.718748],[90.394573,23.718835],[90.394575,23.718892],[90.394581,23.718943],[90.394619,23.718955],[90.394681,23.718944],[90.39475,23.71891],[90.394803,23.718866],[90.39493,23.718808],[90.395074,23.718763],[90.395173,23.718724],[90.395035,23.718298],[90.39563,23.717048],[90.395938,23.716569],[90.396069,23.716482],[90.396283,23.716492],[90.396523,23.716502],[90.396653,23.716474],[90.396804,23.716399],[90.396845,23.716262],[90.396829,23.716119],[90.39676,23.715992],[90.39664,23.715829],[90.396643,23.715656],[90.396647,23.715483],[90.396525,23.715403],[90.396325,23.715358],[90.396092,23.715336],[90.39591,23.715339],[90.395847,23.715348],[90.395845,23.715398],[90.395832,23.715469],[90.395787,23.71558],[90.395754,23.715647],[90.395699,23.715711],[90.395616,23.715741],[90.39553,23.715772],[90.395406,23.71577],[90.395269,23.715775],[90.395171,23.715827],[90.395096,23.715901],[90.395122,23.715952],[90.395234,23.716],[90.395369,23.716031],[90.395482,23.716062],[90.395531,23.716131],[90.395549,23.716217],[90.395497,23.716284],[90.395349,23.716281],[90.395158,23.716278],[90.394963,23.716296],[90.394792,23.716294],[90.394664,23.716284],[90.394526,23.716189],[90.394347,23.716157],[90.394122,23.716139],[90.393955,23.716143],[90.39374,23.716186],[90.393532,23.716258],[90.393422,23.716303],[90.393266,23.716368],[90.393159,23.716438],[90.393103,23.716498],[90.393082,23.716576],[90.393057,23.716662],[90.392998,23.716718],[90.392881,23.716734],[90.392819,23.71673],[90.39275,23.716664],[90.392694,23.716559],[90.39266,23.71648],[90.392627,23.716408],[90.392589,23.716364],[90.39253,23.716359],[90.392448,23.71639],[90.392443,23.716437],[90.392453,23.716509],[90.392483,23.716573],[90.392513,23.716656],[90.392511,23.71676],[90.392517,23.716825],[90.392519,23.716907],[90.39251,23.716993],[90.392466,23.717057],[90.392434,23.71711],[90.392409,23.717178],[90.392403,23.717274],[90.392394,23.717346],[90.392372,23.71746],[90.392294,23.717495],[90.392059,23.717544],[90.391868,23.71757],[90.391732,23.717578],[90.391643,23.717537],[90.391578,23.717472],[90.391486,23.717395],[90.391401,23.717383],[90.39131,23.717449],[90.391312,23.717568],[90.391337,23.717675],[90.391288,23.717764],[90.391172,23.717766],[90.391062,23.71781],[90.390964,23.717859],[90.390781,23.718057],[90.390682,23.718116],[90.390653,23.718208],[90.390655,23.718302],[90.390638,23.718394],[90.390565,23.718547],[90.390524,23.718622],[90.390449,23.71871],[90.390377,23.718773],[90.390326,23.718833],[90.390309,23.718872],[90.390216,23.718885],[90.390067,23.718866],[90.390082,23.718993],[90.390055,23.71909],[90.389961,23.719421],[90.38979,23.719725],[90.389782,23.71978],[90.389833,23.719795],[90.389815,23.719861],[90.38988,23.720088],[90.389952,23.720182],[90.390121,23.720307],[90.390213,23.720552],[90.390326,23.720772],[90.390419,23.720813],[90.390474,23.720826],[90.390523,23.720812],[90.390579,23.720747],[90.390626,23.720688],[90.390688,23.720659],[90.390763,23.720655],[90.390837,23.720656],[90.390889,23.720684],[90.3909,23.720767],[90.390898,23.720848],[90.390881,23.720907],[90.390856,23.720996],[90.390865,23.721074],[90.390879,23.721143],[90.390874,23.721233],[90.390867,23.721283],[90.390863,23.721334],[90.390887,23.721391],[90.390978,23.721422],[90.391171,23.721464],[90.391302,23.721568],[90.391375,23.721656],[90.391448,23.721747],[90.391489,23.721816],[90.391551,23.721916],[90.391605,23.721979],[90.391663,23.722034],[90.391763,23.722051],[90.391844,23.722043],[90.391916,23.722005],[90.391999,23.721932],[90.392016,23.721873],[90.391976,23.72178],[90.391954,23.72172],[90.391866,23.721608],[90.391864,23.721533],[90.391934,23.721436],[90.392039,23.721375],[90.39213,23.721343],[90.392335,23.72132],[90.392426,23.721315],[90.392644,23.72128],[90.39281,23.721247],[90.393011,23.721227],[90.393128,23.721205],[90.393233,23.721174],[90.393231,23.721114],[90.393199,23.72106],[90.393126,23.720993],[90.393083,23.7209],[90.393071,23.72081],[90.393074,23.720697]]]}},{"type":"Feature","properties":{"Ward_Name":"DCC South W-29","Exposure":0.02038646,"Sensitivity":0.83808355,"Adaptive_Capacity":-0.55507355,"Exposure_s":0.52952567,"Sensitivity_s":0.53774782,"Adaptive_s":0.02974431,"HVI_raw":0.34480327,"HVI":0.79609912,"HVI_Class":"High","Rank":12.0,"Corporation":"DSCC","Area_m2":504215.36942657,"LST_mean":33.83912263,"Road_Density":20.21,"industry%":3.471,"Pop_Density":36947.29757324,"SVF_mean":0.72636415,"Poverty_HCR":7.7,"build_km2":5004.566,"informal%":13.71,"NDBI_media":0.06160574,"Green%":0.029,"Blue%":1.908,"Hosp_count":0.0,"NTL_median":17.7891674,"unit_id":"DCC South W-29","name":"DCC South W-29","imputed":[],"center":[90.389731,23.715181]},"geometry":{"type":"Polygon","coordinates":[[[90.395847,23.715348],[90.395715,23.715366],[90.395538,23.715458],[90.395453,23.715528],[90.395302,23.715603],[90.39501,23.715628],[90.394848,23.715626],[90.394667,23.715605],[90.394531,23.715567],[90.39443,23.715457],[90.394309,23.715008],[90.394034,23.714489],[90.39361,23.713611],[90.393496,23.713507],[90.393381,23.713422],[90.393211,23.713461],[90.39308,23.71353],[90.392943,23.713599],[90.392827,23.713544],[90.392821,23.713496],[90.392834,23.713174],[90.392804,23.713078],[90.392688,23.71304],[90.392539,23.713025],[90.392261,23.713003],[90.392125,23.712977],[90.392061,23.712922],[90.391954,23.712771],[90.391839,23.712673],[90.391678,23.712641],[90.391491,23.712578],[90.391461,23.71247],[90.391502,23.712369],[90.391602,23.712227],[90.391649,23.712133],[90.391592,23.71206],[90.391405,23.711997],[90.391258,23.711917],[90.391138,23.711754],[90.390772,23.71142],[90.390753,23.711408],[90.390722,23.711431],[90.390643,23.711484],[90.39056,23.71153],[90.390473,23.711571],[90.389895,23.711745],[90.389238,23.711738],[90.38871,23.711728],[90.388485,23.711695],[90.38815,23.711571],[90.387757,23.711567],[90.387158,23.712077],[90.386847,23.712234],[90.386187,23.712656],[90.385869,23.712809],[90.385491,23.712773],[90.385404,23.712754],[90.385316,23.712742],[90.385227,23.712735],[90.385139,23.712734],[90.385131,23.712735],[90.38505,23.71274],[90.384962,23.712752],[90.384875,23.71277],[90.384789,23.712793],[90.384706,23.712823],[90.384206,23.713252],[90.383596,23.713778],[90.383929,23.714085],[90.384589,23.714594],[90.38471,23.714768],[90.385027,23.715038],[90.385221,23.715253],[90.385756,23.715753],[90.386006,23.7159],[90.386295,23.716024],[90.386586,23.716079],[90.386569,23.716326],[90.386437,23.716538],[90.386398,23.716738],[90.386369,23.717014],[90.386451,23.717201],[90.386605,23.717127],[90.386695,23.717075],[90.386794,23.717027],[90.387456,23.716956],[90.388219,23.716954],[90.388461,23.716933],[90.388773,23.716856],[90.389044,23.71676],[90.389171,23.716798],[90.38957,23.71712],[90.389624,23.717258],[90.389675,23.717251],[90.389693,23.717411],[90.389711,23.717571],[90.389775,23.718154],[90.389778,23.718159],[90.389906,23.718435],[90.390054,23.718754],[90.390067,23.718866],[90.390216,23.718885],[90.390309,23.718872],[90.390326,23.718833],[90.390377,23.718773],[90.390449,23.71871],[90.390524,23.718622],[90.390565,23.718547],[90.390638,23.718394],[90.390655,23.718302],[90.390653,23.718208],[90.390682,23.718116],[90.390781,23.718057],[90.390964,23.717859],[90.391062,23.71781],[90.391172,23.717766],[90.391288,23.717764],[90.391337,23.717675],[90.391312,23.717568],[90.39131,23.717449],[90.391401,23.717383],[90.391486,23.717395],[90.391578,23.717472],[90.391643,23.717537],[90.391732,23.717578],[90.391868,23.71757],[90.392059,23.717544],[90.392294,23.717495],[90.392372,23.71746],[90.392394,23.717346],[90.392403,23.717274],[90.392409,23.717178],[90.392434,23.71711],[90.392466,23.717057],[90.39251,23.716993],[90.392519,23.716907],[90.392517,23.716825],[90.392511,23.71676],[90.392513,23.716656],[90.392483,23.716573],[90.392453,23.716509],[90.392443,23.716437],[90.392448,23.71639],[90.39253,23.716359],[90.392589,23.716364],[90.392627,23.716408],[90.39266,23.71648],[90.392694,23.716559],[90.39275,23.716664],[90.392819,23.71673],[90.392881,23.716734],[90.392998,23.716718],[90.393057,23.716662],[90.393082,23.716576],[90.393103,23.716498],[90.393159,23.716438],[90.393266,23.716368],[90.393422,23.716303],[90.393532,23.716258],[90.39374,23.716186],[90.393955,23.716143],[90.394122,23.716139],[90.394347,23.716157],[90.394526,23.716189],[90.394664,23.716284],[90.394792,23.716294],[90.394963,23.716296],[90.395158,23.716278],[90.395349,23.716281],[90.395497,23.716284],[90.395549,23.716217],[90.395531,23.716131],[90.395482,23.716062],[90.395369,23.716031],[90.395234,23.716],[90.395122,23.715952],[90.395096,23.715901],[90.395171,23.715827],[90.395269,23.715775],[90.395406,23.71577],[90.39553,23.715772],[90.395616,23.715741],[90.395699,23.715711],[90.395754,23.715647],[90.395787,23.71558],[90.395832,23.715469],[90.395845,23.715398],[90.395847,23.715348]]]}},{"type":"Feature","properties":{"Ward_Name":"DCC South W-30","Exposure":0.29803516,"Sensitivity":0.40290912,"Adaptive_Capacity":-0.33649155,"Exposure_s":0.60626292,"Sensitivity_s":0.44142318,"Adaptive_s":0.11584154,"HVI_raw":0.30265607,"HVI":0.73631216,"HVI_Class":"High","Rank":34.0,"Corporation":"DSCC","Area_m2":392539.58878792,"LST_mean":33.76239494,"Road_Density":23.2,"industry%":8.766,"Pop_Density":32889.92747515,"SVF_mean":0.69254251,"Poverty_HCR":6.6,"build_km2":3763.674,"informal%":6.88,"NDBI_media":0.06687597,"Green%":0.042,"Blue%":0.007,"Hosp_count":4.0,"NTL_median":18.29333305,"unit_id":"DCC South W-30","name":"DCC South W-30","imputed":[],"center":[90.396078,23.712601]},"geometry":{"type":"Polygon","coordinates":[[[90.390772,23.71142],[90.391138,23.711754],[90.391258,23.711917],[90.391405,23.711997],[90.391592,23.71206],[90.391649,23.712133],[90.391602,23.712227],[90.391502,23.712369],[90.391461,23.71247],[90.391491,23.712578],[90.391678,23.712641],[90.391839,23.712673],[90.391954,23.712771],[90.392061,23.712922],[90.392125,23.712977],[90.392261,23.713003],[90.392539,23.713025],[90.392688,23.71304],[90.392804,23.713078],[90.392834,23.713174],[90.392821,23.713496],[90.392827,23.713544],[90.392943,23.713599],[90.39308,23.71353],[90.393211,23.713461],[90.393381,23.713422],[90.393496,23.713507],[90.39361,23.713611],[90.394034,23.714489],[90.394309,23.715008],[90.39443,23.715457],[90.394531,23.715567],[90.394667,23.715605],[90.394848,23.715626],[90.39501,23.715628],[90.395302,23.715603],[90.395453,23.715528],[90.395538,23.715458],[90.395715,23.715366],[90.395847,23.715348],[90.39591,23.715339],[90.396092,23.715336],[90.396325,23.715358],[90.396525,23.715403],[90.396647,23.715483],[90.396643,23.715656],[90.396864,23.715561],[90.396962,23.715521],[90.397002,23.715456],[90.397005,23.715307],[90.397,23.715235],[90.396963,23.715127],[90.396979,23.714996],[90.397026,23.714895],[90.397196,23.714856],[90.397333,23.714781],[90.397406,23.714693],[90.397573,23.714493],[90.39838,23.714204],[90.398536,23.714178],[90.39874,23.714095],[90.399046,23.713964],[90.399305,23.713847],[90.39951,23.7137],[90.399872,23.713526],[90.400037,23.713422],[90.400226,23.713296],[90.400378,23.713105],[90.400466,23.71297],[90.400626,23.712744],[90.400762,23.712581],[90.400936,23.71242],[90.401062,23.712336],[90.401186,23.712366],[90.401238,23.712503],[90.401299,23.712583],[90.401409,23.712542],[90.401441,23.712493],[90.401421,23.712292],[90.401469,23.712257],[90.401618,23.712202],[90.401805,23.712162],[90.401883,23.712156],[90.402033,23.712073],[90.402081,23.711987],[90.402146,23.711824],[90.402226,23.711761],[90.402288,23.711754],[90.402458,23.7118],[90.402481,23.711844],[90.402533,23.711966],[90.402649,23.711997],[90.402796,23.712007],[90.4029,23.711908],[90.402917,23.711829],[90.402934,23.711729],[90.403023,23.711559],[90.403095,23.711453],[90.4031,23.711452],[90.403075,23.711377],[90.403007,23.711194],[90.402951,23.711057],[90.402933,23.711012],[90.402928,23.711001],[90.402853,23.710834],[90.402849,23.710826],[90.402767,23.710658],[90.402711,23.710553],[90.402675,23.710484],[90.402577,23.710314],[90.402474,23.710148],[90.402366,23.709985],[90.402252,23.709825],[90.402093,23.709565],[90.402052,23.709616],[90.401574,23.70987],[90.401003,23.710177],[90.400762,23.710281],[90.400351,23.710399],[90.399532,23.710791],[90.399356,23.710842],[90.399193,23.710899],[90.399037,23.71092],[90.398855,23.710947],[90.398698,23.710986],[90.398555,23.71105],[90.398352,23.711148],[90.398111,23.711191],[90.397695,23.711238],[90.397241,23.711213],[90.396289,23.711191],[90.395345,23.711055],[90.395014,23.711056],[90.394741,23.711075],[90.394469,23.711088],[90.394105,23.711118],[90.393871,23.711144],[90.393606,23.711098],[90.393128,23.711],[90.392662,23.710938],[90.392324,23.710987],[90.392084,23.71103],[90.391765,23.711085],[90.39153,23.711158],[90.391301,23.711244],[90.390993,23.7114],[90.390882,23.711434],[90.390772,23.71142]]]}},{"type":"Feature","properties":{"Ward_Name":"DCC South W-31","Exposure":0.13163488,"Sensitivity":-0.05157522,"Adaptive_Capacity":-0.21055564,"Exposure_s":0.56027279,"Sensitivity_s":0.34082433,"Adaptive_s":0.16544642,"HVI_raw":0.23519016,"HVI":0.64060992,"HVI_Class":"High","Rank":61.0,"Corporation":"DSCC","Area_m2":470309.0716166,"LST_mean":32.62285006,"Road_Density":29.86,"industry%":0.0,"Pop_Density":70529.1840447,"SVF_mean":0.65679131,"Poverty_HCR":6.2,"build_km2":2934.854,"informal%":2.24,"NDBI_media":0.02979027,"Green%":10.365,"Blue%":1.22,"Hosp_count":2.0,"NTL_median":18.68916702,"unit_id":"DCC South W-31","name":"DCC South W-31","imputed":[],"center":[90.399155,23.716802]},"geometry":{"type":"Polygon","coordinates":[[[90.397969,23.720741],[90.398114,23.720618],[90.398279,23.720484],[90.398473,23.720322],[90.398443,23.720259],[90.398426,23.720218],[90.398257,23.720048],[90.398337,23.719947],[90.398377,23.719876],[90.398392,23.719763],[90.398377,23.719578],[90.398334,23.719422],[90.398325,23.719237],[90.39831,23.718986],[90.398307,23.718854],[90.398252,23.718668],[90.398215,23.718572],[90.39821,23.718489],[90.398342,23.718365],[90.398505,23.718314],[90.398725,23.71836],[90.398886,23.718428],[90.399066,23.718479],[90.399345,23.718478],[90.3995,23.71854],[90.399603,23.71856],[90.399776,23.718563],[90.399835,23.718529],[90.399989,23.718496],[90.400114,23.718477],[90.400132,23.718474],[90.400216,23.718467],[90.400304,23.718424],[90.400382,23.718351],[90.400442,23.718286],[90.40053,23.718155],[90.400556,23.718123],[90.400637,23.718041],[90.400672,23.71801],[90.400758,23.717946],[90.400825,23.717889],[90.400903,23.71782],[90.400984,23.717758],[90.401029,23.717734],[90.401132,23.717668],[90.401229,23.71762],[90.401352,23.717561],[90.401477,23.717507],[90.401605,23.71746],[90.401734,23.717419],[90.401797,23.717403],[90.401866,23.717385],[90.401999,23.717357],[90.402097,23.717341],[90.402134,23.717335],[90.402245,23.717323],[90.402269,23.71732],[90.402311,23.717286],[90.402348,23.717248],[90.402381,23.717205],[90.402409,23.717159],[90.402432,23.717111],[90.402449,23.71706],[90.402461,23.717007],[90.402465,23.716973],[90.402466,23.716954],[90.402506,23.716761],[90.402514,23.716713],[90.402538,23.716567],[90.402564,23.716373],[90.402583,23.716177],[90.402596,23.715981],[90.402601,23.715785],[90.4026,23.715588],[90.402607,23.715532],[90.402619,23.715477],[90.402638,23.715424],[90.402653,23.715393],[90.402662,23.715374],[90.402691,23.715326],[90.402726,23.715281],[90.402748,23.715258],[90.402782,23.71521],[90.402849,23.715121],[90.402858,23.71499],[90.402848,23.714829],[90.402892,23.714561],[90.402992,23.714437],[90.403125,23.714254],[90.40325,23.714155],[90.40333,23.714055],[90.403469,23.713926],[90.403588,23.713802],[90.403707,23.713667],[90.403858,23.713598],[90.403937,23.713546],[90.404003,23.713481],[90.404077,23.713351],[90.404098,23.713256],[90.404094,23.713238],[90.404017,23.713184],[90.40389,23.713087],[90.403767,23.712985],[90.403648,23.712878],[90.403534,23.712766],[90.403457,23.712601],[90.403387,23.712434],[90.403324,23.712264],[90.403267,23.712092],[90.403217,23.711917],[90.403174,23.711741],[90.403137,23.711563],[90.4031,23.711452],[90.403095,23.711453],[90.403023,23.711559],[90.402934,23.711729],[90.402917,23.711829],[90.4029,23.711908],[90.402796,23.712007],[90.402649,23.711997],[90.402533,23.711966],[90.402481,23.711844],[90.402458,23.7118],[90.402288,23.711754],[90.402226,23.711761],[90.402146,23.711824],[90.402081,23.711987],[90.402033,23.712073],[90.401883,23.712156],[90.401805,23.712162],[90.401618,23.712202],[90.401469,23.712257],[90.401421,23.712292],[90.401441,23.712493],[90.401409,23.712542],[90.401299,23.712583],[90.401238,23.712503],[90.401186,23.712366],[90.401062,23.712336],[90.400936,23.71242],[90.400762,23.712581],[90.400626,23.712744],[90.400466,23.71297],[90.400378,23.713105],[90.400226,23.713296],[90.400037,23.713422],[90.399872,23.713526],[90.39951,23.7137],[90.399305,23.713847],[90.399046,23.713964],[90.39874,23.714095],[90.398536,23.714178],[90.39838,23.714204],[90.397573,23.714493],[90.397406,23.714693],[90.397333,23.714781],[90.397196,23.714856],[90.397026,23.714895],[90.396979,23.714996],[90.396963,23.715127],[90.397,23.715235],[90.397005,23.715307],[90.397002,23.715456],[90.396962,23.715521],[90.396864,23.715561],[90.396643,23.715656],[90.39664,23.715829],[90.39676,23.715992],[90.396829,23.716119],[90.396845,23.716262],[90.396804,23.716399],[90.396653,23.716474],[90.396523,23.716502],[90.396283,23.716492],[90.396069,23.716482],[90.395938,23.716569],[90.39563,23.717048],[90.395035,23.718298],[90.395173,23.718724],[90.395224,23.71888],[90.395307,23.719275],[90.395421,23.719433],[90.395392,23.719545],[90.395157,23.719631],[90.395,23.719694],[90.394836,23.719811],[90.394717,23.71994],[90.394462,23.720007],[90.394397,23.72003],[90.394676,23.720668],[90.395222,23.720623],[90.395538,23.720676],[90.395719,23.720733],[90.396116,23.720967],[90.396321,23.721113],[90.396416,23.721234],[90.396459,23.721319],[90.396483,23.721451],[90.396513,23.721875],[90.396536,23.722031],[90.39658,23.722121],[90.396748,23.722148],[90.396878,23.722108],[90.396984,23.722014],[90.397161,23.721928],[90.397357,23.721847],[90.397524,23.721576],[90.39763,23.721159],[90.397697,23.721041],[90.397831,23.720834],[90.397969,23.720741]]]}},{"type":"Feature","properties":{"Ward_Name":"DCC South W-32","Exposure":0.49803384,"Sensitivity":0.22770841,"Adaptive_Capacity":-0.31184202,"Exposure_s":0.66153906,"Sensitivity_s":0.40264299,"Adaptive_s":0.12555075,"HVI_raw":0.30121471,"HVI":0.73426755,"HVI_Class":"High","Rank":37.0,"Corporation":"DSCC","Area_m2":231283.21706575,"LST_mean":32.90432644,"Road_Density":41.98,"industry%":0.0,"Pop_Density":27131.34741609,"SVF_mean":0.6123401,"Poverty_HCR":3.9,"build_km2":4803.739,"informal%":0.61,"NDBI_media":0.05753747,"Green%":0.139,"Blue%":0.0,"Hosp_count":4.0,"NTL_median":19.17791653,"unit_id":"DCC South W-32","name":"DCC South W-32","imputed":[],"center":[90.404392,23.714225]},"geometry":{"type":"Polygon","coordinates":[[[90.406697,23.713448],[90.406644,23.713361],[90.40659,23.713324],[90.406482,23.713294],[90.40642,23.713257],[90.406438,23.713164],[90.40647,23.7131],[90.40651,23.713029],[90.406449,23.712971],[90.406396,23.712898],[90.406398,23.712834],[90.406492,23.7128],[90.406539,23.712772],[90.406588,23.712622],[90.40656,23.712486],[90.406407,23.71234],[90.406292,23.712266],[90.406154,23.712185],[90.406023,23.712083],[90.405956,23.711931],[90.405867,23.711729],[90.405817,23.711492],[90.405799,23.711114],[90.405555,23.711253],[90.405425,23.711323],[90.405283,23.711407],[90.405154,23.711462],[90.405064,23.711474],[90.404916,23.711497],[90.40474,23.71153],[90.404647,23.711528],[90.40455,23.711516],[90.404465,23.7115],[90.40438,23.711445],[90.404428,23.711339],[90.404456,23.711208],[90.404407,23.711094],[90.404337,23.711027],[90.404105,23.710945],[90.403938,23.710859],[90.403803,23.710821],[90.403801,23.710916],[90.40376,23.711029],[90.403608,23.711176],[90.403511,23.711138],[90.403415,23.711083],[90.403388,23.71113],[90.403366,23.711255],[90.403318,23.711374],[90.403233,23.711444],[90.4031,23.711452],[90.403137,23.711563],[90.403174,23.711741],[90.403217,23.711917],[90.403267,23.712092],[90.403324,23.712264],[90.403387,23.712434],[90.403457,23.712601],[90.403534,23.712766],[90.403648,23.712878],[90.403767,23.712985],[90.40389,23.713087],[90.404017,23.713184],[90.404094,23.713238],[90.404098,23.713256],[90.404077,23.713351],[90.404003,23.713481],[90.403937,23.713546],[90.403858,23.713598],[90.403707,23.713667],[90.403588,23.713802],[90.403469,23.713926],[90.40333,23.714055],[90.40325,23.714155],[90.403125,23.714254],[90.402992,23.714437],[90.402892,23.714561],[90.402848,23.714829],[90.402858,23.71499],[90.402849,23.715121],[90.402782,23.71521],[90.402748,23.715258],[90.402726,23.715281],[90.402691,23.715326],[90.402662,23.715374],[90.402653,23.715393],[90.402638,23.715424],[90.402619,23.715477],[90.402607,23.715532],[90.4026,23.715588],[90.402601,23.715785],[90.402596,23.715981],[90.402583,23.716177],[90.402564,23.716373],[90.402538,23.716567],[90.402514,23.716713],[90.402506,23.716761],[90.402466,23.716954],[90.402465,23.716973],[90.402461,23.717007],[90.402449,23.71706],[90.402432,23.717111],[90.402409,23.717159],[90.402381,23.717205],[90.402348,23.717248],[90.402311,23.717286],[90.402269,23.71732],[90.402245,23.717323],[90.402134,23.717335],[90.402097,23.717341],[90.401999,23.717357],[90.401866,23.717385],[90.401797,23.717403],[90.401843,23.717415],[90.40192,23.71747],[90.40207,23.717437],[90.402181,23.717379],[90.402374,23.717442],[90.402498,23.717497],[90.402642,23.717528],[90.402808,23.71756],[90.403005,23.717563],[90.40315,23.717565],[90.403321,23.717568],[90.403565,23.717577],[90.403668,23.717579],[90.403829,23.717581],[90.404047,23.717585],[90.404203,23.717583],[90.404338,23.717552],[90.404463,23.717525],[90.404594,23.717484],[90.404698,23.717467],[90.405092,23.717459],[90.405254,23.717429],[90.405446,23.717384],[90.405582,23.717343],[90.405749,23.717308],[90.406008,23.717312],[90.406226,23.717316],[90.40649,23.71733],[90.406656,23.717366],[90.406702,23.717396],[90.406807,23.717488],[90.406844,23.717445],[90.406854,23.717183],[90.406851,23.717092],[90.406821,23.71702],[90.406745,23.716966],[90.406693,23.716965],[90.406625,23.717002],[90.406592,23.717054],[90.406566,23.717097],[90.406524,23.717101],[90.406478,23.717052],[90.406474,23.717023],[90.406475,23.716957],[90.406476,23.716899],[90.406508,23.716852],[90.406578,23.716758],[90.406635,23.716716],[90.406678,23.716669],[90.4067,23.716612],[90.406717,23.716531],[90.406718,23.716454],[90.40672,23.716368],[90.406763,23.71602],[90.406762,23.715562],[90.406734,23.715404],[90.406678,23.715331],[90.406417,23.715093],[90.406329,23.715053],[90.406165,23.714993],[90.406015,23.714953],[90.405922,23.714946],[90.405735,23.714938],[90.405611,23.714927],[90.405576,23.714869],[90.405576,23.714786],[90.405598,23.71417],[90.405579,23.714079],[90.405565,23.714007],[90.40554,23.71394],[90.405485,23.713881],[90.405413,23.713837],[90.405357,23.713798],[90.405316,23.713754],[90.405317,23.713707],[90.405317,23.713683],[90.405342,23.713643],[90.405942,23.713828],[90.406011,23.713849],[90.406445,23.71398],[90.406654,23.714043],[90.406727,23.714066],[90.406739,23.714065],[90.40674,23.714022],[90.406758,23.713865],[90.406777,23.713707],[90.406697,23.713448]]]}},{"type":"Feature","properties":{"Ward_Name":"DCC South W-33","Exposure":0.63001112,"Sensitivity":0.3120041,"Adaptive_Capacity":-0.21302917,"Exposure_s":0.69801528,"Sensitivity_s":0.4213016,"Adaptive_s":0.16447212,"HVI_raw":0.30576533,"HVI":0.74072274,"HVI_Class":"High","Rank":32.0,"Corporation":"DSCC","Area_m2":428417.98308136,"LST_mean":32.87470226,"Road_Density":41.77,"industry%":0.0,"Pop_Density":96516.90757544,"SVF_mean":0.61212571,"Poverty_HCR":4.2,"build_km2":5214.71,"informal%":2.85,"NDBI_media":0.04374922,"Green%":0.111,"Blue%":0.0,"Hosp_count":3.0,"NTL_median":25.79541683,"unit_id":"DCC South W-33","name":"DCC South W-33","imputed":[],"center":[90.401856,23.720588]},"geometry":{"type":"Polygon","coordinates":[[[90.399345,23.718478],[90.399066,23.718479],[90.398886,23.718428],[90.398725,23.71836],[90.398505,23.718314],[90.398342,23.718365],[90.39821,23.718489],[90.398215,23.718572],[90.398252,23.718668],[90.398307,23.718854],[90.39831,23.718986],[90.398325,23.719237],[90.398334,23.719422],[90.398377,23.719578],[90.398392,23.719763],[90.398377,23.719876],[90.398337,23.719947],[90.398257,23.720048],[90.398426,23.720218],[90.398443,23.720259],[90.398473,23.720322],[90.398497,23.720373],[90.398556,23.720485],[90.398574,23.720516],[90.39862,23.720594],[90.39867,23.720695],[90.398725,23.720792],[90.398784,23.720887],[90.398848,23.720978],[90.398917,23.721066],[90.398986,23.721146],[90.398991,23.721151],[90.399068,23.721232],[90.39915,23.721308],[90.399267,23.721438],[90.399365,23.721554],[90.39938,23.721571],[90.399488,23.721709],[90.399591,23.721851],[90.399689,23.721996],[90.399696,23.722008],[90.399781,23.722145],[90.399868,23.722297],[90.399949,23.722452],[90.400024,23.72261],[90.400093,23.72277],[90.400157,23.722933],[90.400214,23.723099],[90.400303,23.723712],[90.400327,23.723881],[90.400329,23.723896],[90.40057,23.72386],[90.401085,23.723787],[90.401601,23.723719],[90.402117,23.723655],[90.402792,23.723509],[90.403468,23.723366],[90.403687,23.723321],[90.404085,23.723239],[90.404114,23.722856],[90.404129,23.72276],[90.40415,23.722689],[90.40418,23.722645],[90.404228,23.722646],[90.40428,23.72267],[90.404292,23.722686],[90.404321,23.722704],[90.404392,23.722711],[90.404467,23.722712],[90.404525,23.722713],[90.404574,23.722705],[90.404626,23.722691],[90.404685,23.722665],[90.404718,23.722639],[90.404758,23.722577],[90.404795,23.722524],[90.404812,23.722464],[90.404807,23.722428],[90.404807,23.72239],[90.404802,23.722348],[90.404806,23.722312],[90.404819,23.72227],[90.404869,23.722209],[90.404918,23.722195],[90.405022,23.722196],[90.405074,23.722209],[90.405152,23.722201],[90.405246,23.722179],[90.405309,23.7221],[90.405336,23.72204],[90.405386,23.721996],[90.405438,23.721955],[90.405478,23.721908],[90.405479,23.721876],[90.40546,23.721827],[90.405373,23.721808],[90.405351,23.721784],[90.405368,23.72176],[90.405427,23.721734],[90.405481,23.721691],[90.405482,23.721649],[90.405463,23.721595],[90.405419,23.72154],[90.405381,23.721492],[90.405343,23.721426],[90.405344,23.721372],[90.405346,23.721306],[90.405353,23.721247],[90.4054,23.721206],[90.405407,23.721158],[90.405389,23.721068],[90.405351,23.721014],[90.405314,23.720954],[90.405289,23.720905],[90.405251,23.720845],[90.405207,23.720791],[90.405083,23.7208],[90.404974,23.720763],[90.405021,23.720698],[90.405106,23.720657],[90.405152,23.720628],[90.405192,23.72054],[90.405258,23.720505],[90.405381,23.720495],[90.405518,23.720485],[90.40566,23.720482],[90.405784,23.720484],[90.405875,23.720455],[90.405934,23.720415],[90.405988,23.72029],[90.406004,23.720165],[90.406008,23.719962],[90.405996,23.719896],[90.405966,23.71977],[90.40598,23.719729],[90.406085,23.719653],[90.406125,23.719606],[90.406133,23.719522],[90.406129,23.719433],[90.406156,23.71935],[90.406215,23.719315],[90.4063,23.719286],[90.406378,23.719258],[90.406432,23.719181],[90.406434,23.719062],[90.406436,23.718978],[90.406378,23.718935],[90.406269,23.718898],[90.406232,23.71879],[90.406214,23.7187],[90.406202,23.718652],[90.406165,23.718568],[90.406075,23.71853],[90.40603,23.718494],[90.405985,23.718415],[90.406003,23.718267],[90.40603,23.71821],[90.406124,23.718193],[90.40629,23.718181],[90.406399,23.718164],[90.406488,23.718137],[90.406551,23.718099],[90.406599,23.718048],[90.406642,23.717977],[90.406649,23.717857],[90.406578,23.717808],[90.406552,23.717775],[90.406533,23.717688],[90.406556,23.717607],[90.406639,23.717566],[90.406702,23.717553],[90.406744,23.717534],[90.40677,23.717516],[90.406807,23.717488],[90.406702,23.717396],[90.406656,23.717366],[90.40649,23.71733],[90.406226,23.717316],[90.406008,23.717312],[90.405749,23.717308],[90.405582,23.717343],[90.405446,23.717384],[90.405254,23.717429],[90.405092,23.717459],[90.404698,23.717467],[90.404594,23.717484],[90.404463,23.717525],[90.404338,23.717552],[90.404203,23.717583],[90.404047,23.717585],[90.403829,23.717581],[90.403668,23.717579],[90.403565,23.717577],[90.403321,23.717568],[90.40315,23.717565],[90.403005,23.717563],[90.402808,23.71756],[90.402642,23.717528],[90.402498,23.717497],[90.402374,23.717442],[90.402181,23.717379],[90.40207,23.717437],[90.40192,23.71747],[90.401843,23.717415],[90.401797,23.717403],[90.401734,23.717419],[90.401605,23.71746],[90.401477,23.717507],[90.401352,23.717561],[90.401229,23.71762],[90.401132,23.717668],[90.401029,23.717734],[90.400984,23.717758],[90.400903,23.71782],[90.400825,23.717889],[90.400758,23.717946],[90.400672,23.71801],[90.400637,23.718041],[90.400556,23.718123],[90.40053,23.718155],[90.400442,23.718286],[90.400382,23.718351],[90.400304,23.718424],[90.400216,23.718467],[90.400132,23.718474],[90.400114,23.718477],[90.399989,23.718496],[90.399835,23.718529],[90.399776,23.718563],[90.399603,23.71856],[90.3995,23.71854],[90.399345,23.718478]]]}},{"type":"Feature","properties":{"Ward_Name":"DCC South W-34","Exposure":0.52685214,"Sensitivity":0.11315941,"Adaptive_Capacity":-0.31149727,"Exposure_s":0.66950394,"Sensitivity_s":0.37728788,"Adaptive_s":0.12568654,"HVI_raw":0.29409669,"HVI":0.72417045,"HVI_Class":"High","Rank":41.0,"Corporation":"DSCC","Area_m2":365360.72720529,"LST_mean":33.23525232,"Road_Density":34.63,"industry%":0.0,"Pop_Density":89622.99336997,"SVF_mean":0.61044115,"Poverty_HCR":4.2,"build_km2":4440.853,"informal%":0.0,"NDBI_media":0.045675,"Green%":0.064,"Blue%":0.295,"Hosp_count":1.0,"NTL_median":27.13500023,"unit_id":"DCC South W-34","name":"DCC South W-34","imputed":[],"center":[90.408906,23.720402]},"geometry":{"type":"Polygon","coordinates":[[[90.411445,23.717482],[90.411304,23.717475],[90.411219,23.71747],[90.411118,23.717468],[90.410997,23.717484],[90.410934,23.717526],[90.410917,23.717765],[90.410877,23.717819],[90.410838,23.717836],[90.410795,23.717857],[90.410717,23.717873],[90.410654,23.717883],[90.410604,23.717889],[90.410596,23.717903],[90.410571,23.717964],[90.410546,23.718039],[90.410521,23.718121],[90.410501,23.718153],[90.410413,23.718259],[90.410318,23.718339],[90.410295,23.718353],[90.410225,23.718338],[90.41021,23.71833],[90.410164,23.718297],[90.410118,23.718236],[90.410099,23.718203],[90.410093,23.718156],[90.410113,23.718107],[90.410133,23.718068],[90.410149,23.718039],[90.41015,23.718028],[90.410088,23.717995],[90.410003,23.717987],[90.409964,23.717964],[90.409937,23.717943],[90.409922,23.71791],[90.409923,23.717853],[90.409998,23.717797],[90.410065,23.717773],[90.410136,23.717742],[90.410187,23.717707],[90.410188,23.717664],[90.410181,23.717596],[90.410085,23.717547],[90.410012,23.717532],[90.40991,23.717527],[90.409837,23.717525],[90.409766,23.717531],[90.409703,23.717588],[90.409651,23.717658],[90.40963,23.717733],[90.409566,23.717815],[90.409515,23.717867],[90.409404,23.717937],[90.409333,23.717979],[90.409204,23.718038],[90.409078,23.718089],[90.40896,23.718148],[90.408859,23.718172],[90.408801,23.718156],[90.408759,23.718105],[90.408714,23.718033],[90.408684,23.717965],[90.408673,23.717903],[90.408651,23.717839],[90.408625,23.717813],[90.408551,23.717797],[90.408532,23.717801],[90.408481,23.717818],[90.40843,23.717842],[90.408316,23.717887],[90.408225,23.717932],[90.408123,23.717987],[90.408044,23.71804],[90.407926,23.718109],[90.407836,23.718144],[90.407774,23.718143],[90.407689,23.718105],[90.407596,23.718072],[90.407483,23.718073],[90.407448,23.71808],[90.407386,23.718082],[90.407301,23.718067],[90.407274,23.718016],[90.407256,23.717966],[90.407254,23.717883],[90.407243,23.717822],[90.407234,23.717715],[90.407212,23.717639],[90.40715,23.717606],[90.407096,23.717594],[90.406972,23.717578],[90.406868,23.717529],[90.406807,23.717488],[90.40677,23.717516],[90.406744,23.717534],[90.406702,23.717553],[90.406639,23.717566],[90.406556,23.717607],[90.406533,23.717688],[90.406552,23.717775],[90.406578,23.717808],[90.406649,23.717857],[90.406642,23.717977],[90.406599,23.718048],[90.406551,23.718099],[90.406488,23.718137],[90.406399,23.718164],[90.40629,23.718181],[90.406124,23.718193],[90.40603,23.71821],[90.406003,23.718267],[90.405985,23.718415],[90.40603,23.718494],[90.406075,23.71853],[90.406165,23.718568],[90.406202,23.718652],[90.406214,23.7187],[90.406232,23.71879],[90.406269,23.718898],[90.406378,23.718935],[90.406436,23.718978],[90.406434,23.719062],[90.406432,23.719181],[90.406378,23.719258],[90.4063,23.719286],[90.406215,23.719315],[90.406156,23.71935],[90.406129,23.719433],[90.406133,23.719522],[90.406125,23.719606],[90.406085,23.719653],[90.40598,23.719729],[90.405966,23.71977],[90.405996,23.719896],[90.406008,23.719962],[90.406004,23.720165],[90.405988,23.72029],[90.405934,23.720415],[90.405875,23.720455],[90.405784,23.720484],[90.40566,23.720482],[90.405518,23.720485],[90.405381,23.720495],[90.405258,23.720505],[90.405192,23.72054],[90.405152,23.720628],[90.405106,23.720657],[90.405021,23.720698],[90.404974,23.720763],[90.405083,23.7208],[90.405207,23.720791],[90.405251,23.720845],[90.405289,23.720905],[90.405314,23.720954],[90.405351,23.721014],[90.405389,23.721068],[90.405407,23.721158],[90.4054,23.721206],[90.405353,23.721247],[90.405346,23.721306],[90.405344,23.721372],[90.405343,23.721426],[90.405381,23.721492],[90.405419,23.72154],[90.405463,23.721595],[90.405482,23.721649],[90.405481,23.721691],[90.405427,23.721734],[90.405368,23.72176],[90.405351,23.721784],[90.405373,23.721808],[90.40546,23.721827],[90.405479,23.721876],[90.405478,23.721908],[90.405438,23.721955],[90.405386,23.721996],[90.405336,23.72204],[90.405309,23.7221],[90.405246,23.722179],[90.405152,23.722201],[90.405074,23.722209],[90.405022,23.722196],[90.404918,23.722195],[90.404869,23.722209],[90.404819,23.72227],[90.404806,23.722312],[90.404802,23.722348],[90.404807,23.72239],[90.404807,23.722428],[90.404812,23.722464],[90.404795,23.722524],[90.404758,23.722577],[90.404718,23.722639],[90.404685,23.722665],[90.404626,23.722691],[90.404574,23.722705],[90.404525,23.722713],[90.404467,23.722712],[90.404392,23.722711],[90.404321,23.722704],[90.404292,23.722686],[90.40428,23.72267],[90.404228,23.722646],[90.40418,23.722645],[90.40415,23.722689],[90.404129,23.72276],[90.404114,23.722856],[90.404085,23.723239],[90.404144,23.723227],[90.404623,23.723226],[90.405102,23.723219],[90.405112,23.723219],[90.405581,23.723208],[90.40606,23.723191],[90.406538,23.723168],[90.407016,23.723141],[90.407162,23.723131],[90.407494,23.723108],[90.408377,23.723076],[90.40926,23.723039],[90.410143,23.722997],[90.410584,23.722974],[90.411026,23.722951],[90.41124,23.72296],[90.411454,23.722962],[90.411668,23.722958],[90.411882,23.722946],[90.411885,23.722594],[90.411887,23.722389],[90.411885,23.721831],[90.411876,23.721274],[90.411861,23.720717],[90.411839,23.72016],[90.411811,23.719604],[90.411801,23.71944],[90.411799,23.719405],[90.411777,23.719047],[90.411695,23.718827],[90.411608,23.71861],[90.411513,23.718395],[90.411413,23.718184],[90.411418,23.718077],[90.411437,23.71769],[90.411438,23.717662],[90.411445,23.717482]]]}},{"type":"Feature","properties":{"Ward_Name":"DCC South W-35","Exposure":0.31651895,"Sensitivity":0.17989324,"Adaptive_Capacity":-0.49794466,"Exposure_s":0.61137152,"Sensitivity_s":0.39205923,"Adaptive_s":0.05224681,"HVI_raw":0.30718959,"HVI":0.74274309,"HVI_Class":"High","Rank":31.0,"Corporation":"DSCC","Area_m2":250088.85411115,"LST_mean":33.0217021,"Road_Density":35.78,"industry%":0.0,"Pop_Density":35693.65223244,"SVF_mean":0.64394694,"Poverty_HCR":4.1,"build_km2":4638.598,"informal%":0.41,"NDBI_media":0.05174582,"Green%":0.025,"Blue%":1.391,"Hosp_count":0.0,"NTL_median":20.88958263,"unit_id":"DCC South W-35","name":"DCC South W-35","imputed":[],"center":[90.409119,23.715743]},"geometry":{"type":"Polygon","coordinates":[[[90.410917,23.717765],[90.410934,23.717526],[90.410997,23.717484],[90.411118,23.717468],[90.411219,23.71747],[90.411304,23.717475],[90.411445,23.717482],[90.411457,23.71714],[90.41147,23.716617],[90.411476,23.716095],[90.411476,23.71608],[90.411476,23.715925],[90.411476,23.715572],[90.41147,23.71505],[90.411499,23.714854],[90.411523,23.714658],[90.411542,23.714462],[90.411555,23.714265],[90.411563,23.714067],[90.411565,23.71387],[90.411562,23.713672],[90.411565,23.713518],[90.411573,23.713066],[90.411505,23.713069],[90.411068,23.71309],[90.410885,23.71305],[90.410825,23.713031],[90.410761,23.713031],[90.410721,23.713038],[90.410721,23.713038],[90.410702,23.713073],[90.410671,23.71313],[90.410621,23.713159],[90.410459,23.713223],[90.409269,23.713285],[90.409159,23.713267],[90.409048,23.713257],[90.408937,23.713253],[90.408929,23.713253],[90.408825,23.713255],[90.408714,23.713265],[90.408604,23.713281],[90.408495,23.713305],[90.408387,23.713334],[90.408282,23.713371],[90.408398,23.714154],[90.408332,23.714166],[90.407995,23.714162],[90.407194,23.714154],[90.407042,23.71407],[90.406754,23.714074],[90.406727,23.714066],[90.406654,23.714043],[90.406445,23.71398],[90.406011,23.713849],[90.405942,23.713828],[90.405342,23.713643],[90.405317,23.713683],[90.405317,23.713707],[90.405316,23.713754],[90.405357,23.713798],[90.405413,23.713837],[90.405485,23.713881],[90.40554,23.71394],[90.405565,23.714007],[90.405579,23.714079],[90.405598,23.71417],[90.405576,23.714786],[90.405576,23.714869],[90.405611,23.714927],[90.405735,23.714938],[90.405922,23.714946],[90.406015,23.714953],[90.406165,23.714993],[90.406329,23.715053],[90.406417,23.715093],[90.406678,23.715331],[90.406734,23.715404],[90.406762,23.715562],[90.406763,23.71602],[90.40672,23.716368],[90.406718,23.716454],[90.406717,23.716531],[90.4067,23.716612],[90.406678,23.716669],[90.406635,23.716716],[90.406578,23.716758],[90.406508,23.716852],[90.406476,23.716899],[90.406475,23.716957],[90.406474,23.717023],[90.406478,23.717052],[90.406524,23.717101],[90.406566,23.717097],[90.406592,23.717054],[90.406625,23.717002],[90.406693,23.716965],[90.406745,23.716966],[90.406821,23.71702],[90.406851,23.717092],[90.406854,23.717183],[90.406844,23.717445],[90.406807,23.717488],[90.406868,23.717529],[90.406972,23.717578],[90.407096,23.717594],[90.40715,23.717606],[90.407212,23.717639],[90.407234,23.717715],[90.407243,23.717822],[90.407254,23.717883],[90.407256,23.717966],[90.407274,23.718016],[90.407301,23.718067],[90.407386,23.718082],[90.407448,23.71808],[90.407483,23.718073],[90.407596,23.718072],[90.407689,23.718105],[90.407774,23.718143],[90.407836,23.718144],[90.407926,23.718109],[90.408044,23.71804],[90.408123,23.717987],[90.408225,23.717932],[90.408316,23.717887],[90.40843,23.717842],[90.408481,23.717818],[90.408532,23.717801],[90.408551,23.717797],[90.408625,23.717813],[90.408651,23.717839],[90.408673,23.717903],[90.408684,23.717965],[90.408714,23.718033],[90.408759,23.718105],[90.408801,23.718156],[90.408859,23.718172],[90.40896,23.718148],[90.409078,23.718089],[90.409204,23.718038],[90.409333,23.717979],[90.409404,23.717937],[90.409515,23.717867],[90.409566,23.717815],[90.40963,23.717733],[90.409651,23.717658],[90.409703,23.717588],[90.409766,23.717531],[90.409837,23.717525],[90.40991,23.717527],[90.410012,23.717532],[90.410085,23.717547],[90.410181,23.717596],[90.410188,23.717664],[90.410187,23.717707],[90.410136,23.717742],[90.410065,23.717773],[90.409998,23.717797],[90.409923,23.717853],[90.409922,23.71791],[90.409937,23.717943],[90.409964,23.717964],[90.410003,23.717987],[90.410088,23.717995],[90.41015,23.718028],[90.410149,23.718039],[90.410133,23.718068],[90.410113,23.718107],[90.410093,23.718156],[90.410099,23.718203],[90.410118,23.718236],[90.410164,23.718297],[90.41021,23.71833],[90.410225,23.718338],[90.410295,23.718353],[90.410318,23.718339],[90.410413,23.718259],[90.410501,23.718153],[90.410521,23.718121],[90.410546,23.718039],[90.410571,23.717964],[90.410596,23.717903],[90.410604,23.717889],[90.410654,23.717883],[90.410717,23.717873],[90.410795,23.717857],[90.410838,23.717836],[90.410877,23.717819],[90.410917,23.717765]]]}},{"type":"Feature","properties":{"Ward_Name":"DCC South W-36","Exposure":0.06297205,"Sensitivity":-0.06221653,"Adaptive_Capacity":-0.56435601,"Exposure_s":0.54129558,"Sensitivity_s":0.33846891,"Adaptive_s":0.02608805,"HVI_raw":0.27554101,"HVI":0.69784872,"HVI_Class":"High","Rank":45.0,"Corporation":"DSCC","Area_m2":213610.7174573,"LST_mean":32.30148924,"Road_Density":24.37,"industry%":0.0,"Pop_Density":28313.77997418,"SVF_mean":0.56748511,"Poverty_HCR":2.9,"build_km2":3795.511,"informal%":2.34,"NDBI_media":0.04171513,"Green%":0.447,"Blue%":0.0,"Hosp_count":0.0,"NTL_median":20.44416618,"unit_id":"DCC South W-36","name":"DCC South W-36","imputed":[],"center":[90.408785,23.712054]},"geometry":{"type":"Polygon","coordinates":[[[90.411573,23.713066],[90.411567,23.712774],[90.411567,23.712483],[90.411575,23.712191],[90.411589,23.711899],[90.41161,23.711608],[90.411638,23.711318],[90.411672,23.711028],[90.41171,23.710762],[90.411713,23.710739],[90.411761,23.710451],[90.411816,23.710333],[90.411817,23.710331],[90.411866,23.710208],[90.411909,23.710083],[90.411944,23.709955],[90.411954,23.709912],[90.411907,23.709904],[90.411047,23.709837],[90.410715,23.709846],[90.41031,23.709872],[90.409936,23.709909],[90.409743,23.709949],[90.409649,23.709971],[90.409472,23.710011],[90.409306,23.710023],[90.409213,23.710007],[90.409099,23.709995],[90.408923,23.709973],[90.408757,23.709966],[90.408627,23.709978],[90.408507,23.710033],[90.408412,23.710094],[90.408324,23.710097],[90.408179,23.710071],[90.408003,23.710034],[90.407712,23.710014],[90.407618,23.710034],[90.407573,23.710123],[90.407513,23.710222],[90.407434,23.710257],[90.407216,23.710275],[90.407003,23.710253],[90.406976,23.710199],[90.40695,23.710159],[90.4069,23.710151],[90.406833,23.710168],[90.406711,23.710238],[90.406556,23.710421],[90.406533,23.710564],[90.406458,23.710652],[90.40634,23.710719],[90.40623,23.71076],[90.406096,23.710836],[90.406037,23.710893],[90.40591,23.711019],[90.405799,23.711114],[90.405817,23.711492],[90.405867,23.711729],[90.405956,23.711931],[90.406023,23.712083],[90.406154,23.712185],[90.406292,23.712266],[90.406407,23.71234],[90.40656,23.712486],[90.406588,23.712622],[90.406539,23.712772],[90.406492,23.7128],[90.406398,23.712834],[90.406396,23.712898],[90.406449,23.712971],[90.40651,23.713029],[90.40647,23.7131],[90.406438,23.713164],[90.40642,23.713257],[90.406482,23.713294],[90.40659,23.713324],[90.406644,23.713361],[90.406697,23.713448],[90.406777,23.713707],[90.406758,23.713865],[90.40674,23.714022],[90.406739,23.714065],[90.406727,23.714066],[90.406754,23.714074],[90.407042,23.71407],[90.407194,23.714154],[90.407995,23.714162],[90.408332,23.714166],[90.408398,23.714154],[90.408282,23.713371],[90.408387,23.713334],[90.408495,23.713305],[90.408604,23.713281],[90.408714,23.713265],[90.408825,23.713255],[90.408929,23.713253],[90.408937,23.713253],[90.409048,23.713257],[90.409159,23.713267],[90.409269,23.713285],[90.410459,23.713223],[90.410621,23.713159],[90.410671,23.71313],[90.410702,23.713073],[90.410721,23.713038],[90.410721,23.713038],[90.410761,23.713031],[90.410825,23.713031],[90.410885,23.71305],[90.411068,23.71309],[90.411505,23.713069],[90.411573,23.713066]]]}},{"type":"Feature","properties":{"Ward_Name":"DCC South W-37","Exposure":0.0518862,"Sensitivity":-0.31504106,"Adaptive_Capacity":-0.41849487,"Exposure_s":0.53823165,"Sensitivity_s":0.2825069,"Adaptive_s":0.08354127,"HVI_raw":0.23458862,"HVI":0.63975663,"HVI_Class":"High","Rank":62.0,"Corporation":"DSCC","Area_m2":436193.52074484,"LST_mean":32.57547007,"Road_Density":26.69,"industry%":0.0,"Pop_Density":30780.57977586,"SVF_mean":0.62080017,"Poverty_HCR":2.7,"build_km2":2381.881,"informal%":3.34,"NDBI_media":0.04205926,"Green%":3.72,"Blue%":1.401,"Hosp_count":1.0,"NTL_median":18.28708267,"unit_id":"DCC South W-37","name":"DCC South W-37","imputed":[],"center":[90.409043,23.707716]},"geometry":{"type":"Polygon","coordinates":[[[90.412543,23.708057],[90.4125,23.707849],[90.412487,23.707698],[90.412397,23.707525],[90.412338,23.707402],[90.412333,23.707244],[90.412332,23.706922],[90.412401,23.706163],[90.412397,23.705977],[90.412385,23.705812],[90.412388,23.705662],[90.412383,23.705511],[90.412386,23.705368],[90.412373,23.705224],[90.412337,23.705066],[90.411783,23.703963],[90.411603,23.704074],[90.410366,23.704955],[90.410357,23.70496],[90.409161,23.70558],[90.407843,23.706292],[90.40738,23.706451],[90.406282,23.707197],[90.405861,23.707524],[90.405337,23.707784],[90.405029,23.707934],[90.404774,23.708044],[90.404404,23.708073],[90.404173,23.70826],[90.403585,23.708477],[90.40297,23.708795],[90.402681,23.708952],[90.402457,23.709127],[90.402311,23.709298],[90.402093,23.709565],[90.402252,23.709825],[90.402366,23.709985],[90.402474,23.710148],[90.402577,23.710314],[90.402675,23.710484],[90.402711,23.710553],[90.402767,23.710658],[90.402849,23.710826],[90.402853,23.710834],[90.402928,23.711001],[90.402933,23.711012],[90.402951,23.711057],[90.403007,23.711194],[90.403075,23.711377],[90.4031,23.711452],[90.403233,23.711444],[90.403318,23.711374],[90.403366,23.711255],[90.403388,23.71113],[90.403415,23.711083],[90.403511,23.711138],[90.403608,23.711176],[90.40376,23.711029],[90.403801,23.710916],[90.403803,23.710821],[90.403938,23.710859],[90.404105,23.710945],[90.404337,23.711027],[90.404407,23.711094],[90.404456,23.711208],[90.404428,23.711339],[90.40438,23.711445],[90.404465,23.7115],[90.40455,23.711516],[90.404647,23.711528],[90.40474,23.71153],[90.404916,23.711497],[90.405064,23.711474],[90.405154,23.711462],[90.405283,23.711407],[90.405425,23.711323],[90.405555,23.711253],[90.405799,23.711114],[90.40591,23.711019],[90.406037,23.710893],[90.406096,23.710836],[90.40623,23.71076],[90.40634,23.710719],[90.406458,23.710652],[90.406533,23.710564],[90.406556,23.710421],[90.406711,23.710238],[90.406833,23.710168],[90.4069,23.710151],[90.40695,23.710159],[90.406976,23.710199],[90.407003,23.710253],[90.407216,23.710275],[90.407434,23.710257],[90.407513,23.710222],[90.407573,23.710123],[90.407618,23.710034],[90.407712,23.710014],[90.408003,23.710034],[90.408179,23.710071],[90.408324,23.710097],[90.408412,23.710094],[90.408507,23.710033],[90.408627,23.709978],[90.408757,23.709966],[90.408923,23.709973],[90.409099,23.709995],[90.409213,23.710007],[90.409306,23.710023],[90.409472,23.710011],[90.409649,23.709971],[90.409743,23.709949],[90.409936,23.709909],[90.41031,23.709872],[90.410715,23.709846],[90.411047,23.709837],[90.411907,23.709904],[90.411954,23.709912],[90.411973,23.709826],[90.411995,23.709695],[90.41201,23.709563],[90.412017,23.709431],[90.412018,23.709299],[90.412011,23.709166],[90.412009,23.709081],[90.412002,23.708997],[90.411989,23.708913],[90.411969,23.70883],[90.411945,23.708749],[90.411938,23.708733],[90.411946,23.708721],[90.412127,23.708638],[90.412298,23.708619],[90.412469,23.708622],[90.412555,23.708602],[90.412574,23.708423],[90.412601,23.708244],[90.412543,23.708057]]]}},{"type":"Feature","properties":{"Ward_Name":"DCC South W-38","Exposure":0.4031615,"Sensitivity":0.13919935,"Adaptive_Capacity":-0.42650464,"Exposure_s":0.635318,"Sensitivity_s":0.38305175,"Adaptive_s":0.0803863,"HVI_raw":0.30142105,"HVI":0.73456026,"HVI_Class":"High","Rank":35.0,"Corporation":"DSCC","Area_m2":390540.98155144,"LST_mean":33.02221927,"Road_Density":29.27,"industry%":0.0,"Pop_Density":83140.89211845,"SVF_mean":0.58481318,"Poverty_HCR":3.3,"build_km2":4285.202,"informal%":3.45,"NDBI_media":0.05442952,"Green%":0.358,"Blue%":0.0,"Hosp_count":0.0,"NTL_median":25.80750084,"unit_id":"DCC South W-38","name":"DCC South W-38","imputed":[],"center":[90.41361,23.718067]},"geometry":{"type":"Polygon","coordinates":[[[90.414273,23.722959],[90.415381,23.722511],[90.41551,23.722459],[90.415388,23.722479],[90.416636,23.721776],[90.416563,23.721664],[90.41651,23.721365],[90.416514,23.721197],[90.416509,23.72109],[90.416374,23.721034],[90.416128,23.721018],[90.416084,23.720934],[90.416145,23.720791],[90.41622,23.720619],[90.416115,23.720039],[90.416106,23.719806],[90.416084,23.719656],[90.415931,23.71948],[90.415906,23.719145],[90.415909,23.718984],[90.415815,23.71878],[90.415713,23.718712],[90.415689,23.718592],[90.415841,23.718458],[90.415922,23.718292],[90.415886,23.718154],[90.415719,23.718056],[90.415564,23.718035],[90.415424,23.717925],[90.415345,23.717637],[90.41529,23.717493],[90.415051,23.717406],[90.414793,23.717348],[90.414428,23.717138],[90.414301,23.716963],[90.414222,23.716723],[90.414135,23.716525],[90.414063,23.716213],[90.414093,23.715998],[90.414234,23.715804],[90.414366,23.715651],[90.414601,23.715601],[90.414853,23.715623],[90.414987,23.715727],[90.415088,23.715884],[90.415117,23.716051],[90.415176,23.716351],[90.415224,23.716537],[90.415266,23.716693],[90.415453,23.716756],[90.415654,23.716759],[90.415843,23.716744],[90.415892,23.71656],[90.415888,23.716399],[90.415885,23.716261],[90.415915,23.716011],[90.416008,23.715601],[90.416024,23.715458],[90.416,23.715344],[90.415897,23.715294],[90.41554,23.715336],[90.415176,23.715342],[90.414884,23.715349],[90.414638,23.715333],[90.414289,23.715309],[90.414063,23.715246],[90.413948,23.715178],[90.413911,23.715034],[90.413976,23.714725],[90.414037,23.714266],[90.414081,23.714022],[90.41409,23.713873],[90.414087,23.713694],[90.414001,23.713465],[90.413914,23.713255],[90.4139,23.713057],[90.413899,23.713057],[90.413845,23.713151],[90.413809,23.713219],[90.413768,23.713283],[90.413721,23.713345],[90.413669,23.713401],[90.413613,23.713454],[90.413553,23.713502],[90.413489,23.713544],[90.413422,23.713581],[90.413352,23.713613],[90.413348,23.713614],[90.413279,23.713638],[90.413205,23.713658],[90.413129,23.713671],[90.413053,23.713678],[90.412976,23.713679],[90.412693,23.713691],[90.41241,23.713696],[90.412128,23.713695],[90.411961,23.71369],[90.411845,23.713687],[90.411562,23.713672],[90.411565,23.71387],[90.411563,23.714067],[90.411555,23.714265],[90.411542,23.714462],[90.411523,23.714658],[90.411499,23.714854],[90.41147,23.71505],[90.411476,23.715572],[90.411476,23.715925],[90.411476,23.71608],[90.411476,23.716095],[90.41147,23.716617],[90.411457,23.71714],[90.411438,23.717662],[90.411437,23.71769],[90.411418,23.718077],[90.411413,23.718184],[90.411513,23.718395],[90.411608,23.71861],[90.411695,23.718827],[90.411777,23.719047],[90.411799,23.719405],[90.411801,23.71944],[90.411811,23.719604],[90.411839,23.72016],[90.411861,23.720717],[90.411876,23.721274],[90.411885,23.721831],[90.411887,23.722389],[90.411885,23.722594],[90.411882,23.722946],[90.411896,23.722947],[90.412095,23.722959],[90.412223,23.722966],[90.412565,23.722981],[90.412906,23.722989],[90.413248,23.722991],[90.41359,23.722986],[90.413931,23.722976],[90.414273,23.722959]]]}},{"type":"Feature","properties":{"Ward_Name":"DCC South W-39","Exposure":0.37142046,"Sensitivity":-0.18666986,"Adaptive_Capacity":-0.25360091,"Exposure_s":0.62654534,"Sensitivity_s":0.31092151,"Adaptive_s":0.14849132,"HVI_raw":0.24921939,"HVI":0.66051078,"HVI_Class":"High","Rank":58.0,"Corporation":"DSCC","Area_m2":612448.58131515,"LST_mean":33.29423536,"Road_Density":29.83,"industry%":0.0,"Pop_Density":55861.7983972,"SVF_mean":0.60404312,"Poverty_HCR":3.4,"build_km2":3075.716,"informal%":5.23,"NDBI_media":0.02206872,"Green%":1.055,"Blue%":0.439,"Hosp_count":1.0,"NTL_median":28.34666634,"unit_id":"DCC South W-39","name":"DCC South W-39","imputed":[],"center":[90.423149,23.718442]},"geometry":{"type":"Polygon","coordinates":[[[90.427073,23.718906],[90.426989,23.718685],[90.426951,23.718587],[90.426823,23.71827],[90.426689,23.717956],[90.426548,23.717645],[90.426401,23.717336],[90.426248,23.717031],[90.426088,23.716729],[90.425698,23.715742],[90.425749,23.715492],[90.425665,23.715102],[90.426005,23.714994],[90.426164,23.714404],[90.426232,23.714133],[90.426251,23.714089],[90.426153,23.71415],[90.425917,23.714287],[90.425678,23.714418],[90.425435,23.714543],[90.42519,23.714663],[90.424941,23.714776],[90.42469,23.714883],[90.42449,23.714948],[90.424293,23.715018],[90.424097,23.715094],[90.423903,23.715176],[90.423712,23.715263],[90.423524,23.715355],[90.423338,23.715453],[90.423155,23.715556],[90.422975,23.715665],[90.422798,23.715778],[90.422625,23.715897],[90.422355,23.715972],[90.422085,23.716043],[90.422084,23.716043],[90.421812,23.716109],[90.421538,23.71617],[90.421263,23.716226],[90.420988,23.716277],[90.420863,23.716359],[90.420742,23.716445],[90.420625,23.716536],[90.420511,23.716633],[90.42046,23.71668],[90.420402,23.716733],[90.420296,23.716839],[90.420196,23.716948],[90.4201,23.717062],[90.420008,23.717179],[90.419982,23.717216],[90.419922,23.717301],[90.419412,23.71832],[90.419349,23.718438],[90.419228,23.718678],[90.419131,23.718883],[90.419028,23.719085],[90.418919,23.719284],[90.418803,23.71948],[90.418682,23.719672],[90.418556,23.719861],[90.418423,23.720046],[90.418285,23.720226],[90.418142,23.720402],[90.417994,23.720575],[90.41784,23.720742],[90.417682,23.720905],[90.417519,23.721063],[90.417351,23.721216],[90.417179,23.721364],[90.417002,23.721507],[90.416821,23.721644],[90.416636,23.721776],[90.415388,23.722479],[90.41551,23.722459],[90.415912,23.722393],[90.417258,23.722171],[90.419007,23.721889],[90.420634,23.721634],[90.420757,23.721615],[90.421006,23.72159],[90.421014,23.72159],[90.421101,23.721581],[90.421445,23.721554],[90.42179,23.721534],[90.42185,23.721532],[90.422136,23.721521],[90.422481,23.721514],[90.422827,23.721514],[90.423173,23.721521],[90.423518,23.721534],[90.423863,23.721554],[90.424173,23.721578],[90.424208,23.721581],[90.424406,23.7216],[90.424552,23.721615],[90.424638,23.721624],[90.424723,23.72164],[90.424807,23.721663],[90.424889,23.721691],[90.424968,23.721726],[90.425006,23.721746],[90.425044,23.721767],[90.425118,23.721813],[90.425187,23.721865],[90.425252,23.721922],[90.425313,23.721983],[90.425272,23.722091],[90.425238,23.7222],[90.42521,23.722312],[90.425189,23.722425],[90.425176,23.722539],[90.42517,23.722654],[90.425171,23.722769],[90.425681,23.722808],[90.426192,23.72284],[90.426704,23.722865],[90.427215,23.722884],[90.427727,23.722896],[90.42824,23.722901],[90.428732,23.7229],[90.428752,23.722899],[90.428769,23.722324],[90.428771,23.722281],[90.428794,23.721749],[90.428796,23.721716],[90.428825,23.721174],[90.428863,23.720599],[90.428864,23.720599],[90.428729,23.720519],[90.42862,23.720469],[90.428497,23.720413],[90.428356,23.720375],[90.428194,23.720337],[90.427604,23.720344],[90.427396,23.720347],[90.427321,23.720245],[90.427271,23.719571],[90.427187,23.719228],[90.427073,23.718906]]]}},{"type":"Feature","properties":{"Ward_Name":"DCC South W-40","Exposure":0.11552346,"Sensitivity":-0.09419302,"Adaptive_Capacity":-0.22203759,"Exposure_s":0.55581987,"Sensitivity_s":0.331391,"Adaptive_s":0.1609238,"HVI_raw":0.23190281,"HVI":0.63594672,"HVI_Class":"High","Rank":65.0,"Corporation":"DSCC","Area_m2":440913.95608262,"LST_mean":32.87804185,"Road_Density":27.83,"industry%":0.0,"Pop_Density":51772.0343358,"SVF_mean":0.64999223,"Poverty_HCR":3.1,"build_km2":3673.015,"informal%":5.92,"NDBI_media":0.0191343,"Green%":3.922,"Blue%":0.318,"Hosp_count":2.0,"NTL_median":24.76916695,"unit_id":"DCC South W-40","name":"DCC South W-40","imputed":[],"center":[90.422547,23.71368]},"geometry":{"type":"Polygon","coordinates":[[[90.426251,23.714089],[90.426297,23.71399],[90.426355,23.713798],[90.426366,23.713619],[90.426425,23.713398],[90.426446,23.713133],[90.426431,23.712425],[90.426434,23.712276],[90.426449,23.712192],[90.426489,23.712103],[90.426557,23.711973],[90.426586,23.711818],[90.426601,23.711723],[90.426609,23.711622],[90.426612,23.711496],[90.42662,23.711395],[90.426635,23.711318],[90.426676,23.711211],[90.426703,23.71111],[90.426739,23.710967],[90.426749,23.710794],[90.42681,23.710664],[90.426883,23.710552],[90.426888,23.710528],[90.426255,23.710225],[90.425876,23.709993],[90.425323,23.710032],[90.425323,23.710025],[90.425257,23.710041],[90.425111,23.710069],[90.424963,23.710091],[90.424815,23.710106],[90.424666,23.710115],[90.424517,23.710118],[90.424368,23.710114],[90.42424,23.710105],[90.42422,23.710104],[90.424071,23.710087],[90.423985,23.71006],[90.424091,23.710124],[90.424,23.710326],[90.423903,23.710525],[90.4238,23.710721],[90.423692,23.710914],[90.423316,23.710877],[90.42294,23.710846],[90.422563,23.710821],[90.422186,23.710802],[90.421809,23.710789],[90.421432,23.710782],[90.421054,23.710781],[90.420677,23.710786],[90.4203,23.710797],[90.419922,23.710814],[90.419798,23.710823],[90.419674,23.710838],[90.419551,23.71086],[90.419429,23.710889],[90.419309,23.710925],[90.419192,23.710967],[90.419077,23.711016],[90.418964,23.711071],[90.418856,23.711133],[90.41875,23.7112],[90.418649,23.711273],[90.418552,23.711352],[90.418304,23.711528],[90.418275,23.711661],[90.418324,23.711917],[90.418338,23.711988],[90.418375,23.712185],[90.418402,23.712275],[90.418494,23.71259],[90.418537,23.712737],[90.418585,23.71287],[90.418627,23.713005],[90.418663,23.713143],[90.418677,23.713212],[90.418692,23.713281],[90.418715,23.713421],[90.418719,23.713456],[90.418732,23.713562],[90.418742,23.713703],[90.418746,23.713845],[90.418744,23.713951],[90.418743,23.713987],[90.418734,23.714128],[90.418718,23.714269],[90.418816,23.714428],[90.41891,23.71459],[90.418998,23.714754],[90.419081,23.714922],[90.419159,23.715092],[90.419232,23.715264],[90.419774,23.717077],[90.419922,23.717301],[90.419982,23.717216],[90.420008,23.717179],[90.4201,23.717062],[90.420196,23.716948],[90.420296,23.716839],[90.420402,23.716733],[90.42046,23.71668],[90.420511,23.716633],[90.420625,23.716536],[90.420742,23.716445],[90.420863,23.716359],[90.420988,23.716277],[90.421263,23.716226],[90.421538,23.71617],[90.421812,23.716109],[90.422084,23.716043],[90.422085,23.716043],[90.422355,23.715972],[90.422625,23.715897],[90.422798,23.715778],[90.422975,23.715665],[90.423155,23.715556],[90.423338,23.715453],[90.423524,23.715355],[90.423712,23.715263],[90.423903,23.715176],[90.424097,23.715094],[90.424293,23.715018],[90.42449,23.714948],[90.42469,23.714883],[90.424941,23.714776],[90.42519,23.714663],[90.425435,23.714543],[90.425678,23.714418],[90.425917,23.714287],[90.426153,23.71415],[90.426251,23.714089]]]}},{"type":"Feature","properties":{"Ward_Name":"DCC South W-41","Exposure":0.31018,"Sensitivity":-0.16815652,"Adaptive_Capacity":-0.37169878,"Exposure_s":0.60961954,"Sensitivity_s":0.31501939,"Adaptive_s":0.10197378,"HVI_raw":0.26139518,"HVI":0.67778246,"HVI_Class":"High","Rank":51.0,"Corporation":"DSCC","Area_m2":437981.8010905,"LST_mean":32.43997009,"Road_Density":28.5,"industry%":0.0,"Pop_Density":54074.2865638,"SVF_mean":0.54002518,"Poverty_HCR":3.3,"build_km2":3512.501,"informal%":1.65,"NDBI_media":0.02736305,"Green%":0.466,"Blue%":0.0,"Hosp_count":2.0,"NTL_median":22.22875023,"unit_id":"DCC South W-41","name":"DCC South W-41","imputed":[],"center":[90.417707,23.716184]},"geometry":{"type":"Polygon","coordinates":[[[90.419922,23.717301],[90.419774,23.717077],[90.419232,23.715264],[90.419159,23.715092],[90.419081,23.714922],[90.418998,23.714754],[90.41891,23.71459],[90.418816,23.714428],[90.418718,23.714269],[90.418734,23.714128],[90.418743,23.713987],[90.418744,23.713951],[90.418746,23.713845],[90.418742,23.713703],[90.418732,23.713562],[90.418719,23.713456],[90.418715,23.713421],[90.418692,23.713281],[90.418677,23.713212],[90.418663,23.713143],[90.418627,23.713005],[90.418585,23.71287],[90.418537,23.712737],[90.418494,23.71259],[90.418402,23.712275],[90.418375,23.712185],[90.418338,23.711988],[90.418324,23.711917],[90.418275,23.711661],[90.418304,23.711528],[90.418552,23.711352],[90.418486,23.711219],[90.418326,23.710894],[90.41817,23.710587],[90.418095,23.710438],[90.417883,23.710551],[90.417506,23.710753],[90.41702,23.711017],[90.416919,23.711072],[90.416334,23.711395],[90.415753,23.711724],[90.415295,23.711987],[90.415174,23.712057],[90.414597,23.712394],[90.414504,23.712449],[90.414414,23.712509],[90.414328,23.712574],[90.414245,23.712644],[90.414167,23.712718],[90.414093,23.712797],[90.414023,23.71288],[90.413959,23.712967],[90.4139,23.713057],[90.413914,23.713255],[90.414001,23.713465],[90.414087,23.713694],[90.41409,23.713873],[90.414081,23.714022],[90.414037,23.714266],[90.413976,23.714725],[90.413911,23.715034],[90.413948,23.715178],[90.414063,23.715246],[90.414289,23.715309],[90.414638,23.715333],[90.414884,23.715349],[90.415176,23.715342],[90.41554,23.715336],[90.415897,23.715294],[90.416,23.715344],[90.416024,23.715458],[90.416008,23.715601],[90.415915,23.716011],[90.415885,23.716261],[90.415888,23.716399],[90.415892,23.71656],[90.415843,23.716744],[90.415654,23.716759],[90.415453,23.716756],[90.415266,23.716693],[90.415224,23.716537],[90.415176,23.716351],[90.415117,23.716051],[90.415088,23.715884],[90.414987,23.715727],[90.414853,23.715623],[90.414601,23.715601],[90.414366,23.715651],[90.414234,23.715804],[90.414093,23.715998],[90.414063,23.716213],[90.414135,23.716525],[90.414222,23.716723],[90.414301,23.716963],[90.414428,23.717138],[90.414793,23.717348],[90.415051,23.717406],[90.41529,23.717493],[90.415345,23.717637],[90.415424,23.717925],[90.415564,23.718035],[90.415719,23.718056],[90.415886,23.718154],[90.415922,23.718292],[90.415841,23.718458],[90.415689,23.718592],[90.415713,23.718712],[90.415815,23.71878],[90.415909,23.718984],[90.415906,23.719145],[90.415931,23.71948],[90.416084,23.719656],[90.416106,23.719806],[90.416115,23.720039],[90.41622,23.720619],[90.416145,23.720791],[90.416084,23.720934],[90.416128,23.721018],[90.416374,23.721034],[90.416509,23.72109],[90.416514,23.721197],[90.41651,23.721365],[90.416563,23.721664],[90.416636,23.721776],[90.416821,23.721644],[90.417002,23.721507],[90.417179,23.721364],[90.417351,23.721216],[90.417519,23.721063],[90.417682,23.720905],[90.41784,23.720742],[90.417994,23.720575],[90.418142,23.720402],[90.418285,23.720226],[90.418423,23.720046],[90.418556,23.719861],[90.418682,23.719672],[90.418803,23.71948],[90.418919,23.719284],[90.419028,23.719085],[90.419131,23.718883],[90.419228,23.718678],[90.419349,23.718438],[90.419412,23.71832],[90.419922,23.717301]]]}},{"type":"Feature","properties":{"Ward_Name":"DCC South W-42","Exposure":0.02696653,"Sensitivity":-0.13495389,"Adaptive_Capacity":-0.46952709,"Exposure_s":0.53134428,"Sensitivity_s":0.3223687,"Adaptive_s":0.0634402,"HVI_raw":0.25410846,"HVI":0.66744605,"HVI_Class":"High","Rank":56.0,"Corporation":"DSCC","Area_m2":295113.80019461,"LST_mean":32.27100941,"Road_Density":26.15,"industry%":0.0,"Pop_Density":32554.34665679,"SVF_mean":0.60065481,"Poverty_HCR":2.7,"build_km2":3676.57,"informal%":1.8,"NDBI_media":0.03628245,"Green%":1.317,"Blue%":0.0,"Hosp_count":1.0,"NTL_median":20.61833286,"unit_id":"DCC South W-42","name":"DCC South W-42","imputed":[],"center":[90.414776,23.710244]},"geometry":{"type":"Polygon","coordinates":[[[90.417243,23.708868],[90.417333,23.708548],[90.41741,23.708286],[90.417427,23.708089],[90.417406,23.707808],[90.417417,23.7076],[90.417441,23.707349],[90.417528,23.706778],[90.417304,23.706796],[90.417215,23.706828],[90.417079,23.706926],[90.416994,23.707015],[90.416873,23.707108],[90.416823,23.707284],[90.416687,23.70732],[90.416588,23.707342],[90.416514,23.707413],[90.416512,23.707494],[90.416532,23.707542],[90.416588,23.7076],[90.416619,23.70763],[90.416627,23.707711],[90.416438,23.707822],[90.416297,23.707892],[90.416198,23.707923],[90.416057,23.707964],[90.415953,23.707972],[90.415844,23.707956],[90.415788,23.707936],[90.415742,23.707878],[90.415687,23.707796],[90.415662,23.707733],[90.415606,23.707689],[90.415558,23.70776],[90.415541,23.707822],[90.415498,23.707897],[90.41545,23.707949],[90.415361,23.708005],[90.415287,23.708085],[90.415228,23.70817],[90.415196,23.708241],[90.415123,23.708254],[90.414988,23.708252],[90.414879,23.708241],[90.414828,23.708216],[90.414797,23.708177],[90.414742,23.708114],[90.414707,23.708042],[90.414666,23.707989],[90.414663,23.707912],[90.41469,23.707841],[90.414696,23.707789],[90.414681,23.707745],[90.41465,23.70775],[90.414593,23.707777],[90.41453,23.707819],[90.414397,23.707941],[90.414355,23.707979],[90.414261,23.708006],[90.414246,23.707996],[90.414174,23.707947],[90.414134,23.707908],[90.414087,23.707883],[90.413958,23.707886],[90.413766,23.707883],[90.413631,23.707866],[90.413549,23.707817],[90.413462,23.707768],[90.413379,23.707747],[90.413317,23.707751],[90.413217,23.707807],[90.413159,23.707877],[90.4131,23.707972],[90.413025,23.708066],[90.412941,23.708151],[90.412883,23.708188],[90.412799,23.708239],[90.412601,23.708244],[90.412574,23.708423],[90.412555,23.708602],[90.412469,23.708622],[90.412298,23.708619],[90.412127,23.708638],[90.411946,23.708721],[90.411938,23.708733],[90.411945,23.708749],[90.411969,23.70883],[90.411989,23.708913],[90.412002,23.708997],[90.412009,23.709081],[90.412011,23.709166],[90.412018,23.709299],[90.412017,23.709431],[90.41201,23.709563],[90.411995,23.709695],[90.411973,23.709826],[90.411944,23.709955],[90.411909,23.710083],[90.411866,23.710208],[90.411817,23.710331],[90.411816,23.710333],[90.411761,23.710451],[90.411713,23.710739],[90.41171,23.710762],[90.411672,23.711028],[90.411638,23.711318],[90.41161,23.711608],[90.411589,23.711899],[90.411575,23.712191],[90.411567,23.712483],[90.411567,23.712774],[90.411573,23.713066],[90.411565,23.713518],[90.411562,23.713672],[90.411845,23.713687],[90.411961,23.71369],[90.412128,23.713695],[90.41241,23.713696],[90.412693,23.713691],[90.412976,23.713679],[90.413053,23.713678],[90.413129,23.713671],[90.413205,23.713658],[90.413279,23.713638],[90.413348,23.713614],[90.413352,23.713613],[90.413422,23.713581],[90.413489,23.713544],[90.413553,23.713502],[90.413613,23.713454],[90.413669,23.713401],[90.413721,23.713345],[90.413768,23.713283],[90.413809,23.713219],[90.413845,23.713151],[90.413899,23.713057],[90.4139,23.713057],[90.413959,23.712967],[90.414023,23.71288],[90.414093,23.712797],[90.414167,23.712718],[90.414245,23.712644],[90.414328,23.712574],[90.414414,23.712509],[90.414504,23.712449],[90.414597,23.712394],[90.415174,23.712057],[90.415295,23.711987],[90.415753,23.711724],[90.416334,23.711395],[90.416919,23.711072],[90.41702,23.711017],[90.417506,23.710753],[90.417883,23.710551],[90.417852,23.710527],[90.417835,23.710401],[90.417662,23.710279],[90.417515,23.710198],[90.417434,23.710048],[90.417423,23.709928],[90.417447,23.70969],[90.417459,23.709439],[90.417463,23.70923],[90.417243,23.708868]]]}},{"type":"Feature","properties":{"Ward_Name":"DCC South W-43","Exposure":-0.21096317,"Sensitivity":0.44969886,"Adaptive_Capacity":-0.53802889,"Exposure_s":0.46558467,"Sensitivity_s":0.45177996,"Adaptive_s":0.03645804,"HVI_raw":0.29190326,"HVI":0.721059,"HVI_Class":"High","Rank":42.0,"Corporation":"DSCC","Area_m2":391286.15084644,"LST_mean":31.9259145,"Road_Density":24.02,"industry%":0.0,"Pop_Density":21329.4459667,"SVF_mean":0.63810633,"Poverty_HCR":2.8,"build_km2":4496.969,"informal%":20.2,"NDBI_media":0.03936614,"Green%":0.59,"Blue%":0.607,"Hosp_count":1.0,"NTL_median":17.48499966,"unit_id":"DCC South W-43","name":"DCC South W-43","imputed":[],"center":[90.415171,23.703949]},"geometry":{"type":"Polygon","coordinates":[[[90.417528,23.706778],[90.417553,23.706611],[90.417793,23.706298],[90.417871,23.705953],[90.417879,23.705553],[90.417888,23.7051],[90.418025,23.70472],[90.418088,23.704482],[90.418022,23.704224],[90.41789,23.703971],[90.417753,23.703718],[90.41749,23.703553],[90.41733,23.703467],[90.417129,23.703463],[90.417032,23.703438],[90.41704,23.703354],[90.417093,23.703325],[90.417172,23.703237],[90.417246,23.703095],[90.417385,23.702948],[90.417497,23.702896],[90.417467,23.702752],[90.417372,23.702637],[90.417177,23.702646],[90.41708,23.702644],[90.41709,23.702459],[90.417106,23.702328],[90.4172,23.702133],[90.417306,23.702051],[90.417384,23.702052],[90.417506,23.702114],[90.417691,23.702243],[90.417865,23.702305],[90.417956,23.702307],[90.418183,23.702293],[90.418424,23.702237],[90.418548,23.702203],[90.418773,23.702291],[90.419117,23.702272],[90.419228,23.702212],[90.41934,23.702151],[90.419427,23.701985],[90.419367,23.701739],[90.41912,23.701472],[90.418953,23.701362],[90.4188,23.701258],[90.418595,23.701129],[90.418414,23.701102],[90.41827,23.701172],[90.418114,23.701181],[90.417984,23.701179],[90.417934,23.701082],[90.41784,23.700955],[90.41774,23.700769],[90.417545,23.700437],[90.417164,23.699617],[90.415889,23.700749],[90.414772,23.70184],[90.413836,23.702619],[90.413052,23.703268],[90.412716,23.703514],[90.412503,23.703814],[90.412416,23.703938],[90.41222,23.704001],[90.41211,23.703969],[90.411917,23.703918],[90.411819,23.70394],[90.411783,23.703963],[90.412337,23.705066],[90.412373,23.705224],[90.412386,23.705368],[90.412383,23.705511],[90.412388,23.705662],[90.412385,23.705812],[90.412397,23.705977],[90.412401,23.706163],[90.412332,23.706922],[90.412333,23.707244],[90.412338,23.707402],[90.412397,23.707525],[90.412487,23.707698],[90.4125,23.707849],[90.412543,23.708057],[90.412601,23.708244],[90.412799,23.708239],[90.412883,23.708188],[90.412941,23.708151],[90.413025,23.708066],[90.4131,23.707972],[90.413159,23.707877],[90.413217,23.707807],[90.413317,23.707751],[90.413379,23.707747],[90.413462,23.707768],[90.413549,23.707817],[90.413631,23.707866],[90.413766,23.707883],[90.413958,23.707886],[90.414087,23.707883],[90.414134,23.707908],[90.414174,23.707947],[90.414246,23.707996],[90.414261,23.708006],[90.414355,23.707979],[90.414397,23.707941],[90.41453,23.707819],[90.414593,23.707777],[90.41465,23.70775],[90.414681,23.707745],[90.414696,23.707789],[90.41469,23.707841],[90.414663,23.707912],[90.414666,23.707989],[90.414707,23.708042],[90.414742,23.708114],[90.414797,23.708177],[90.414828,23.708216],[90.414879,23.708241],[90.414988,23.708252],[90.415123,23.708254],[90.415196,23.708241],[90.415228,23.70817],[90.415287,23.708085],[90.415361,23.708005],[90.41545,23.707949],[90.415498,23.707897],[90.415541,23.707822],[90.415558,23.70776],[90.415606,23.707689],[90.415662,23.707733],[90.415687,23.707796],[90.415742,23.707878],[90.415788,23.707936],[90.415844,23.707956],[90.415953,23.707972],[90.416057,23.707964],[90.416198,23.707923],[90.416297,23.707892],[90.416438,23.707822],[90.416627,23.707711],[90.416619,23.70763],[90.416588,23.7076],[90.416532,23.707542],[90.416512,23.707494],[90.416514,23.707413],[90.416588,23.707342],[90.416687,23.70732],[90.416823,23.707284],[90.416873,23.707108],[90.416994,23.707015],[90.417079,23.706926],[90.417215,23.706828],[90.417304,23.706796],[90.417528,23.706778]]]}},{"type":"Feature","properties":{"Ward_Name":"DCC South W-44","Exposure":0.29070502,"Sensitivity":0.00326623,"Adaptive_Capacity":-0.22915164,"Exposure_s":0.604237,"Sensitivity_s":0.35296333,"Adaptive_s":0.15812164,"HVI_raw":0.25504429,"HVI":0.66877356,"HVI_Class":"High","Rank":54.0,"Corporation":"DSCC","Area_m2":294726.62152511,"LST_mean":32.67366702,"Road_Density":35.39,"industry%":0.0,"Pop_Density":26170.33770322,"SVF_mean":0.61225626,"Poverty_HCR":2.6,"build_km2":3929.226,"informal%":7.25,"NDBI_media":0.03109445,"Green%":0.211,"Blue%":4.014,"Hosp_count":3.0,"NTL_median":18.08874989,"unit_id":"DCC South W-44","name":"DCC South W-44","imputed":[],"center":[90.418796,23.706715]},"geometry":{"type":"Polygon","coordinates":[[[90.421054,23.710781],[90.421432,23.710782],[90.421809,23.710789],[90.422186,23.710802],[90.422563,23.710821],[90.42294,23.710846],[90.423316,23.710877],[90.423692,23.710914],[90.4238,23.710721],[90.423903,23.710525],[90.424,23.710326],[90.424091,23.710124],[90.423985,23.71006],[90.423969,23.71005],[90.423849,23.709971],[90.423734,23.709886],[90.423622,23.709796],[90.423515,23.709701],[90.423412,23.709602],[90.423313,23.709498],[90.423219,23.70939],[90.42313,23.709277],[90.42291,23.709187],[90.422688,23.709102],[90.422464,23.709022],[90.422238,23.708948],[90.42201,23.708879],[90.421781,23.708816],[90.42155,23.708759],[90.420532,23.708473],[90.420385,23.708417],[90.420237,23.708364],[90.420226,23.708112],[90.420209,23.707861],[90.420186,23.70761],[90.420156,23.707361],[90.42012,23.707112],[90.420077,23.706864],[90.420027,23.706617],[90.419975,23.706465],[90.419917,23.706315],[90.419855,23.706167],[90.419787,23.706021],[90.419714,23.705878],[90.419637,23.705737],[90.419539,23.705534],[90.419448,23.705329],[90.419362,23.705121],[90.419282,23.704911],[90.419209,23.704699],[90.4192,23.704536],[90.419198,23.704372],[90.419202,23.704209],[90.419212,23.704045],[90.419229,23.703882],[90.419252,23.703721],[90.419282,23.70356],[90.419318,23.7034],[90.419356,23.703091],[90.419388,23.702781],[90.419413,23.702471],[90.41943,23.70221],[90.41943,23.70221],[90.419365,23.702227],[90.419228,23.702212],[90.419117,23.702272],[90.418773,23.702291],[90.418548,23.702203],[90.418424,23.702237],[90.418183,23.702293],[90.417956,23.702307],[90.417865,23.702305],[90.417691,23.702243],[90.417506,23.702114],[90.417384,23.702052],[90.417306,23.702051],[90.4172,23.702133],[90.417106,23.702328],[90.41709,23.702459],[90.41708,23.702644],[90.417177,23.702646],[90.417372,23.702637],[90.417467,23.702752],[90.417497,23.702896],[90.417385,23.702948],[90.417246,23.703095],[90.417172,23.703237],[90.417093,23.703325],[90.41704,23.703354],[90.417032,23.703438],[90.417129,23.703463],[90.41733,23.703467],[90.41749,23.703553],[90.417753,23.703718],[90.41789,23.703971],[90.418022,23.704224],[90.418088,23.704482],[90.418025,23.70472],[90.417888,23.7051],[90.417879,23.705553],[90.417871,23.705953],[90.417793,23.706298],[90.417553,23.706611],[90.417528,23.706778],[90.417441,23.707349],[90.417417,23.7076],[90.417406,23.707808],[90.417427,23.708089],[90.41741,23.708286],[90.417333,23.708548],[90.417243,23.708868],[90.417463,23.70923],[90.417459,23.709439],[90.417447,23.70969],[90.417423,23.709928],[90.417434,23.710048],[90.417515,23.710198],[90.417662,23.710279],[90.417835,23.710401],[90.417852,23.710527],[90.417883,23.710551],[90.418095,23.710438],[90.41817,23.710587],[90.418326,23.710894],[90.418486,23.711219],[90.418552,23.711352],[90.418649,23.711273],[90.41875,23.7112],[90.418856,23.711133],[90.418964,23.711071],[90.419077,23.711016],[90.419192,23.710967],[90.419309,23.710925],[90.419429,23.710889],[90.419551,23.71086],[90.419674,23.710838],[90.419798,23.710823],[90.419922,23.710814],[90.4203,23.710797],[90.420677,23.710786],[90.421054,23.710781]]]}},{"type":"Feature","properties":{"Ward_Name":"DCC South W-45","Exposure":0.09449933,"Sensitivity":0.03989034,"Adaptive_Capacity":-0.12810251,"Exposure_s":0.55000917,"Sensitivity_s":0.36106998,"Adaptive_s":0.19792387,"HVI_raw":0.22878854,"HVI":0.63152905,"HVI_Class":"High","Rank":66.0,"Corporation":"DSCC","Area_m2":531567.51637908,"LST_mean":31.97628344,"Road_Density":31.03,"industry%":0.0,"Pop_Density":39955.43711808,"SVF_mean":0.60108489,"Poverty_HCR":2.4,"build_km2":3858.103,"informal%":10.01,"NDBI_media":0.03152605,"Green%":1.049,"Blue%":0.546,"Hosp_count":5.0,"NTL_median":21.78291702,"unit_id":"DCC South W-45","name":"DCC South W-45","imputed":[],"center":[90.423123,23.705694]},"geometry":{"type":"Polygon","coordinates":[[[90.428283,23.702952],[90.428319,23.702884],[90.428293,23.702871],[90.428217,23.702816],[90.428185,23.702796],[90.428076,23.702724],[90.427979,23.702693],[90.42783,23.702697],[90.427681,23.702694],[90.427525,23.702703],[90.42744,23.70275],[90.427381,23.702791],[90.427334,23.702838],[90.427281,23.702932],[90.42717,23.702954],[90.427034,23.70294],[90.426931,23.702914],[90.426867,23.702866],[90.426849,23.702788],[90.426851,23.702698],[90.426845,23.702644],[90.426827,23.702596],[90.426796,23.702536],[90.426724,23.702565],[90.426522,23.702579],[90.426354,23.702576],[90.42623,23.702592],[90.426165,23.702615],[90.426131,23.70271],[90.426123,23.70277],[90.426114,23.702895],[90.426112,23.703026],[90.426103,23.703122],[90.42607,23.703163],[90.425946,23.703214],[90.425732,23.703199],[90.425609,23.703197],[90.425447,23.703176],[90.425305,23.703138],[90.425241,23.703113],[90.425196,23.703077],[90.425197,23.703035],[90.425219,23.70294],[90.42522,23.702862],[90.425222,23.702773],[90.425218,23.702647],[90.425183,23.702449],[90.425185,23.702354],[90.425187,23.702247],[90.425201,23.702163],[90.425222,23.702128],[90.425294,23.702069],[90.425295,23.702015],[90.425237,23.701997],[90.42516,23.701965],[90.425076,23.701922],[90.425013,23.70185],[90.424943,23.701765],[90.424926,23.701681],[90.424861,23.701644],[90.424687,23.701635],[90.424427,23.701637],[90.424148,23.701632],[90.42398,23.701629],[90.423825,23.701591],[90.423787,23.701555],[90.423762,23.701512],[90.423758,23.701387],[90.423747,23.701273],[90.423671,23.701194],[90.423528,23.701198],[90.423456,23.701227],[90.423461,23.701334],[90.423491,23.701454],[90.423501,23.70158],[90.423525,23.701687],[90.423484,23.701812],[90.423411,23.701901],[90.4233,23.701911],[90.423163,23.701968],[90.423161,23.702046],[90.42316,23.702129],[90.423097,23.702343],[90.423082,23.702468],[90.423042,23.702521],[90.42297,23.70252],[90.422757,23.702475],[90.422581,23.702537],[90.422578,23.702669],[90.422596,23.702783],[90.422619,23.70289],[90.422655,23.70304],[90.422679,23.703154],[90.422601,23.703189],[90.422426,23.703186],[90.422044,23.703161],[90.421745,23.70315],[90.421571,23.7031],[90.421469,23.703056],[90.421424,23.702996],[90.421393,23.70293],[90.421363,23.70284],[90.421286,23.702761],[90.421217,23.702652],[90.421115,23.702591],[90.420999,23.702547],[90.420883,23.702485],[90.420729,23.702435],[90.420548,23.702366],[90.420472,23.702281],[90.420358,23.702178],[90.420171,23.702127],[90.420093,23.702114],[90.420008,23.702136],[90.419968,23.702207],[90.419967,23.702279],[90.419958,23.702398],[90.419904,23.702475],[90.419794,23.702485],[90.419717,23.70246],[90.419667,23.702358],[90.419643,23.702268],[90.419553,23.7022],[90.419508,23.7022],[90.41943,23.70221],[90.419413,23.702471],[90.419388,23.702781],[90.419356,23.703091],[90.419318,23.7034],[90.419282,23.70356],[90.419252,23.703721],[90.419229,23.703882],[90.419212,23.704045],[90.419202,23.704209],[90.419198,23.704372],[90.4192,23.704536],[90.419209,23.704699],[90.419282,23.704911],[90.419362,23.705121],[90.419448,23.705329],[90.419539,23.705534],[90.419637,23.705737],[90.419714,23.705878],[90.419787,23.706021],[90.419855,23.706167],[90.419917,23.706315],[90.419975,23.706465],[90.420027,23.706617],[90.420077,23.706864],[90.42012,23.707112],[90.420156,23.707361],[90.420186,23.70761],[90.420209,23.707861],[90.420226,23.708112],[90.420237,23.708364],[90.420385,23.708417],[90.420532,23.708473],[90.42155,23.708759],[90.421781,23.708816],[90.42201,23.708879],[90.422238,23.708948],[90.422464,23.709022],[90.422688,23.709102],[90.42291,23.709187],[90.42313,23.709277],[90.423219,23.70939],[90.423313,23.709498],[90.423412,23.709602],[90.423515,23.709701],[90.423622,23.709796],[90.423734,23.709886],[90.423849,23.709971],[90.423969,23.71005],[90.423985,23.71006],[90.424071,23.710087],[90.42422,23.710104],[90.42424,23.710105],[90.424368,23.710114],[90.424517,23.710118],[90.424666,23.710115],[90.424815,23.710106],[90.424963,23.710091],[90.425111,23.710069],[90.425257,23.710041],[90.425323,23.710025],[90.425337,23.708755],[90.42536,23.70858],[90.425389,23.708406],[90.425424,23.708233],[90.425466,23.708062],[90.425515,23.707892],[90.42557,23.707724],[90.425592,23.707664],[90.425631,23.707559],[90.425698,23.707396],[90.425772,23.707235],[90.425851,23.707078],[90.425936,23.706923],[90.426027,23.706772],[90.426124,23.706625],[90.426226,23.706481],[90.426529,23.705972],[90.426829,23.705461],[90.427124,23.704948],[90.427415,23.704432],[90.427779,23.703819],[90.428139,23.703202],[90.428283,23.702952]]]}},{"type":"Feature","properties":{"Ward_Name":"DCC South W-46","Exposure":-0.20337896,"Sensitivity":0.01102489,"Adaptive_Capacity":-0.53983003,"Exposure_s":0.46768081,"Sensitivity_s":0.35468069,"Adaptive_s":0.03574858,"HVI_raw":0.25672813,"HVI":0.67116213,"HVI_Class":"High","Rank":53.0,"Corporation":"DSCC","Area_m2":445100.47218432,"LST_mean":31.62123459,"Road_Density":25.73,"industry%":0.0,"Pop_Density":16582.58019645,"SVF_mean":0.62104656,"Poverty_HCR":2.8,"build_km2":3732.854,"informal%":10.72,"NDBI_media":0.02078182,"Green%":2.949,"Blue%":0.618,"Hosp_count":1.0,"NTL_median":15.58583355,"unit_id":"DCC South W-46","name":"DCC South W-46","imputed":[],"center":[90.420478,23.699474]},"geometry":{"type":"Polygon","coordinates":[[[90.428495,23.702584],[90.428846,23.701962],[90.429054,23.701601],[90.429029,23.701584],[90.428918,23.701518],[90.428867,23.701484],[90.428795,23.701449],[90.428671,23.701414],[90.428521,23.701392],[90.428345,23.70138],[90.428179,23.701368],[90.427888,23.701382],[90.427712,23.701379],[90.427442,23.701389],[90.427302,23.701386],[90.427136,23.701412],[90.426819,23.701417],[90.426669,23.701419],[90.426524,23.701383],[90.42649,23.701263],[90.426493,23.701125],[90.426521,23.701039],[90.426657,23.700974],[90.426756,23.700957],[90.426885,23.700945],[90.426919,23.700821],[90.426922,23.700692],[90.426902,23.700606],[90.426836,23.700538],[90.42666,23.700516],[90.426542,23.700495],[90.426459,23.700484],[90.42642,23.700321],[90.426249,23.700323],[90.426068,23.70032],[90.425855,23.700316],[90.425742,23.700281],[90.425738,23.700219],[90.425792,23.700105],[90.425959,23.700036],[90.426069,23.7],[90.426133,23.69992],[90.426218,23.699792],[90.426215,23.699687],[90.426191,23.699567],[90.426168,23.699433],[90.42615,23.699323],[90.426094,23.699246],[90.425991,23.699215],[90.425898,23.699214],[90.425768,23.699221],[90.425715,23.699258],[90.425692,23.699392],[90.425678,23.699559],[90.425674,23.699754],[90.425672,23.699864],[90.425597,23.699973],[90.425437,23.699951],[90.425339,23.699907],[90.425268,23.699829],[90.425219,23.699718],[90.425153,23.699626],[90.425097,23.699554],[90.425048,23.699438],[90.425075,23.699362],[90.425083,23.699248],[90.425042,23.69918],[90.42494,23.699093],[90.424884,23.699073],[90.424825,23.699153],[90.424771,23.699243],[90.424707,23.699371],[90.424628,23.699436],[90.424559,23.699488],[90.424418,23.699557],[90.424323,23.699627],[90.424188,23.699639],[90.424069,23.699632],[90.423945,23.699616],[90.423748,23.699565],[90.423619,23.699534],[90.423517,23.69948],[90.423492,23.699408],[90.423499,23.699336],[90.423501,23.699226],[90.423419,23.699153],[90.42328,23.699098],[90.423199,23.69903],[90.423159,23.698953],[90.423161,23.698824],[90.423164,23.698662],[90.42325,23.698539],[90.423272,23.698444],[90.423346,23.698402],[90.423431,23.698308],[90.423484,23.698223],[90.423616,23.698144],[90.42373,23.698117],[90.423752,23.698051],[90.42367,23.697997],[90.423536,23.697952],[90.423334,23.697939],[90.423142,23.697935],[90.423013,23.697938],[90.422664,23.697985],[90.422487,23.698006],[90.422415,23.697976],[90.422361,23.697836],[90.422287,23.697663],[90.422199,23.697614],[90.422121,23.697656],[90.421991,23.697687],[90.42192,23.697586],[90.421806,23.697297],[90.421674,23.697171],[90.421608,23.697107],[90.421449,23.697],[90.421321,23.69694],[90.421218,23.696876],[90.421111,23.696774],[90.421071,23.696697],[90.421052,23.696621],[90.421034,23.696496],[90.421031,23.696367],[90.421034,23.696209],[90.420985,23.696089],[90.420871,23.696049],[90.420748,23.695961],[90.420483,23.695791],[90.420003,23.696321],[90.419488,23.696808],[90.419292,23.697181],[90.419051,23.697577],[90.419023,23.697625],[90.418877,23.697879],[90.418659,23.698036],[90.418383,23.698265],[90.417888,23.698698],[90.417617,23.698974],[90.417497,23.699121],[90.417395,23.699347],[90.417315,23.699483],[90.417164,23.699617],[90.417545,23.700437],[90.41774,23.700769],[90.41784,23.700955],[90.417934,23.701082],[90.417984,23.701179],[90.418114,23.701181],[90.41827,23.701172],[90.418414,23.701102],[90.418595,23.701129],[90.4188,23.701258],[90.418953,23.701362],[90.41912,23.701472],[90.419367,23.701739],[90.419427,23.701985],[90.41934,23.702151],[90.419228,23.702212],[90.419365,23.702227],[90.41943,23.70221],[90.41943,23.70221],[90.419508,23.7022],[90.419553,23.7022],[90.419643,23.702268],[90.419667,23.702358],[90.419717,23.70246],[90.419794,23.702485],[90.419904,23.702475],[90.419958,23.702398],[90.419967,23.702279],[90.419968,23.702207],[90.420008,23.702136],[90.420093,23.702114],[90.420171,23.702127],[90.420358,23.702178],[90.420472,23.702281],[90.420548,23.702366],[90.420729,23.702435],[90.420883,23.702485],[90.420999,23.702547],[90.421115,23.702591],[90.421217,23.702652],[90.421286,23.702761],[90.421363,23.70284],[90.421393,23.70293],[90.421424,23.702996],[90.421469,23.703056],[90.421571,23.7031],[90.421745,23.70315],[90.422044,23.703161],[90.422426,23.703186],[90.422601,23.703189],[90.422679,23.703154],[90.422655,23.70304],[90.422619,23.70289],[90.422596,23.702783],[90.422578,23.702669],[90.422581,23.702537],[90.422757,23.702475],[90.42297,23.70252],[90.423042,23.702521],[90.423082,23.702468],[90.423097,23.702343],[90.42316,23.702129],[90.423161,23.702046],[90.423163,23.701968],[90.4233,23.701911],[90.423411,23.701901],[90.423484,23.701812],[90.423525,23.701687],[90.423501,23.70158],[90.423491,23.701454],[90.423461,23.701334],[90.423456,23.701227],[90.423528,23.701198],[90.423671,23.701194],[90.423747,23.701273],[90.423758,23.701387],[90.423762,23.701512],[90.423787,23.701555],[90.423825,23.701591],[90.42398,23.701629],[90.424148,23.701632],[90.424427,23.701637],[90.424687,23.701635],[90.424861,23.701644],[90.424926,23.701681],[90.424943,23.701765],[90.425013,23.70185],[90.425076,23.701922],[90.42516,23.701965],[90.425237,23.701997],[90.425295,23.702015],[90.425294,23.702069],[90.425222,23.702128],[90.425201,23.702163],[90.425187,23.702247],[90.425185,23.702354],[90.425183,23.702449],[90.425218,23.702647],[90.425222,23.702773],[90.42522,23.702862],[90.425219,23.70294],[90.425197,23.703035],[90.425196,23.703077],[90.425241,23.703113],[90.425305,23.703138],[90.425447,23.703176],[90.425609,23.703197],[90.425732,23.703199],[90.425946,23.703214],[90.42607,23.703163],[90.426103,23.703122],[90.426112,23.703026],[90.426114,23.702895],[90.426123,23.70277],[90.426131,23.70271],[90.426165,23.702615],[90.42623,23.702592],[90.426354,23.702576],[90.426522,23.702579],[90.426724,23.702565],[90.426796,23.702536],[90.426827,23.702596],[90.426845,23.702644],[90.426851,23.702698],[90.426849,23.702788],[90.426867,23.702866],[90.426931,23.702914],[90.427034,23.70294],[90.42717,23.702954],[90.427281,23.702932],[90.427334,23.702838],[90.427381,23.702791],[90.42744,23.70275],[90.427525,23.702703],[90.427681,23.702694],[90.42783,23.702697],[90.427979,23.702693],[90.428076,23.702724],[90.428185,23.702796],[90.428217,23.702816],[90.428293,23.702871],[90.428319,23.702884],[90.428283,23.702952],[90.428495,23.702584]]]}},{"type":"Feature","properties":{"Ward_Name":"DCC South W-47","Exposure":0.39480845,"Sensitivity":0.54330886,"Adaptive_Capacity":-0.57357742,"Exposure_s":0.63300937,"Sensitivity_s":0.47250027,"Adaptive_s":0.02245583,"HVI_raw":0.3533833,"HVI":0.80827012,"HVI_Class":"Very High","Rank":11.0,"Corporation":"DSCC","Area_m2":546803.44274522,"LST_mean":33.44573287,"Road_Density":26.6,"industry%":10.275,"Pop_Density":20178.23130286,"SVF_mean":0.6649945,"Poverty_HCR":9.1,"build_km2":3951.969,"informal%":12.84,"NDBI_media":0.02300699,"Green%":3.905,"Blue%":1.635,"Hosp_count":0.0,"NTL_median":14.57999992,"unit_id":"DCC South W-47","name":"DCC South W-47","imputed":[],"center":[90.423166,23.695789]},"geometry":{"type":"Polygon","coordinates":[[[90.429105,23.701511],[90.429282,23.701198],[90.429496,23.700813],[90.429799,23.700253],[90.429888,23.700092],[90.429963,23.699957],[90.430015,23.699862],[90.430068,23.699767],[90.430108,23.699695],[90.430196,23.699539],[90.430423,23.699141],[90.430427,23.699134],[90.430476,23.699049],[90.430682,23.698696],[90.430743,23.698591],[90.430752,23.698577],[90.430679,23.698505],[90.430623,23.698447],[90.43051,23.698378],[90.430417,23.698353],[90.43034,23.698337],[90.430299,23.698313],[90.430269,23.698265],[90.430255,23.698164],[90.430256,23.698102],[90.430237,23.69802],[90.430233,23.697958],[90.430214,23.697901],[90.430178,23.697876],[90.43008,23.697841],[90.429909,23.697824],[90.429821,23.697818],[90.429645,23.69781],[90.429541,23.697804],[90.429437,23.697802],[90.429266,23.697808],[90.429157,23.697811],[90.429053,23.69781],[90.428919,23.697807],[90.428877,23.697807],[90.428812,23.69771],[90.428797,23.697648],[90.428773,23.697576],[90.428743,23.697518],[90.428702,23.697479],[90.428568,23.697439],[90.428418,23.697422],[90.428319,23.697415],[90.428295,23.697416],[90.428277,23.697412],[90.428277,23.697406],[90.428294,23.69738],[90.428311,23.69737],[90.428328,23.697355],[90.428368,23.697324],[90.428375,23.697287],[90.428371,23.697251],[90.428343,23.697182],[90.428319,23.697141],[90.428287,23.697112],[90.428233,23.697092],[90.428163,23.697083],[90.428082,23.697078],[90.427997,23.697075],[90.427902,23.697071],[90.427812,23.697072],[90.427719,23.697074],[90.427654,23.697081],[90.427599,23.697075],[90.427558,23.697054],[90.427516,23.697002],[90.427479,23.696936],[90.427438,23.696852],[90.427433,23.696804],[90.427432,23.696699],[90.427417,23.696618],[90.427376,23.696552],[90.427332,23.696474],[90.427301,23.696404],[90.427276,23.696353],[90.427248,23.696293],[90.427226,23.69626],[90.427207,23.696242],[90.427126,23.696225],[90.427022,23.696254],[90.426941,23.696261],[90.426834,23.696259],[90.426689,23.696209],[90.426454,23.696119],[90.426148,23.696033],[90.425946,23.695925],[90.425859,23.695867],[90.425754,23.6958],[90.425651,23.695729],[90.425481,23.695652],[90.425333,23.695599],[90.425217,23.695555],[90.425101,23.695514],[90.425008,23.695495],[90.424849,23.695471],[90.424736,23.695445],[90.424627,23.695417],[90.424523,23.695391],[90.424661,23.695152],[90.424714,23.69509],[90.424761,23.695016],[90.424834,23.694936],[90.424899,23.694893],[90.424978,23.694846],[90.425044,23.694803],[90.42508,23.694764],[90.42511,23.694729],[90.425136,23.694574],[90.425189,23.694486],[90.42525,23.694382],[90.425299,23.694332],[90.425359,23.694271],[90.425409,23.694191],[90.425466,23.694111],[90.425542,23.694053],[90.425604,23.694021],[90.425699,23.693966],[90.425918,23.693695],[90.425972,23.693603],[90.426065,23.693473],[90.426121,23.693426],[90.42619,23.693365],[90.426236,23.693345],[90.426344,23.693317],[90.426441,23.693306],[90.426555,23.693284],[90.42665,23.693265],[90.426738,23.693237],[90.426923,23.693207],[90.427017,23.693211],[90.427117,23.693231],[90.427221,23.693236],[90.427324,23.693237],[90.427506,23.693235],[90.427588,23.693209],[90.427602,23.693126],[90.427608,23.692974],[90.427603,23.692755],[90.427605,23.692457],[90.427671,23.691909],[90.427689,23.691834],[90.427701,23.691718],[90.427729,23.691611],[90.427734,23.691525],[90.427752,23.691453],[90.427757,23.691364],[90.427761,23.691283],[90.427756,23.691227],[90.427738,23.691143],[90.427735,23.690952],[90.427724,23.690898],[90.427664,23.690792],[90.427633,23.690738],[90.427564,23.690614],[90.427532,23.69056],[90.427501,23.690518],[90.42753,23.6905],[90.427542,23.690498],[90.427476,23.690427],[90.427279,23.690213],[90.427168,23.690206],[90.426676,23.69067],[90.426358,23.690844],[90.426173,23.690952],[90.42573,23.691112],[90.425405,23.690914],[90.425261,23.691091],[90.424742,23.691731],[90.423688,23.692573],[90.423315,23.693057],[90.422311,23.693995],[90.42132,23.694934],[90.420686,23.695568],[90.420483,23.695791],[90.420748,23.695961],[90.420871,23.696049],[90.420985,23.696089],[90.421034,23.696209],[90.421031,23.696367],[90.421034,23.696496],[90.421052,23.696621],[90.421071,23.696697],[90.421111,23.696774],[90.421218,23.696876],[90.421321,23.69694],[90.421449,23.697],[90.421608,23.697107],[90.421674,23.697171],[90.421806,23.697297],[90.42192,23.697586],[90.421991,23.697687],[90.422121,23.697656],[90.422199,23.697614],[90.422287,23.697663],[90.422361,23.697836],[90.422415,23.697976],[90.422487,23.698006],[90.422664,23.697985],[90.423013,23.697938],[90.423142,23.697935],[90.423334,23.697939],[90.423536,23.697952],[90.42367,23.697997],[90.423752,23.698051],[90.42373,23.698117],[90.423616,23.698144],[90.423484,23.698223],[90.423431,23.698308],[90.423346,23.698402],[90.423272,23.698444],[90.42325,23.698539],[90.423164,23.698662],[90.423161,23.698824],[90.423159,23.698953],[90.423199,23.69903],[90.42328,23.699098],[90.423419,23.699153],[90.423501,23.699226],[90.423499,23.699336],[90.423492,23.699408],[90.423517,23.69948],[90.423619,23.699534],[90.423748,23.699565],[90.423945,23.699616],[90.424069,23.699632],[90.424188,23.699639],[90.424323,23.699627],[90.424418,23.699557],[90.424559,23.699488],[90.424628,23.699436],[90.424707,23.699371],[90.424771,23.699243],[90.424825,23.699153],[90.424884,23.699073],[90.42494,23.699093],[90.425042,23.69918],[90.425083,23.699248],[90.425075,23.699362],[90.425048,23.699438],[90.425097,23.699554],[90.425153,23.699626],[90.425219,23.699718],[90.425268,23.699829],[90.425339,23.699907],[90.425437,23.699951],[90.425597,23.699973],[90.425672,23.699864],[90.425674,23.699754],[90.425678,23.699559],[90.425692,23.699392],[90.425715,23.699258],[90.425768,23.699221],[90.425898,23.699214],[90.425991,23.699215],[90.426094,23.699246],[90.42615,23.699323],[90.426168,23.699433],[90.426191,23.699567],[90.426215,23.699687],[90.426218,23.699792],[90.426133,23.69992],[90.426069,23.7],[90.425959,23.700036],[90.425792,23.700105],[90.425738,23.700219],[90.425742,23.700281],[90.425855,23.700316],[90.426068,23.70032],[90.426249,23.700323],[90.42642,23.700321],[90.426459,23.700484],[90.426542,23.700495],[90.42666,23.700516],[90.426836,23.700538],[90.426902,23.700606],[90.426922,23.700692],[90.426919,23.700821],[90.426885,23.700945],[90.426756,23.700957],[90.426657,23.700974],[90.426521,23.701039],[90.426493,23.701125],[90.42649,23.701263],[90.426524,23.701383],[90.426669,23.701419],[90.426819,23.701417],[90.427136,23.701412],[90.427302,23.701386],[90.427442,23.701389],[90.427712,23.701379],[90.427888,23.701382],[90.428179,23.701368],[90.428345,23.70138],[90.428521,23.701392],[90.428671,23.701414],[90.428795,23.701449],[90.428867,23.701484],[90.428918,23.701518],[90.429029,23.701584],[90.429054,23.701601],[90.429066,23.701581],[90.429105,23.701511]]]}},{"type":"Feature","properties":{"Ward_Name":"DCC South W-48","Exposure":0.58133678,"Sensitivity":0.50767857,"Adaptive_Capacity":-0.28745799,"Exposure_s":0.68456254,"Sensitivity_s":0.4646136,"Adaptive_s":0.13515536,"HVI_raw":0.32773444,"HVI":0.77188651,"HVI_Class":"High","Rank":19.0,"Corporation":"DSCC","Area_m2":713089.01515376,"LST_mean":33.88359182,"Road_Density":35.82,"industry%":0.0,"Pop_Density":115035.9765625,"SVF_mean":0.67787651,"Poverty_HCR":9.4,"build_km2":3917.468,"informal%":8.62,"NDBI_media":0.03274617,"Green%":0.283,"Blue%":0.0,"Hosp_count":2.0,"NTL_median":25.60499954,"unit_id":"DCC South W-48","name":"DCC South W-48","imputed":[],"center":[90.433609,23.713385]},"geometry":{"type":"Polygon","coordinates":[[[90.429281,23.711749],[90.428875,23.711275],[90.428478,23.710975],[90.427997,23.710811],[90.427447,23.710739],[90.427054,23.710607],[90.426888,23.710528],[90.426883,23.710552],[90.42681,23.710664],[90.426749,23.710794],[90.426739,23.710967],[90.426703,23.71111],[90.426676,23.711211],[90.426635,23.711318],[90.42662,23.711395],[90.426612,23.711496],[90.426609,23.711622],[90.426601,23.711723],[90.426586,23.711818],[90.426557,23.711973],[90.426489,23.712103],[90.426449,23.712192],[90.426434,23.712276],[90.426431,23.712425],[90.426446,23.713133],[90.426425,23.713398],[90.426366,23.713619],[90.426355,23.713798],[90.426297,23.71399],[90.426251,23.714089],[90.426232,23.714133],[90.426164,23.714404],[90.426005,23.714994],[90.425665,23.715102],[90.425749,23.715492],[90.425698,23.715742],[90.426088,23.716729],[90.426612,23.716739],[90.427135,23.716743],[90.42726,23.716743],[90.427659,23.716743],[90.428068,23.71674],[90.428182,23.716739],[90.428203,23.716706],[90.428228,23.716676],[90.428257,23.716651],[90.428289,23.71663],[90.428325,23.716615],[90.428542,23.716605],[90.428758,23.716591],[90.428835,23.716487],[90.428907,23.716379],[90.428975,23.716268],[90.429037,23.716155],[90.429095,23.716039],[90.429119,23.715986],[90.429148,23.71592],[90.42912,23.715672],[90.429084,23.715424],[90.429043,23.715178],[90.428994,23.714933],[90.428978,23.714861],[90.42903,23.714858],[90.429139,23.714846],[90.429189,23.714682],[90.429284,23.714576],[90.429418,23.714535],[90.429791,23.714527],[90.430012,23.714395],[90.430185,23.714312],[90.43042,23.714187],[90.43068,23.714033],[90.43075,23.71402],[90.431274,23.714294],[90.432084,23.714666],[90.433005,23.71453],[90.433372,23.714479],[90.433761,23.714471],[90.433987,23.714468],[90.434222,23.714386],[90.434379,23.71431],[90.434589,23.714299],[90.4348,23.714252],[90.434918,23.714211],[90.435058,23.714199],[90.435291,23.714203],[90.435462,23.714213],[90.435557,23.71415],[90.435605,23.714086],[90.435676,23.71403],[90.435847,23.714047],[90.436009,23.714107],[90.436149,23.714138],[90.436232,23.714269],[90.436261,23.714355],[90.436219,23.714491],[90.436225,23.714584],[90.436287,23.714606],[90.436366,23.714565],[90.436498,23.714574],[90.436582,23.714633],[90.436721,23.714728],[90.437569,23.715101],[90.43787,23.715249],[90.438744,23.7155],[90.4391,23.715613],[90.439728,23.715724],[90.440364,23.715791],[90.440401,23.715796],[90.440495,23.714359],[90.440497,23.714333],[90.440504,23.71431],[90.440982,23.712925],[90.44106,23.712733],[90.441131,23.712538],[90.441195,23.712342],[90.441253,23.712143],[90.441304,23.711943],[90.441348,23.711741],[90.441385,23.711537],[90.441415,23.711332],[90.441439,23.711127],[90.441455,23.710921],[90.441465,23.710714],[90.441467,23.710507],[90.441371,23.710499],[90.440781,23.710628],[90.440492,23.710659],[90.440203,23.71069],[90.440046,23.710729],[90.439805,23.710773],[90.439578,23.710811],[90.439278,23.710866],[90.439018,23.710933],[90.438803,23.710983],[90.438568,23.711027],[90.438354,23.71106],[90.438029,23.71106],[90.43731,23.711036],[90.436703,23.710931],[90.436515,23.710898],[90.436258,23.71081],[90.436084,23.710717],[90.435872,23.710612],[90.435692,23.710544],[90.435422,23.710456],[90.435241,23.710381],[90.435088,23.710295],[90.434965,23.710245],[90.434694,23.710175],[90.434481,23.710142],[90.434209,23.710119],[90.433483,23.710388],[90.433178,23.710443],[90.432875,23.710505],[90.432573,23.710573],[90.432273,23.710649],[90.431975,23.710731],[90.431679,23.710821],[90.431385,23.710916],[90.431093,23.711019],[90.430803,23.711128],[90.429364,23.711937],[90.429281,23.711749]]]}},{"type":"Feature","properties":{"Ward_Name":"DCC South W-49","Exposure":-0.49305979,"Sensitivity":0.46426416,"Adaptive_Capacity":0.03325585,"Exposure_s":0.38761809,"Sensitivity_s":0.45500394,"Adaptive_s":0.26148129,"HVI_raw":0.19468799,"HVI":0.58315648,"HVI_Class":"Moderate","Rank":82.0,"Corporation":"DSCC","Area_m2":1017211.44593005,"LST_mean":32.41169918,"Road_Density":17.33,"industry%":0.0,"Pop_Density":65677.34705674,"SVF_mean":0.76887455,"Poverty_HCR":8.9,"build_km2":3408.409,"informal%":16.91,"NDBI_media":0.01092442,"Green%":11.734,"Blue%":2.243,"Hosp_count":2.0,"NTL_median":25.21666718,"unit_id":"DCC South W-49","name":"DCC South W-49","imputed":[],"center":[90.436426,23.718377]},"geometry":{"type":"Polygon","coordinates":[[[90.43764,23.721318],[90.437879,23.721335],[90.438118,23.721359],[90.438356,23.721389],[90.438593,23.721427],[90.438829,23.721472],[90.438842,23.721582],[90.438862,23.721691],[90.438888,23.721799],[90.438921,23.721905],[90.438959,23.722009],[90.439004,23.722111],[90.439055,23.722209],[90.439127,23.722191],[90.439237,23.722162],[90.43942,23.722121],[90.439605,23.722086],[90.43979,23.722058],[90.439977,23.722037],[90.440164,23.722022],[90.440352,23.722013],[90.44054,23.722012],[90.440728,23.722017],[90.440915,23.722028],[90.441102,23.722046],[90.441289,23.722071],[90.441474,23.722102],[90.441658,23.72214],[90.441841,23.722184],[90.442022,23.722234],[90.442201,23.722291],[90.442378,23.722354],[90.442553,23.722424],[90.442744,23.722305],[90.442767,23.72229],[90.443891,23.721566],[90.444141,23.721402],[90.444213,23.721284],[90.444234,23.721213],[90.444255,23.721116],[90.444262,23.720988],[90.444262,23.720866],[90.444245,23.720634],[90.44418,23.720539],[90.443666,23.720199],[90.443155,23.719854],[90.442647,23.719504],[90.442143,23.719149],[90.44201,23.719079],[90.441881,23.719003],[90.441755,23.718921],[90.441633,23.718833],[90.441515,23.718739],[90.441402,23.71864],[90.441294,23.718536],[90.441191,23.718427],[90.441093,23.718313],[90.441001,23.718194],[90.440914,23.718071],[90.440833,23.717945],[90.440759,23.717814],[90.44069,23.71768],[90.440628,23.717544],[90.440573,23.717404],[90.440524,23.717262],[90.440508,23.717208],[90.440482,23.717118],[90.440446,23.716971],[90.440418,23.716824],[90.440397,23.716675],[90.440383,23.716526],[90.440383,23.716525],[90.440375,23.716375],[90.440375,23.716225],[90.440382,23.716075],[90.440401,23.715796],[90.440364,23.715791],[90.439728,23.715724],[90.4391,23.715613],[90.438744,23.7155],[90.43787,23.715249],[90.437569,23.715101],[90.436721,23.714728],[90.436582,23.714633],[90.436498,23.714574],[90.436366,23.714565],[90.436287,23.714606],[90.436225,23.714584],[90.436219,23.714491],[90.436261,23.714355],[90.436232,23.714269],[90.436149,23.714138],[90.436009,23.714107],[90.435847,23.714047],[90.435676,23.71403],[90.435605,23.714086],[90.435557,23.71415],[90.435462,23.714213],[90.435291,23.714203],[90.435058,23.714199],[90.434918,23.714211],[90.4348,23.714252],[90.434589,23.714299],[90.434379,23.71431],[90.434222,23.714386],[90.433987,23.714468],[90.433761,23.714471],[90.433372,23.714479],[90.433005,23.71453],[90.432084,23.714666],[90.431274,23.714294],[90.43075,23.71402],[90.43068,23.714033],[90.43042,23.714187],[90.430185,23.714312],[90.430012,23.714395],[90.429791,23.714527],[90.429418,23.714535],[90.429284,23.714576],[90.429189,23.714682],[90.429139,23.714846],[90.42903,23.714858],[90.428978,23.714861],[90.428994,23.714933],[90.429043,23.715178],[90.429084,23.715424],[90.42912,23.715672],[90.429148,23.71592],[90.429119,23.715986],[90.429095,23.716039],[90.429037,23.716155],[90.428975,23.716268],[90.428907,23.716379],[90.428835,23.716487],[90.428758,23.716591],[90.428542,23.716605],[90.428325,23.716615],[90.428289,23.71663],[90.428257,23.716651],[90.428228,23.716676],[90.428203,23.716706],[90.428182,23.716739],[90.428068,23.71674],[90.427659,23.716743],[90.42726,23.716743],[90.427135,23.716743],[90.426612,23.716739],[90.426088,23.716729],[90.426248,23.717031],[90.426401,23.717336],[90.426548,23.717645],[90.426689,23.717956],[90.426823,23.71827],[90.426951,23.718587],[90.426989,23.718685],[90.427073,23.718906],[90.427187,23.719228],[90.427271,23.719571],[90.427321,23.720245],[90.427396,23.720347],[90.427604,23.720344],[90.428194,23.720337],[90.428356,23.720375],[90.428497,23.720413],[90.42862,23.720469],[90.428729,23.720519],[90.428864,23.720599],[90.428909,23.720025],[90.428921,23.719884],[90.428951,23.71956],[90.42896,23.719452],[90.429019,23.718879],[90.429085,23.718307],[90.429508,23.718277],[90.429931,23.718253],[90.430355,23.718234],[90.430779,23.71822],[90.431202,23.718212],[90.43124,23.718169],[90.431282,23.718131],[90.431327,23.718097],[90.431377,23.718068],[90.431429,23.718045],[90.431492,23.71811],[90.43155,23.718179],[90.431603,23.718251],[90.431652,23.718327],[90.431695,23.718406],[90.431732,23.718488],[90.431764,23.718573],[90.43179,23.718659],[90.431809,23.718747],[90.431807,23.719104],[90.431811,23.719461],[90.431821,23.719818],[90.431931,23.720223],[90.432046,23.720626],[90.432166,23.721027],[90.432292,23.721427],[90.432423,23.721825],[90.432559,23.722221],[90.4325,23.722304],[90.432444,23.722389],[90.432392,23.722477],[90.432345,23.722566],[90.432418,23.722574],[90.432492,23.722582],[90.432678,23.722601],[90.433012,23.72263],[90.433347,23.722651],[90.433682,23.722667],[90.434018,23.722675],[90.434353,23.722678],[90.434688,23.722673],[90.434755,23.72265],[90.434819,23.722621],[90.43488,23.722585],[90.434915,23.72256],[90.434937,23.722544],[90.43499,23.722497],[90.435038,23.722445],[90.43508,23.722389],[90.435117,23.722328],[90.435154,23.7222],[90.435186,23.722071],[90.435212,23.72194],[90.435234,23.721809],[90.435249,23.721676],[90.435259,23.721543],[90.435493,23.721489],[90.435729,23.721442],[90.435965,23.721402],[90.436203,23.721368],[90.436441,23.721342],[90.43668,23.721323],[90.43692,23.721311],[90.43716,23.721307],[90.4374,23.721309],[90.43764,23.721318]]]}},{"type":"Feature","properties":{"Ward_Name":"DCC South W-50","Exposure":0.64538537,"Sensitivity":0.37250039,"Adaptive_Capacity":-0.04031046,"Exposure_s":0.70226445,"Sensitivity_s":0.43469229,"Adaptive_s":0.23250427,"HVI_raw":0.28913816,"HVI":0.71713664,"HVI_Class":"High","Rank":43.0,"Corporation":"DSCC","Area_m2":850908.65087887,"LST_mean":33.35764499,"Road_Density":38.66,"industry%":9.932,"Pop_Density":57046.62910252,"SVF_mean":0.69935207,"Poverty_HCR":9.4,"build_km2":3246.486,"informal%":6.99,"NDBI_media":0.03846036,"Green%":0.338,"Blue%":5.767,"Hosp_count":1.0,"NTL_median":27.78416634,"unit_id":"DCC South W-50","name":"DCC South W-50","imputed":[],"center":[90.434338,23.707144]},"geometry":{"type":"Polygon","coordinates":[[[90.441371,23.710499],[90.441297,23.710278],[90.441082,23.70963],[90.440892,23.70924],[90.440721,23.708979],[90.440063,23.7084],[90.439375,23.707831],[90.439001,23.707522],[90.438569,23.707071],[90.438547,23.70687],[90.43853,23.706669],[90.438465,23.706276],[90.438465,23.705779],[90.438522,23.705489],[90.438599,23.705256],[90.438666,23.705014],[90.438749,23.704786],[90.438842,23.704544],[90.438891,23.704397],[90.439022,23.704074],[90.439046,23.703883],[90.439044,23.703726],[90.438965,23.703543],[90.438843,23.703383],[90.438646,23.703131],[90.43832,23.702816],[90.438033,23.702634],[90.437907,23.702552],[90.437452,23.702459],[90.437288,23.702452],[90.437093,23.702431],[90.436939,23.702386],[90.436797,23.70233],[90.436724,23.702308],[90.436538,23.702267],[90.436395,23.702239],[90.436219,23.702239],[90.43612,23.702265],[90.436033,23.702294],[90.436028,23.702295],[90.435762,23.70242],[90.435339,23.702772],[90.435275,23.702705],[90.435213,23.70277],[90.435106,23.702917],[90.435027,23.703011],[90.434896,23.703063],[90.434721,23.703072],[90.434598,23.70304],[90.434548,23.70295],[90.434471,23.70293],[90.434373,23.702947],[90.434262,23.702999],[90.434065,23.703097],[90.433927,23.70319],[90.433776,23.703289],[90.433677,23.703383],[90.433532,23.703536],[90.4334,23.703641],[90.433334,23.703688],[90.433274,23.703758],[90.43324,23.703853],[90.433231,23.704003],[90.433272,23.70423],[90.433269,23.704379],[90.433266,23.704517],[90.433197,23.704742],[90.433142,23.704897],[90.433088,23.704985],[90.432989,23.705067],[90.432871,23.705137],[90.432727,23.705224],[90.43257,23.705305],[90.432334,23.705409],[90.432139,23.705465],[90.431792,23.705603],[90.431577,23.705677],[90.431335,23.705774],[90.430941,23.706048],[90.430637,23.70633],[90.430466,23.706452],[90.43034,23.706564],[90.430208,23.706705],[90.430141,23.706793],[90.430001,23.707],[90.429934,23.707142],[90.429905,23.707267],[90.42989,23.707362],[90.429883,23.707404],[90.429771,23.707486],[90.429646,23.707561],[90.429476,23.707672],[90.428865,23.708074],[90.42859,23.708188],[90.428328,23.708339],[90.428084,23.70852],[90.427637,23.708853],[90.427223,23.709115],[90.426365,23.709561],[90.425827,23.709865],[90.425687,23.709918],[90.425546,23.709965],[90.425402,23.710006],[90.425323,23.710025],[90.425323,23.710032],[90.425876,23.709993],[90.426255,23.710225],[90.426888,23.710528],[90.427054,23.710607],[90.427447,23.710739],[90.427997,23.710811],[90.428478,23.710975],[90.428875,23.711275],[90.429281,23.711749],[90.429364,23.711937],[90.430803,23.711128],[90.431093,23.711019],[90.431385,23.710916],[90.431679,23.710821],[90.431975,23.710731],[90.432273,23.710649],[90.432573,23.710573],[90.432875,23.710505],[90.433178,23.710443],[90.433483,23.710388],[90.434209,23.710119],[90.434481,23.710142],[90.434694,23.710175],[90.434965,23.710245],[90.435088,23.710295],[90.435241,23.710381],[90.435422,23.710456],[90.435692,23.710544],[90.435872,23.710612],[90.436084,23.710717],[90.436258,23.71081],[90.436515,23.710898],[90.436703,23.710931],[90.43731,23.711036],[90.438029,23.71106],[90.438354,23.71106],[90.438568,23.711027],[90.438803,23.710983],[90.439018,23.710933],[90.439278,23.710866],[90.439578,23.710811],[90.439805,23.710773],[90.440046,23.710729],[90.440203,23.71069],[90.440492,23.710659],[90.440781,23.710628],[90.441371,23.710499]]]}},{"type":"Feature","properties":{"Ward_Name":"DCC South W-51","Exposure":0.16396972,"Sensitivity":0.93041411,"Adaptive_Capacity":-0.39026194,"Exposure_s":0.56920957,"Sensitivity_s":0.55818494,"Adaptive_s":0.09466193,"HVI_raw":0.34222617,"HVI":0.79244342,"HVI_Class":"High","Rank":13.0,"Corporation":"DSCC","Area_m2":648871.87503463,"LST_mean":33.66774948,"Road_Density":24.08,"industry%":0.0,"Pop_Density":44022.31558796,"SVF_mean":0.6558506,"Poverty_HCR":9.3,"build_km2":4294.374,"informal%":21.24,"NDBI_media":0.04975639,"Green%":0.16,"Blue%":0.379,"Hosp_count":1.0,"NTL_median":23.88916588,"unit_id":"DCC South W-51","name":"DCC South W-51","imputed":[],"center":[90.430493,23.70391]},"geometry":{"type":"Polygon","coordinates":[[[90.435505,23.698101],[90.435414,23.69809],[90.435347,23.69808],[90.435288,23.698064],[90.435247,23.698042],[90.435175,23.698012],[90.435118,23.697983],[90.435062,23.697946],[90.435008,23.697909],[90.434972,23.69788],[90.434898,23.69786],[90.43482,23.697858],[90.434752,23.697872],[90.4347,23.697902],[90.43467,23.697956],[90.434675,23.697992],[90.434681,23.698042],[90.434704,23.698079],[90.434729,23.698117],[90.434754,23.698153],[90.434774,23.698199],[90.434786,23.698249],[90.434788,23.698297],[90.434795,23.69834],[90.434799,23.698417],[90.434803,23.698467],[90.434799,23.698527],[90.434804,23.698558],[90.434794,23.698639],[90.434785,23.698698],[90.434764,23.698741],[90.43474,23.69875],[90.434696,23.69875],[90.43466,23.698732],[90.434616,23.69871],[90.434588,23.698688],[90.434532,23.698649],[90.434496,23.698643],[90.434413,23.698652],[90.434358,23.698667],[90.434303,23.698683],[90.434248,23.698733],[90.434232,23.698759],[90.434215,23.698794],[90.434201,23.698851],[90.434185,23.698896],[90.434163,23.698944],[90.434145,23.698967],[90.434098,23.698983],[90.434061,23.69898],[90.433994,23.698972],[90.433927,23.698968],[90.433844,23.698967],[90.433774,23.698968],[90.433688,23.698969],[90.433623,23.698973],[90.433576,23.698984],[90.433513,23.699016],[90.433466,23.699042],[90.433417,23.699053],[90.433373,23.69906],[90.433308,23.699068],[90.433263,23.699065],[90.433094,23.699067],[90.432991,23.699067],[90.43291,23.699074],[90.43284,23.699077],[90.432787,23.699084],[90.432745,23.699097],[90.432712,23.699123],[90.432679,23.699148],[90.432631,23.699173],[90.432566,23.6992],[90.432505,23.699215],[90.432454,23.699233],[90.432437,23.699266],[90.432429,23.69928],[90.432416,23.699379],[90.432401,23.699474],[90.432393,23.699507],[90.432375,23.699557],[90.432363,23.699591],[90.432347,23.69961],[90.432303,23.699636],[90.432278,23.69965],[90.432232,23.699682],[90.43219,23.699691],[90.432175,23.699691],[90.432159,23.69968],[90.432147,23.699654],[90.43214,23.699625],[90.432132,23.69959],[90.432101,23.699552],[90.432056,23.699539],[90.432014,23.699538],[90.431991,23.699546],[90.431953,23.699559],[90.431929,23.699581],[90.431902,23.699612],[90.431874,23.699653],[90.431859,23.699683],[90.431846,23.699713],[90.431834,23.699743],[90.431817,23.699776],[90.431791,23.699838],[90.431784,23.69988],[90.431775,23.699914],[90.431785,23.699956],[90.431803,23.700017],[90.431814,23.700052],[90.431817,23.700085],[90.431808,23.700124],[90.431785,23.700145],[90.431751,23.70017],[90.431709,23.700178],[90.431667,23.700183],[90.431627,23.700179],[90.431608,23.700178],[90.431585,23.700174],[90.431551,23.700154],[90.431518,23.700113],[90.431495,23.700078],[90.431485,23.700029],[90.43149,23.699988],[90.431502,23.699934],[90.431508,23.699907],[90.431526,23.699749],[90.431537,23.699602],[90.431527,23.699559],[90.431501,23.699531],[90.431469,23.699515],[90.431383,23.699512],[90.431277,23.699516],[90.431194,23.699527],[90.43114,23.699551],[90.431113,23.699572],[90.431079,23.699601],[90.431054,23.699641],[90.431034,23.699678],[90.431005,23.699722],[90.430981,23.699777],[90.430968,23.699809],[90.430915,23.699914],[90.430881,23.699975],[90.430866,23.700011],[90.430842,23.700052],[90.430812,23.700063],[90.430786,23.700062],[90.430748,23.700062],[90.430705,23.700047],[90.430665,23.700025],[90.430631,23.699993],[90.430607,23.699969],[90.430564,23.69992],[90.430537,23.699888],[90.430496,23.699858],[90.43045,23.699848],[90.430421,23.699849],[90.43039,23.699858],[90.430349,23.699888],[90.430323,23.699919],[90.430288,23.699947],[90.430247,23.699989],[90.430218,23.700001],[90.43015,23.700001],[90.430086,23.699992],[90.430031,23.699981],[90.429975,23.699963],[90.429963,23.699957],[90.429888,23.700092],[90.429799,23.700253],[90.429496,23.700813],[90.429282,23.701198],[90.429105,23.701511],[90.429066,23.701581],[90.428846,23.701962],[90.428495,23.702584],[90.428283,23.702952],[90.428139,23.703202],[90.427779,23.703819],[90.427415,23.704432],[90.427124,23.704948],[90.426829,23.705461],[90.426529,23.705972],[90.426226,23.706481],[90.426124,23.706625],[90.426027,23.706772],[90.425936,23.706923],[90.425851,23.707078],[90.425772,23.707235],[90.425698,23.707396],[90.425631,23.707559],[90.425592,23.707664],[90.42557,23.707724],[90.425515,23.707892],[90.425466,23.708062],[90.425424,23.708233],[90.425389,23.708406],[90.42536,23.70858],[90.425337,23.708755],[90.425323,23.710025],[90.425402,23.710006],[90.425546,23.709965],[90.425687,23.709918],[90.425827,23.709865],[90.426365,23.709561],[90.427223,23.709115],[90.427637,23.708853],[90.428084,23.70852],[90.428328,23.708339],[90.42859,23.708188],[90.428865,23.708074],[90.429476,23.707672],[90.429646,23.707561],[90.429771,23.707486],[90.429883,23.707404],[90.42989,23.707362],[90.429905,23.707267],[90.429934,23.707142],[90.430001,23.707],[90.430141,23.706793],[90.430208,23.706705],[90.43034,23.706564],[90.430466,23.706452],[90.430637,23.70633],[90.430941,23.706048],[90.431335,23.705774],[90.431577,23.705677],[90.431792,23.705603],[90.432139,23.705465],[90.432334,23.705409],[90.43257,23.705305],[90.432727,23.705224],[90.432871,23.705137],[90.432989,23.705067],[90.433088,23.704985],[90.433142,23.704897],[90.433197,23.704742],[90.433266,23.704517],[90.433269,23.704379],[90.433272,23.70423],[90.433231,23.704003],[90.43324,23.703853],[90.433274,23.703758],[90.433334,23.703688],[90.4334,23.703641],[90.433532,23.703536],[90.433677,23.703383],[90.433776,23.703289],[90.433927,23.70319],[90.434065,23.703097],[90.434262,23.702999],[90.434373,23.702947],[90.434471,23.70293],[90.434548,23.70295],[90.434598,23.70304],[90.434721,23.703072],[90.434896,23.703063],[90.435027,23.703011],[90.435106,23.702917],[90.435213,23.70277],[90.435275,23.702705],[90.435339,23.702772],[90.435762,23.70242],[90.436028,23.702295],[90.436033,23.702294],[90.43612,23.702265],[90.43612,23.702265],[90.436219,23.702239],[90.436395,23.702239],[90.436538,23.702267],[90.436724,23.702308],[90.436724,23.702308],[90.436797,23.70233],[90.436939,23.702386],[90.437093,23.702431],[90.437288,23.702452],[90.437452,23.702459],[90.437907,23.702552],[90.437859,23.702521],[90.437794,23.702425],[90.437839,23.702234],[90.437879,23.702015],[90.437937,23.701744],[90.438016,23.701416],[90.438119,23.701193],[90.438194,23.701022],[90.43833,23.700912],[90.438284,23.700825],[90.438227,23.700763],[90.4382,23.700731],[90.438084,23.700693],[90.438022,23.700685],[90.43784,23.700649],[90.437747,23.700637],[90.437665,23.700629],[90.437533,23.700626],[90.437421,23.700614],[90.437327,23.700605],[90.437227,23.700578],[90.437115,23.70053],[90.437007,23.700492],[90.436875,23.700472],[90.436678,23.700408],[90.436616,23.700382],[90.436461,23.700333],[90.43638,23.700299],[90.436287,23.700283],[90.436159,23.700249],[90.436074,23.700244],[90.435976,23.700253],[90.435933,23.70027],[90.435835,23.700308],[90.435765,23.700332],[90.435707,23.700331],[90.435606,23.700315],[90.435556,23.700282],[90.43553,23.700206],[90.435508,23.700142],[90.435498,23.700073],[90.435503,23.69998],[90.435523,23.699791],[90.435551,23.699526],[90.435676,23.698104],[90.435583,23.698103],[90.435505,23.698101]]]}},{"type":"Feature","properties":{"Ward_Name":"DCC South W-52","Exposure":0.4071004,"Sensitivity":1.29529771,"Adaptive_Capacity":-0.54105646,"Exposure_s":0.63640665,"Sensitivity_s":0.63895091,"Adaptive_s":0.0352655,"HVI_raw":0.41183883,"HVI":0.8911909,"HVI_Class":"Very High","Rank":4.0,"Corporation":"DSCC","Area_m2":504894.12746991,"LST_mean":34.62446106,"Road_Density":31.6,"industry%":0.0,"Pop_Density":31194.69355408,"SVF_mean":0.70210624,"Poverty_HCR":8.4,"build_km2":5992.665,"informal%":28.1,"NDBI_media":0.04048071,"Green%":0.118,"Blue%":0.0,"Hosp_count":0.0,"NTL_median":21.59166718,"unit_id":"DCC South W-52","name":"DCC South W-52","imputed":[],"center":[90.439224,23.696424]},"geometry":{"type":"Polygon","coordinates":[[[90.442627,23.697033],[90.442649,23.696854],[90.442749,23.695958],[90.442801,23.694894],[90.442938,23.694801],[90.443137,23.694675],[90.443356,23.694612],[90.443622,23.694535],[90.443742,23.694002],[90.443779,23.693692],[90.443799,23.693425],[90.443708,23.693333],[90.443538,23.693282],[90.443373,23.693227],[90.443286,23.693158],[90.443237,23.693005],[90.443223,23.692919],[90.442837,23.692799],[90.442339,23.692533],[90.441842,23.692253],[90.441642,23.692144],[90.441585,23.692143],[90.441522,23.692147],[90.441495,23.692218],[90.441466,23.69238],[90.441459,23.692457],[90.441421,23.692561],[90.441379,23.692598],[90.441264,23.69262],[90.441119,23.692618],[90.440922,23.692615],[90.440735,23.692607],[90.44058,23.6926],[90.440492,23.692555],[90.440395,23.692482],[90.440298,23.692409],[90.44023,23.692446],[90.440197,23.692522],[90.44021,23.692656],[90.44024,23.692713],[90.440389,23.692821],[90.440476,23.69288],[90.440454,23.692946],[90.440401,23.693007],[90.440347,23.693092],[90.440304,23.693168],[90.44023,23.693229],[90.440146,23.693304],[90.440077,23.693403],[90.439992,23.693507],[90.439892,23.693563],[90.439845,23.693548],[90.439805,23.693485],[90.439744,23.693436],[90.439682,23.693411],[90.439593,23.693443],[90.439545,23.693519],[90.43957,23.693595],[90.43963,23.693682],[90.439748,23.693775],[90.439782,23.693867],[90.439745,23.693904],[90.439651,23.693955],[90.439594,23.693949],[90.439496,23.6939],[90.439398,23.693889],[90.43933,23.693902],[90.439266,23.694001],[90.439063,23.694046],[90.438861,23.694042],[90.43871,23.694049],[90.438626,23.694091],[90.438516,23.694156],[90.438396,23.694221],[90.43826,23.694247],[90.43813,23.694269],[90.438015,23.694324],[90.437895,23.694356],[90.437802,23.69435],[90.43773,23.694286],[90.437674,23.694257],[90.437616,23.694275],[90.437599,23.694361],[90.437592,23.694461],[90.437563,23.694613],[90.43752,23.694694],[90.437431,23.694759],[90.437376,23.694887],[90.437311,23.695034],[90.437262,23.695167],[90.437191,23.695366],[90.437077,23.695589],[90.437033,23.695727],[90.436959,23.695778],[90.436877,23.695777],[90.436752,23.695756],[90.436624,23.69571],[90.436546,23.695695],[90.436474,23.695646],[90.436424,23.695588],[90.436379,23.695511],[90.436301,23.695481],[90.436229,23.695479],[90.436135,23.695492],[90.436072,23.695515],[90.436056,23.695558],[90.435993,23.695581],[90.435936,23.69558],[90.435874,23.695569],[90.435797,23.695558],[90.435601,23.695554],[90.435638,23.695694],[90.435681,23.695884],[90.435717,23.696076],[90.435746,23.696269],[90.435769,23.696463],[90.435785,23.696658],[90.435793,23.696853],[90.435795,23.697049],[90.43579,23.697244],[90.435778,23.697439],[90.435759,23.697633],[90.435676,23.698104],[90.435551,23.699526],[90.435523,23.699791],[90.435503,23.69998],[90.435498,23.700073],[90.435508,23.700142],[90.43553,23.700206],[90.435556,23.700282],[90.435606,23.700315],[90.435707,23.700331],[90.435765,23.700332],[90.435835,23.700308],[90.435933,23.70027],[90.435976,23.700253],[90.436074,23.700244],[90.436159,23.700249],[90.436287,23.700283],[90.43638,23.700299],[90.436461,23.700333],[90.436616,23.700382],[90.436678,23.700408],[90.436875,23.700472],[90.437007,23.700492],[90.437115,23.70053],[90.437227,23.700578],[90.437327,23.700605],[90.437421,23.700614],[90.437533,23.700626],[90.437665,23.700629],[90.437747,23.700637],[90.43784,23.700649],[90.438022,23.700685],[90.438084,23.700693],[90.4382,23.700731],[90.438227,23.700763],[90.438284,23.700825],[90.43833,23.700912],[90.438395,23.700858],[90.438577,23.700823],[90.438813,23.700445],[90.43898,23.700376],[90.43919,23.70026],[90.439193,23.700112],[90.439112,23.699987],[90.43895,23.699812],[90.438937,23.69964],[90.439162,23.699567],[90.439375,23.699523],[90.4395,23.699511],[90.439677,23.699456],[90.439788,23.699386],[90.44012,23.699373],[90.440378,23.69942],[90.440579,23.699529],[90.440668,23.699731],[90.440664,23.699936],[90.440769,23.700124],[90.440939,23.700198],[90.441223,23.700256],[90.44138,23.700177],[90.441549,23.700037],[90.441704,23.699819],[90.441812,23.699573],[90.442095,23.699186],[90.442207,23.699016],[90.442321,23.698736],[90.442399,23.698493],[90.442446,23.698217],[90.442478,23.697902],[90.442605,23.697212],[90.442627,23.697033]]]}},{"type":"Feature","properties":{"Ward_Name":"DCC South W-53","Exposure":0.40317118,"Sensitivity":1.35539249,"Adaptive_Capacity":-0.51792353,"Exposure_s":0.63532068,"Sensitivity_s":0.65225272,"Adaptive_s":0.04437733,"HVI_raw":0.41339668,"HVI":0.89340075,"HVI_Class":"Very High","Rank":3.0,"Corporation":"DSCC","Area_m2":345100.77745885,"LST_mean":33.81557546,"Road_Density":37.62,"industry%":0.0,"Pop_Density":17492.85610506,"SVF_mean":0.68027522,"Poverty_HCR":8.4,"build_km2":5814.965,"informal%":31.98,"NDBI_media":0.04189801,"Green%":0.003,"Blue%":0.0,"Hosp_count":2.0,"NTL_median":16.96750069,"unit_id":"DCC South W-53","name":"DCC South W-53","imputed":[],"center":[90.437736,23.692931]},"geometry":{"type":"Polygon","coordinates":[[[90.434482,23.693484],[90.434699,23.693733],[90.434799,23.693837],[90.434894,23.693945],[90.434983,23.694058],[90.435068,23.694175],[90.435147,23.694295],[90.43522,23.694419],[90.435288,23.694547],[90.435349,23.694677],[90.435405,23.69481],[90.435454,23.694945],[90.435497,23.695083],[90.435534,23.695222],[90.435564,23.695363],[90.435588,23.695505],[90.435601,23.695554],[90.435797,23.695558],[90.435874,23.695569],[90.435936,23.69558],[90.435993,23.695581],[90.436056,23.695558],[90.436072,23.695515],[90.436135,23.695492],[90.436229,23.695479],[90.436301,23.695481],[90.436379,23.695511],[90.436424,23.695588],[90.436474,23.695646],[90.436546,23.695695],[90.436624,23.69571],[90.436752,23.695756],[90.436877,23.695777],[90.436959,23.695778],[90.437033,23.695727],[90.437077,23.695589],[90.437191,23.695366],[90.437262,23.695167],[90.437311,23.695034],[90.437376,23.694887],[90.437431,23.694759],[90.43752,23.694694],[90.437563,23.694613],[90.437592,23.694461],[90.437599,23.694361],[90.437616,23.694275],[90.437674,23.694257],[90.43773,23.694286],[90.437802,23.69435],[90.437895,23.694356],[90.438015,23.694324],[90.43813,23.694269],[90.43826,23.694247],[90.438396,23.694221],[90.438516,23.694156],[90.438626,23.694091],[90.43871,23.694049],[90.438861,23.694042],[90.439063,23.694046],[90.439266,23.694001],[90.43933,23.693902],[90.439398,23.693889],[90.439496,23.6939],[90.439594,23.693949],[90.439651,23.693955],[90.439745,23.693904],[90.439782,23.693867],[90.439748,23.693775],[90.43963,23.693682],[90.43957,23.693595],[90.439545,23.693519],[90.439593,23.693443],[90.439682,23.693411],[90.439744,23.693436],[90.439805,23.693485],[90.439845,23.693548],[90.439892,23.693563],[90.439992,23.693507],[90.440077,23.693403],[90.440146,23.693304],[90.44023,23.693229],[90.440304,23.693168],[90.440347,23.693092],[90.440401,23.693007],[90.440454,23.692946],[90.440476,23.69288],[90.440389,23.692821],[90.44024,23.692713],[90.44021,23.692656],[90.440197,23.692522],[90.44023,23.692446],[90.440298,23.692409],[90.440395,23.692482],[90.440492,23.692555],[90.44058,23.6926],[90.440735,23.692607],[90.440922,23.692615],[90.441119,23.692618],[90.441264,23.69262],[90.441379,23.692598],[90.441421,23.692561],[90.441459,23.692457],[90.441466,23.69238],[90.441495,23.692218],[90.441522,23.692147],[90.441585,23.692143],[90.441642,23.692144],[90.441842,23.692253],[90.442339,23.692533],[90.442837,23.692799],[90.443223,23.692919],[90.443298,23.692791],[90.44345,23.692731],[90.443632,23.692701],[90.443944,23.692673],[90.444349,23.692651],[90.44454,23.692692],[90.444693,23.692838],[90.444833,23.693079],[90.444975,23.693244],[90.445068,23.693274],[90.445177,23.69329],[90.445233,23.693329],[90.445298,23.693454],[90.445399,23.693571],[90.445544,23.693626],[90.445797,23.693649],[90.445871,23.693593],[90.445974,23.693365],[90.446025,23.693156],[90.446045,23.692903],[90.446205,23.692442],[90.446361,23.692144],[90.44648,23.691864],[90.446562,23.691651],[90.446635,23.691356],[90.446659,23.691189],[90.446668,23.690998],[90.446672,23.690807],[90.446674,23.690695],[90.445137,23.690712],[90.443858,23.690968],[90.443614,23.690825],[90.443275,23.690861],[90.44121,23.690968],[90.439836,23.691194],[90.438534,23.690553],[90.437647,23.690117],[90.437364,23.690418],[90.434482,23.693484]]]}},{"type":"Feature","properties":{"Ward_Name":"DCC South W-54","Exposure":0.62497844,"Sensitivity":0.90359496,"Adaptive_Capacity":-0.09780814,"Exposure_s":0.69662433,"Sensitivity_s":0.55224859,"Adaptive_s":0.20985651,"HVI_raw":0.33870669,"HVI":0.78745096,"HVI_Class":"High","Rank":14.0,"Corporation":"DSCC","Area_m2":1126097.12944104,"LST_mean":33.90478473,"Road_Density":27.78,"industry%":10.831,"Pop_Density":130548.3828125,"SVF_mean":0.72184935,"Poverty_HCR":9.1,"build_km2":4428.09,"informal%":25.17,"NDBI_media":0.02218241,"Green%":3.696,"Blue%":0.604,"Hosp_count":6.0,"NTL_median":18.01291656,"unit_id":"DCC South W-54","name":"DCC South W-54","imputed":[],"center":[90.430351,23.69407]},"geometry":{"type":"MultiPolygon","coordinates":[[[[90.448622,23.690433],[90.448906,23.690418],[90.448979,23.690415],[90.449164,23.690427],[90.449372,23.690504],[90.449401,23.690513],[90.449404,23.690365],[90.449315,23.690139],[90.44924,23.689966],[90.448877,23.689429],[90.448633,23.689167],[90.448422,23.688858],[90.448396,23.6886],[90.448405,23.688366],[90.448351,23.688236],[90.44814,23.688142],[90.447917,23.688129],[90.447694,23.688116],[90.447442,23.68803],[90.447345,23.687966],[90.447317,23.687789],[90.447257,23.687674],[90.447139,23.687581],[90.447068,23.687537],[90.447054,23.687436],[90.447052,23.687274],[90.447056,23.687083],[90.446886,23.68701],[90.446703,23.687093],[90.446563,23.687067],[90.446197,23.687078],[90.446035,23.68704],[90.44574,23.686963],[90.445556,23.686867],[90.445387,23.686757],[90.445223,23.686747],[90.445083,23.686759],[90.44491,23.686842],[90.444762,23.686854],[90.444639,23.686802],[90.444603,23.686665],[90.44455,23.686586],[90.444379,23.686554],[90.444177,23.686544],[90.444028,23.686613],[90.443778,23.686637],[90.443623,23.686656],[90.443474,23.686675],[90.443388,23.686717],[90.443369,23.68691],[90.443365,23.687096],[90.443302,23.687933],[90.443277,23.688005],[90.443095,23.688174],[90.442985,23.688243],[90.442837,23.688255],[90.442681,23.688267],[90.44244,23.688249],[90.442145,23.688201],[90.44164,23.688185],[90.441384,23.688167],[90.441157,23.688192],[90.441048,23.688219],[90.440828,23.688351],[90.440724,23.688457],[90.440613,23.688591],[90.440509,23.68874],[90.440062,23.688926],[90.43978,23.689007],[90.439578,23.689018],[90.43932,23.68905],[90.43907,23.68911],[90.438974,23.689266],[90.438823,23.68983],[90.438745,23.690215],[90.438679,23.690415],[90.438591,23.690528],[90.438534,23.690553],[90.439836,23.691194],[90.44121,23.690968],[90.443275,23.690861],[90.443614,23.690825],[90.443858,23.690968],[90.445137,23.690712],[90.446674,23.690695],[90.447742,23.690683],[90.448319,23.690569],[90.448468,23.690474],[90.448622,23.690433]]],[[[90.426314,23.689445],[90.426116,23.689766],[90.425653,23.690582],[90.425406,23.690912],[90.425405,23.690914],[90.42573,23.691112],[90.426173,23.690952],[90.426358,23.690844],[90.426676,23.69067],[90.427168,23.690206],[90.427279,23.690213],[90.427476,23.690427],[90.427542,23.690498],[90.427544,23.690501],[90.427542,23.690498],[90.42753,23.6905],[90.427501,23.690518],[90.427532,23.69056],[90.427564,23.690614],[90.427633,23.690738],[90.427664,23.690792],[90.427724,23.690898],[90.427735,23.690952],[90.427738,23.691143],[90.427756,23.691227],[90.427761,23.691283],[90.427757,23.691364],[90.427752,23.691453],[90.427734,23.691525],[90.427729,23.691611],[90.427701,23.691718],[90.427689,23.691834],[90.427671,23.691909],[90.427605,23.692457],[90.427603,23.692755],[90.427608,23.692974],[90.427602,23.693126],[90.427588,23.693209],[90.427506,23.693235],[90.427324,23.693237],[90.427221,23.693236],[90.427117,23.693231],[90.427017,23.693211],[90.426923,23.693207],[90.426738,23.693237],[90.42665,23.693265],[90.426555,23.693284],[90.426441,23.693306],[90.426344,23.693317],[90.426236,23.693345],[90.42619,23.693365],[90.426121,23.693426],[90.426065,23.693473],[90.425972,23.693603],[90.425918,23.693695],[90.425699,23.693966],[90.425604,23.694021],[90.425542,23.694053],[90.425466,23.694111],[90.425409,23.694191],[90.425359,23.694271],[90.425299,23.694332],[90.42525,23.694382],[90.425189,23.694486],[90.425136,23.694574],[90.42511,23.694729],[90.42508,23.694764],[90.425044,23.694803],[90.424978,23.694846],[90.424899,23.694893],[90.424834,23.694936],[90.424761,23.695016],[90.424714,23.69509],[90.424661,23.695152],[90.424523,23.695391],[90.424627,23.695417],[90.424736,23.695445],[90.424849,23.695471],[90.425008,23.695495],[90.425101,23.695514],[90.425217,23.695555],[90.425333,23.695599],[90.425481,23.695652],[90.425651,23.695729],[90.425754,23.6958],[90.425859,23.695867],[90.425946,23.695925],[90.426148,23.696033],[90.426454,23.696119],[90.426689,23.696209],[90.426834,23.696259],[90.426941,23.696261],[90.427022,23.696254],[90.427126,23.696225],[90.427207,23.696242],[90.427226,23.69626],[90.427248,23.696293],[90.427276,23.696353],[90.427301,23.696404],[90.427332,23.696474],[90.427376,23.696552],[90.427417,23.696618],[90.427432,23.696699],[90.427433,23.696804],[90.427438,23.696852],[90.427479,23.696936],[90.427516,23.697002],[90.427558,23.697054],[90.427599,23.697075],[90.427654,23.697081],[90.427719,23.697074],[90.427812,23.697072],[90.427902,23.697071],[90.427997,23.697075],[90.428082,23.697078],[90.428163,23.697083],[90.428233,23.697092],[90.428287,23.697112],[90.428319,23.697141],[90.428343,23.697182],[90.428371,23.697251],[90.428375,23.697287],[90.428368,23.697324],[90.428328,23.697355],[90.428311,23.69737],[90.428294,23.69738],[90.428277,23.697406],[90.428277,23.697412],[90.428295,23.697416],[90.428319,23.697415],[90.428418,23.697422],[90.428568,23.697439],[90.428702,23.697479],[90.428743,23.697518],[90.428773,23.697576],[90.428797,23.697648],[90.428812,23.69771],[90.428877,23.697807],[90.428919,23.697807],[90.429053,23.69781],[90.429157,23.697811],[90.429266,23.697808],[90.429437,23.697802],[90.429541,23.697804],[90.429645,23.69781],[90.429821,23.697818],[90.429909,23.697824],[90.43008,23.697841],[90.430178,23.697876],[90.430214,23.697901],[90.430233,23.697958],[90.430237,23.69802],[90.430256,23.698102],[90.430255,23.698164],[90.430269,23.698265],[90.430299,23.698313],[90.43034,23.698337],[90.430417,23.698353],[90.43051,23.698378],[90.430623,23.698447],[90.430679,23.698505],[90.430752,23.698577],[90.430743,23.698591],[90.430682,23.698696],[90.430476,23.699049],[90.430427,23.699134],[90.430423,23.699141],[90.430196,23.699539],[90.430108,23.699695],[90.430068,23.699767],[90.430015,23.699862],[90.429963,23.699957],[90.429975,23.699963],[90.430031,23.699981],[90.430086,23.699992],[90.43015,23.700001],[90.430218,23.700001],[90.430247,23.699989],[90.430288,23.699947],[90.430323,23.699919],[90.430349,23.699888],[90.43039,23.699858],[90.430421,23.699849],[90.43045,23.699848],[90.430496,23.699858],[90.430537,23.699888],[90.430564,23.69992],[90.430607,23.699969],[90.430631,23.699993],[90.430665,23.700025],[90.430705,23.700047],[90.430748,23.700062],[90.430786,23.700062],[90.430812,23.700063],[90.430842,23.700052],[90.430866,23.700011],[90.430881,23.699975],[90.430915,23.699914],[90.430968,23.699809],[90.430981,23.699777],[90.431005,23.699722],[90.431034,23.699678],[90.431054,23.699641],[90.431079,23.699601],[90.431113,23.699572],[90.43114,23.699551],[90.431194,23.699527],[90.431277,23.699516],[90.431383,23.699512],[90.431469,23.699515],[90.431501,23.699531],[90.431527,23.699559],[90.431537,23.699602],[90.431526,23.699749],[90.431508,23.699907],[90.431502,23.699934],[90.43149,23.699988],[90.431485,23.700029],[90.431495,23.700078],[90.431518,23.700113],[90.431551,23.700154],[90.431585,23.700174],[90.431608,23.700178],[90.431627,23.700179],[90.431667,23.700183],[90.431709,23.700178],[90.431751,23.70017],[90.431785,23.700145],[90.431808,23.700124],[90.431817,23.700085],[90.431814,23.700052],[90.431803,23.700017],[90.431785,23.699956],[90.431775,23.699914],[90.431784,23.69988],[90.431791,23.699838],[90.431817,23.699776],[90.431834,23.699743],[90.431846,23.699713],[90.431859,23.699683],[90.431874,23.699653],[90.431902,23.699612],[90.431929,23.699581],[90.431953,23.699559],[90.431991,23.699546],[90.432014,23.699538],[90.432056,23.699539],[90.432101,23.699552],[90.432132,23.69959],[90.43214,23.699625],[90.432147,23.699654],[90.432159,23.69968],[90.432175,23.699691],[90.43219,23.699691],[90.432232,23.699682],[90.432278,23.69965],[90.432303,23.699636],[90.432347,23.69961],[90.432363,23.699591],[90.432375,23.699557],[90.432393,23.699507],[90.432401,23.699474],[90.432416,23.699379],[90.432429,23.69928],[90.432437,23.699266],[90.432454,23.699233],[90.432505,23.699215],[90.432566,23.6992],[90.432631,23.699173],[90.432679,23.699148],[90.432712,23.699123],[90.432745,23.699097],[90.432787,23.699084],[90.43284,23.699077],[90.43291,23.699074],[90.432991,23.699067],[90.433094,23.699067],[90.433263,23.699065],[90.433308,23.699068],[90.433373,23.69906],[90.433417,23.699053],[90.433466,23.699042],[90.433513,23.699016],[90.433576,23.698984],[90.433623,23.698973],[90.433688,23.698969],[90.433774,23.698968],[90.433844,23.698967],[90.433927,23.698968],[90.433994,23.698972],[90.434061,23.69898],[90.434098,23.698983],[90.434145,23.698967],[90.434163,23.698944],[90.434185,23.698896],[90.434201,23.698851],[90.434215,23.698794],[90.434232,23.698759],[90.434248,23.698733],[90.434303,23.698683],[90.434358,23.698667],[90.434413,23.698652],[90.434496,23.698643],[90.434532,23.698649],[90.434588,23.698688],[90.434616,23.69871],[90.43466,23.698732],[90.434696,23.69875],[90.43474,23.69875],[90.434764,23.698741],[90.434785,23.698698],[90.434794,23.698639],[90.434804,23.698558],[90.434799,23.698527],[90.434803,23.698467],[90.434799,23.698417],[90.434795,23.69834],[90.434788,23.698297],[90.434786,23.698249],[90.434774,23.698199],[90.434754,23.698153],[90.434729,23.698117],[90.434704,23.698079],[90.434681,23.698042],[90.434675,23.697992],[90.43467,23.697956],[90.4347,23.697902],[90.434752,23.697872],[90.43482,23.697858],[90.434898,23.69786],[90.434972,23.69788],[90.435008,23.697909],[90.435062,23.697946],[90.435118,23.697983],[90.435175,23.698012],[90.435247,23.698042],[90.435288,23.698064],[90.435347,23.69808],[90.435414,23.69809],[90.435505,23.698101],[90.435583,23.698103],[90.435676,23.698104],[90.435759,23.697633],[90.435778,23.697439],[90.43579,23.697244],[90.435795,23.697049],[90.435793,23.696853],[90.435785,23.696658],[90.435769,23.696463],[90.435746,23.696269],[90.435717,23.696076],[90.435681,23.695884],[90.435638,23.695694],[90.435601,23.695554],[90.435588,23.695505],[90.435564,23.695363],[90.435534,23.695222],[90.435497,23.695083],[90.435454,23.694945],[90.435405,23.69481],[90.435349,23.694677],[90.435288,23.694547],[90.43522,23.694419],[90.435147,23.694295],[90.435068,23.694175],[90.434983,23.694058],[90.434894,23.693945],[90.434799,23.693837],[90.434699,23.693733],[90.434482,23.693484],[90.434402,23.69342],[90.43279,23.692132],[90.431877,23.691402],[90.430719,23.69035],[90.429075,23.688856],[90.428004,23.687902],[90.427441,23.688331],[90.427031,23.688748],[90.426397,23.689311],[90.426314,23.689445]]]]}},{"type":"Feature","properties":{"Ward_Name":"DCC South W-55","Exposure":-0.03299916,"Sensitivity":1.67046967,"Adaptive_Capacity":-0.46060328,"Exposure_s":0.51477082,"Sensitivity_s":0.72199417,"Adaptive_s":0.06695519,"HVI_raw":0.39634674,"HVI":0.86921494,"HVI_Class":"Very High","Rank":6.0,"Corporation":"DSCC","Area_m2":3120952.16499522,"LST_mean":33.37859125,"Road_Density":20.36,"industry%":0.018,"Pop_Density":101335.15429688,"SVF_mean":0.72404027,"Poverty_HCR":16.8,"build_km2":3794.578,"informal%":34.9,"NDBI_media":0.05220128,"Green%":2.905,"Blue%":2.101,"Hosp_count":3.0,"NTL_median":10.47166681,"unit_id":"DCC South W-55","name":"DCC South W-55","imputed":[],"center":[90.362092,23.728331]},"geometry":{"type":"Polygon","coordinates":[[[90.368651,23.72269],[90.368207,23.721049],[90.367927,23.72051],[90.367657,23.719483],[90.368106,23.719328],[90.36873,23.719253],[90.368953,23.719533],[90.370988,23.718957],[90.370655,23.717948],[90.370865,23.717808],[90.370658,23.717279],[90.370286,23.717235],[90.370023,23.717402],[90.369887,23.717429],[90.369738,23.717111],[90.369896,23.716989],[90.370842,23.716658],[90.371782,23.716345],[90.372289,23.71626],[90.372632,23.716252],[90.372804,23.71619],[90.37283,23.716097],[90.372487,23.715332],[90.372049,23.715418],[90.371146,23.715861],[90.370486,23.716172],[90.369584,23.716529],[90.369483,23.716535],[90.368772,23.715491],[90.367923,23.714366],[90.366761,23.712956],[90.366568,23.712889],[90.365424,23.711322],[90.364472,23.709989],[90.364228,23.710015],[90.364083,23.71012],[90.363854,23.710229],[90.363619,23.710321],[90.363501,23.710402],[90.363239,23.710487],[90.363138,23.710695],[90.363096,23.710867],[90.363092,23.711028],[90.363042,23.71126],[90.362982,23.711355],[90.362876,23.711484],[90.362783,23.711602],[90.362695,23.71175],[90.362601,23.711921],[90.362499,23.71217],[90.362291,23.712513],[90.362171,23.71269],[90.361998,23.712908],[90.361877,23.713085],[90.361678,23.713309],[90.361479,23.713568],[90.361365,23.713757],[90.361236,23.714],[90.36115,23.714124],[90.361094,23.714302],[90.361026,23.714766],[90.360995,23.715022],[90.360973,23.715183],[90.360951,23.715314],[90.360901,23.715516],[90.36084,23.715676],[90.360762,23.715962],[90.360719,23.716206],[90.360697,23.716617],[90.360666,23.717214],[90.360748,23.718266],[90.360708,23.718683],[90.360391,23.719269],[90.360203,23.719893],[90.360047,23.720899],[90.359731,23.721783],[90.359476,23.72317],[90.359286,23.724253],[90.359155,23.724621],[90.358898,23.725447],[90.358711,23.725909],[90.358584,23.726223],[90.358086,23.727761],[90.358,23.728524],[90.357934,23.728911],[90.357682,23.729462],[90.357642,23.729566],[90.357409,23.730174],[90.357378,23.730259],[90.357079,23.731082],[90.356981,23.731426],[90.356924,23.731694],[90.356894,23.731902],[90.356791,23.732175],[90.35655,23.732577],[90.35642,23.732885],[90.356011,23.733559],[90.355433,23.734259],[90.355035,23.734999],[90.35452,23.736083],[90.354308,23.737297],[90.354191,23.737922],[90.35392,23.73884],[90.353828,23.739118],[90.353755,23.739289],[90.353674,23.739445],[90.353508,23.739585],[90.353153,23.73983],[90.352956,23.739934],[90.352607,23.740236],[90.352465,23.740349],[90.35222,23.740516],[90.351906,23.740669],[90.35145,23.740883],[90.351199,23.740986],[90.350948,23.741082],[90.350588,23.741183],[90.350316,23.741179],[90.350113,23.741175],[90.349974,23.74113],[90.349857,23.741128],[90.349764,23.741126],[90.349409,23.741385],[90.349124,23.741595],[90.349028,23.741722],[90.3463,23.743801],[90.346557,23.744239],[90.346617,23.744341],[90.346727,23.744538],[90.346742,23.74459],[90.346814,23.744826],[90.346862,23.745009],[90.346979,23.745393],[90.347055,23.745738],[90.347092,23.745977],[90.347079,23.746065],[90.347068,23.746149],[90.347065,23.746257],[90.347063,23.746349],[90.347059,23.746588],[90.347076,23.746751],[90.347207,23.746925],[90.347522,23.74654],[90.347617,23.746245],[90.347819,23.746303],[90.348046,23.746364],[90.348276,23.74642],[90.348506,23.74647],[90.348738,23.746514],[90.348971,23.746553],[90.349063,23.746273],[90.349152,23.745991],[90.349235,23.745708],[90.349612,23.745808],[90.349986,23.745915],[90.350359,23.746029],[90.350729,23.746149],[90.350775,23.746165],[90.351092,23.746274],[90.351097,23.746276],[90.351463,23.74641],[90.351479,23.746365],[90.351574,23.746103],[90.351681,23.745794],[90.351782,23.745483],[90.351878,23.745171],[90.351969,23.744857],[90.352055,23.744542],[90.352451,23.744641],[90.352848,23.744735],[90.353247,23.744824],[90.35333,23.744841],[90.353646,23.744908],[90.353751,23.744534],[90.35386,23.744162],[90.353973,23.743791],[90.354089,23.743421],[90.354206,23.743513],[90.354326,23.7436],[90.35445,23.743682],[90.354577,23.743758],[90.354708,23.74383],[90.354841,23.743895],[90.354977,23.743955],[90.355115,23.744009],[90.355255,23.744057],[90.355344,23.744074],[90.355434,23.744085],[90.355524,23.74409],[90.355615,23.74409],[90.355705,23.744083],[90.355794,23.74407],[90.355883,23.744052],[90.35597,23.744028],[90.356055,23.743998],[90.356156,23.743986],[90.356257,23.74398],[90.356358,23.743982],[90.356458,23.743989],[90.356558,23.744004],[90.356603,23.744031],[90.356644,23.744062],[90.356682,23.744098],[90.356715,23.744138],[90.356745,23.744181],[90.35676,23.744209],[90.357022,23.744094],[90.357467,23.743971],[90.357665,23.743254],[90.358061,23.74308],[90.358259,23.742264],[90.358481,23.74172],[90.35863,23.741374],[90.359174,23.741399],[90.359322,23.740929],[90.359545,23.740731],[90.359743,23.740261],[90.359767,23.740187],[90.360682,23.740459],[90.360954,23.739346],[90.3614,23.737244],[90.36182,23.735389],[90.362216,23.73393],[90.362636,23.732545],[90.363329,23.731506],[90.364664,23.729997],[90.366396,23.728142],[90.36741,23.727227],[90.368083,23.726597],[90.36885,23.725929],[90.369642,23.725212],[90.369665,23.725184],[90.369623,23.725137],[90.369462,23.724754],[90.369153,23.724049],[90.368893,23.723307],[90.368751,23.722893],[90.3687,23.722853],[90.368705,23.722852],[90.368651,23.72269]]]}},{"type":"Feature","properties":{"Ward_Name":"DCC South W-56","Exposure":0.01277342,"Sensitivity":2.92644131,"Adaptive_Capacity":-0.34972406,"Exposure_s":0.52742156,"Sensitivity_s":1.0,"Adaptive_s":0.11062939,"HVI_raw":0.48854451,"HVI":1.0,"HVI_Class":"Very High","Rank":1.0,"Corporation":"DSCC","Area_m2":1251574.61052757,"LST_mean":32.62487003,"Road_Density":33.52,"industry%":0.0,"Pop_Density":60223.73632812,"SVF_mean":0.73299524,"Poverty_HCR":19.2,"build_km2":5209.7,"informal%":71.02,"NDBI_media":0.05667491,"Green%":0.395,"Blue%":4.102,"Hosp_count":3.0,"NTL_median":13.16250038,"unit_id":"DCC South W-56","name":"DCC South W-56","imputed":[],"center":[90.376121,23.715551]},"geometry":{"type":"Polygon","coordinates":[[[90.373185,23.722143],[90.374282,23.722001],[90.374396,23.722346],[90.374485,23.722616],[90.374999,23.72228],[90.376546,23.721132],[90.378374,23.720158],[90.378602,23.72003],[90.378799,23.719919],[90.378956,23.719119],[90.379205,23.717631],[90.379477,23.716103],[90.379814,23.715305],[90.379581,23.715196],[90.379379,23.715106],[90.379003,23.714987],[90.378275,23.714801],[90.378176,23.714691],[90.378533,23.714368],[90.378325,23.714228],[90.378106,23.713895],[90.378289,23.713719],[90.378315,23.713598],[90.37861,23.713216],[90.37905,23.712249],[90.378703,23.712085],[90.377381,23.712049],[90.377307,23.71184],[90.377169,23.711723],[90.377086,23.711344],[90.376961,23.711399],[90.376824,23.711473],[90.376615,23.711565],[90.376252,23.711568],[90.376138,23.711547],[90.376043,23.711641],[90.375958,23.711726],[90.375655,23.711816],[90.37545,23.711727],[90.375042,23.711863],[90.373826,23.712511],[90.372265,23.713278],[90.371388,23.713521],[90.369696,23.710999],[90.368802,23.709541],[90.368455,23.708704],[90.368141,23.707938],[90.367977,23.708025],[90.367813,23.708129],[90.367694,23.708217],[90.367532,23.70825],[90.36738,23.708349],[90.367176,23.708495],[90.366939,23.708682],[90.366735,23.708833],[90.366591,23.708897],[90.366474,23.708913],[90.36624,23.70895],[90.366129,23.708984],[90.366003,23.709125],[90.36583,23.709367],[90.365769,23.709492],[90.365642,23.709651],[90.365492,23.709738],[90.365263,23.709799],[90.3651,23.709856],[90.364956,23.709914],[90.364715,23.709963],[90.364472,23.709989],[90.365424,23.711322],[90.366568,23.712889],[90.366761,23.712956],[90.367923,23.714366],[90.368772,23.715491],[90.369483,23.716535],[90.369584,23.716529],[90.370486,23.716172],[90.371146,23.715861],[90.372049,23.715418],[90.372487,23.715332],[90.37283,23.716097],[90.372804,23.71619],[90.372632,23.716252],[90.372289,23.71626],[90.371782,23.716345],[90.370842,23.716658],[90.369896,23.716989],[90.369738,23.717111],[90.369887,23.717429],[90.370023,23.717402],[90.370286,23.717235],[90.370658,23.717279],[90.370865,23.717808],[90.370655,23.717948],[90.370988,23.718957],[90.368953,23.719533],[90.36873,23.719253],[90.368106,23.719328],[90.367657,23.719483],[90.367927,23.72051],[90.368207,23.721049],[90.368651,23.72269],[90.368705,23.722852],[90.370047,23.722658],[90.370419,23.722587],[90.370698,23.722536],[90.371067,23.722506],[90.371329,23.722471],[90.371823,23.722325],[90.372078,23.722277],[90.373185,23.722143]]]}},{"type":"Feature","properties":{"Ward_Name":"DCC South W-57","Exposure":-0.28001128,"Sensitivity":2.38034007,"Adaptive_Capacity":-0.19902246,"Exposure_s":0.44650098,"Sensitivity_s":0.87912201,"Adaptive_s":0.16998922,"HVI_raw":0.400037,"HVI":0.87444967,"HVI_Class":"Very High","Rank":5.0,"Corporation":"DSCC","Area_m2":1034120.68936038,"LST_mean":31.98543126,"Road_Density":30.44,"industry%":0.996,"Pop_Density":46053.57768559,"SVF_mean":0.76705577,"Poverty_HCR":18.5,"build_km2":4431.237,"informal%":55.57,"NDBI_media":0.05494578,"Green%":0.671,"Blue%":11.382,"Hosp_count":1.0,"NTL_median":11.62541676,"unit_id":"DCC South W-57","name":"DCC South W-57","imputed":[],"center":[90.382317,23.711709]},"geometry":{"type":"Polygon","coordinates":[[[90.382892,23.714301],[90.383528,23.713837],[90.383596,23.713778],[90.384206,23.713252],[90.384706,23.712823],[90.384789,23.712793],[90.384875,23.71277],[90.384962,23.712752],[90.38505,23.71274],[90.385131,23.712735],[90.385139,23.712734],[90.385227,23.712735],[90.385316,23.712742],[90.385404,23.712754],[90.385491,23.712773],[90.385869,23.712809],[90.386187,23.712656],[90.386847,23.712234],[90.387158,23.712077],[90.387757,23.711567],[90.38815,23.711571],[90.388485,23.711695],[90.38871,23.711728],[90.389238,23.711738],[90.389895,23.711745],[90.390473,23.711571],[90.39056,23.71153],[90.390643,23.711484],[90.390722,23.711431],[90.390753,23.711408],[90.390702,23.711377],[90.390645,23.711304],[90.390583,23.711154],[90.39055,23.710861],[90.390537,23.710556],[90.390548,23.710342],[90.390506,23.710156],[90.390436,23.710059],[90.390289,23.709985],[90.390173,23.709935],[90.389818,23.70987],[90.389303,23.709688],[90.38825,23.709479],[90.387295,23.709248],[90.386675,23.709088],[90.385866,23.709039],[90.384682,23.708881],[90.382994,23.708668],[90.381811,23.70851],[90.380822,23.708332],[90.379514,23.708239],[90.378716,23.708297],[90.376758,23.708269],[90.375689,23.708251],[90.374011,23.708181],[90.37271,23.708051],[90.371899,23.708079],[90.371536,23.708073],[90.371076,23.708065],[90.370777,23.70806],[90.370376,23.708018],[90.370143,23.708002],[90.369891,23.707968],[90.369781,23.70793],[90.369652,23.707928],[90.369456,23.707972],[90.368957,23.707982],[90.368815,23.707961],[90.368601,23.707934],[90.368426,23.707919],[90.368232,23.707922],[90.368141,23.707938],[90.368455,23.708704],[90.368802,23.709541],[90.369696,23.710999],[90.371388,23.713521],[90.372265,23.713278],[90.373826,23.712511],[90.375042,23.711863],[90.37545,23.711727],[90.375655,23.711816],[90.375958,23.711726],[90.376043,23.711641],[90.376138,23.711547],[90.376252,23.711568],[90.376615,23.711565],[90.376824,23.711473],[90.376961,23.711399],[90.377086,23.711344],[90.377169,23.711723],[90.377307,23.71184],[90.377381,23.712049],[90.378703,23.712085],[90.37905,23.712249],[90.37861,23.713216],[90.378315,23.713598],[90.378289,23.713719],[90.378106,23.713895],[90.378325,23.714228],[90.378533,23.714368],[90.378176,23.714691],[90.378275,23.714801],[90.379003,23.714987],[90.379379,23.715106],[90.379581,23.715196],[90.379814,23.715305],[90.37983,23.715268],[90.38039,23.714976],[90.38139,23.714544],[90.382261,23.71434],[90.382892,23.714301]]]}},{"type":"Feature","properties":{"Ward_Name":"DCC South W-58","Exposure":1.34373354,"Sensitivity":0.50063691,"Adaptive_Capacity":-0.31665266,"Exposure_s":0.89527569,"Sensitivity_s":0.46305495,"Adaptive_s":0.12365588,"HVI_raw":0.3928004,"HVI":0.86418436,"HVI_Class":"Very High","Rank":7.0,"Corporation":"DSCC","Area_m2":2096817.99231239,"LST_mean":34.15964805,"Road_Density":20.83,"industry%":43.881,"Pop_Density":96921.29003906,"SVF_mean":0.73496435,"Poverty_HCR":8.4,"build_km2":3357.089,"informal%":18.12,"NDBI_media":0.02262142,"Green%":3.072,"Blue%":3.227,"Hosp_count":2.0,"NTL_median":16.70666695,"unit_id":"DCC South W-58","name":"DCC South W-58","imputed":[],"center":[90.442683,23.684597]},"geometry":{"type":"Polygon","coordinates":[[[90.437364,23.690418],[90.437647,23.690117],[90.438534,23.690553],[90.438591,23.690528],[90.438679,23.690415],[90.438745,23.690215],[90.438823,23.68983],[90.438974,23.689266],[90.43907,23.68911],[90.43932,23.68905],[90.439578,23.689018],[90.43978,23.689007],[90.440062,23.688926],[90.440509,23.68874],[90.440613,23.688591],[90.440724,23.688457],[90.440828,23.688351],[90.441048,23.688219],[90.441157,23.688192],[90.441384,23.688167],[90.44164,23.688185],[90.442145,23.688201],[90.44244,23.688249],[90.442681,23.688267],[90.442837,23.688255],[90.442985,23.688243],[90.443095,23.688174],[90.443277,23.688005],[90.443302,23.687933],[90.443365,23.687096],[90.443369,23.68691],[90.443388,23.686717],[90.443474,23.686675],[90.443623,23.686656],[90.443778,23.686637],[90.444028,23.686613],[90.444177,23.686544],[90.444379,23.686554],[90.44455,23.686586],[90.444603,23.686665],[90.444639,23.686802],[90.444762,23.686854],[90.44491,23.686842],[90.445083,23.686759],[90.445223,23.686747],[90.445387,23.686757],[90.445556,23.686867],[90.44574,23.686963],[90.446035,23.68704],[90.446197,23.687078],[90.446563,23.687067],[90.446703,23.687093],[90.446886,23.68701],[90.447056,23.687083],[90.447052,23.687274],[90.447341,23.687187],[90.447589,23.687258],[90.447815,23.687358],[90.448126,23.687363],[90.448509,23.687398],[90.448717,23.687401],[90.448892,23.687452],[90.449034,23.687598],[90.449179,23.687648],[90.449489,23.68772],[90.449872,23.687755],[90.450174,23.687683],[90.450362,23.68761],[90.450519,23.687526],[90.450994,23.68763],[90.451222,23.687662],[90.451851,23.687845],[90.452078,23.687915],[90.452741,23.687945],[90.453106,23.687884],[90.453251,23.687887],[90.453051,23.687605],[90.453033,23.687521],[90.452982,23.687485],[90.452924,23.687472],[90.452541,23.687489],[90.452347,23.687462],[90.452289,23.687426],[90.4522,23.687346],[90.452137,23.68722],[90.452045,23.686962],[90.452011,23.686722],[90.452051,23.685989],[90.452948,23.68589],[90.45293,23.685454],[90.452266,23.684935],[90.449181,23.682544],[90.447315,23.68114],[90.446658,23.680592],[90.446818,23.68038],[90.447825,23.679274],[90.447021,23.678622],[90.445539,23.677498],[90.444071,23.67631],[90.443322,23.675664],[90.442999,23.676006],[90.442597,23.676432],[90.442418,23.676626],[90.442183,23.676718],[90.441974,23.676828],[90.441803,23.67692],[90.441716,23.677056],[90.441471,23.677697],[90.441037,23.678329],[90.440898,23.678458],[90.440735,23.678527],[90.440441,23.678653],[90.440218,23.678745],[90.440106,23.678869],[90.439838,23.679288],[90.43935,23.679734],[90.438807,23.68031],[90.438315,23.680624],[90.438054,23.680709],[90.437807,23.680735],[90.437489,23.680766],[90.437235,23.680809],[90.437059,23.680842],[90.436935,23.680918],[90.436658,23.68114],[90.435894,23.681742],[90.43505,23.682493],[90.434109,23.683522],[90.433472,23.684264],[90.432833,23.685113],[90.432461,23.685244],[90.432103,23.685334],[90.431856,23.685353],[90.43157,23.685367],[90.431434,23.685352],[90.431216,23.685265],[90.431086,23.685257],[90.430832,23.685336],[90.430687,23.685447],[90.430567,23.685637],[90.430583,23.685792],[90.430581,23.685905],[90.430086,23.686333],[90.429756,23.686626],[90.428965,23.686959],[90.428753,23.687207],[90.428375,23.687618],[90.428004,23.687902],[90.428692,23.688515],[90.429075,23.688856],[90.430719,23.69035],[90.431877,23.691402],[90.43279,23.692132],[90.434402,23.69342],[90.434482,23.693484],[90.437364,23.690418]]]}},{"type":"Feature","properties":{"Ward_Name":"DCC South W-59","Exposure":-0.23424165,"Sensitivity":-0.33725829,"Adaptive_Capacity":0.32905962,"Exposure_s":0.4591509,"Sensitivity_s":0.27758918,"Adaptive_s":0.37799539,"HVI_raw":0.11071455,"HVI":0.46403788,"HVI_Class":"Moderate","Rank":102.0,"Corporation":"DSCC","Area_m2":2487681.39219907,"LST_mean":31.70295742,"Road_Density":11.42,"industry%":21.072,"Pop_Density":84255.23144531,"SVF_mean":0.80260737,"Poverty_HCR":8.1,"build_km2":2404.719,"informal%":3.36,"NDBI_media":-0.04543684,"Green%":10.168,"Blue%":19.157,"Hosp_count":0.0,"NTL_median":13.84083366,"unit_id":"DCC South W-59","name":"DCC South W-59","imputed":[],"center":[90.453452,23.681398]},"geometry":{"type":"Polygon","coordinates":[[[90.4649,23.686746],[90.464744,23.686779],[90.46464,23.686778],[90.464513,23.686644],[90.464389,23.686356],[90.464274,23.686288],[90.464176,23.68628],[90.464026,23.686326],[90.463903,23.68636],[90.463754,23.686357],[90.463533,23.686336],[90.463294,23.686326],[90.463145,23.686293],[90.463063,23.686214],[90.462981,23.686088],[90.462783,23.685905],[90.462464,23.685673],[90.462335,23.685623],[90.46222,23.685526],[90.462176,23.685459],[90.462153,23.685298],[90.462154,23.684904],[90.462138,23.684742],[90.462074,23.684676],[90.461933,23.684638],[90.461823,23.684594],[90.461733,23.684586],[90.46154,23.6845],[90.461444,23.684409],[90.461419,23.684372],[90.461293,23.684185],[90.461197,23.684124],[90.461043,23.684056],[90.460919,23.684054],[90.460757,23.684075],[90.460562,23.684108],[90.460426,23.684093],[90.460356,23.684038],[90.460351,23.683931],[90.460412,23.683801],[90.460499,23.683689],[90.460566,23.683546],[90.46064,23.683422],[90.460611,23.683237],[90.460554,23.683152],[90.460428,23.682971],[90.459961,23.682641],[90.459724,23.682517],[90.459449,23.682328],[90.459301,23.682248],[90.459187,23.682127],[90.459105,23.681976],[90.459121,23.681845],[90.459209,23.681649],[90.459724,23.681174],[90.45994,23.681076],[90.460039,23.680988],[90.460028,23.680892],[90.459912,23.680837],[90.459778,23.680739],[90.45976,23.680309],[90.459745,23.679407],[90.459728,23.679287],[90.459536,23.679171],[90.459316,23.679113],[90.459058,23.679079],[90.458754,23.679027],[90.458535,23.678957],[90.45827,23.678899],[90.45796,23.67887],[90.457385,23.678765],[90.45707,23.678617],[90.456916,23.678525],[90.456761,23.678504],[90.45655,23.678668],[90.456374,23.678731],[90.456173,23.678727],[90.455907,23.678729],[90.455578,23.678658],[90.455115,23.678453],[90.454904,23.67833],[90.45484,23.678288],[90.454796,23.678209],[90.454798,23.678102],[90.454891,23.677996],[90.455032,23.677741],[90.455233,23.677381],[90.455323,23.676439],[90.45512,23.67622],[90.454825,23.676036],[90.454745,23.676006],[90.454574,23.675943],[90.454523,23.675894],[90.454454,23.675756],[90.454457,23.675618],[90.454507,23.67538],[90.454534,23.675309],[90.454638,23.675293],[90.45478,23.675367],[90.454895,23.675429],[90.454999,23.67543],[90.455046,23.675359],[90.455067,23.675234],[90.455185,23.674209],[90.45505,23.674141],[90.454823,23.674144],[90.454622,23.674152],[90.454503,23.674252],[90.454347,23.674303],[90.454081,23.674293],[90.453906,23.674272],[90.453725,23.674239],[90.453577,23.674213],[90.453377,23.674144],[90.453321,23.674041],[90.453324,23.673862],[90.453358,23.673457],[90.453482,23.671393],[90.45338,23.671308],[90.45318,23.671263],[90.452456,23.671185],[90.452099,23.671179],[90.451879,23.671158],[90.451776,23.671126],[90.451726,23.671018],[90.45189,23.67062],[90.452102,23.670057],[90.452164,23.669837],[90.452089,23.669692],[90.451826,23.669575],[90.451355,23.669465],[90.451175,23.669385],[90.451117,23.669324],[90.451152,23.669205],[90.451252,23.669069],[90.451374,23.668815],[90.451449,23.668613],[90.451428,23.668362],[90.450304,23.667794],[90.449744,23.668292],[90.449203,23.668779],[90.448811,23.669256],[90.448559,23.669539],[90.448386,23.669798],[90.448277,23.670036],[90.448196,23.670231],[90.447803,23.670774],[90.447098,23.671652],[90.446142,23.672848],[90.445638,23.673419],[90.444423,23.674546],[90.443524,23.67545],[90.443322,23.675664],[90.444071,23.67631],[90.445539,23.677498],[90.447021,23.678622],[90.447825,23.679274],[90.446818,23.68038],[90.446658,23.680592],[90.447315,23.68114],[90.449181,23.682544],[90.452266,23.684935],[90.45293,23.685454],[90.452948,23.68589],[90.452051,23.685989],[90.452011,23.686722],[90.452045,23.686962],[90.452137,23.68722],[90.4522,23.687346],[90.452289,23.687426],[90.452347,23.687462],[90.452541,23.687489],[90.452924,23.687472],[90.452982,23.687485],[90.453033,23.687521],[90.453051,23.687605],[90.453251,23.687887],[90.453425,23.688014],[90.453881,23.688031],[90.454752,23.688026],[90.455136,23.688023],[90.455164,23.688721],[90.455101,23.688758],[90.454904,23.688783],[90.454821,23.688772],[90.454768,23.68881],[90.454693,23.688942],[90.454693,23.689487],[90.454772,23.68966],[90.45478,23.689803],[90.454777,23.689966],[90.454774,23.690119],[90.454844,23.690263],[90.454956,23.69036],[90.455055,23.690582],[90.455053,23.690715],[90.455069,23.690945],[90.455171,23.691061],[90.455263,23.691091],[90.455303,23.691178],[90.455239,23.691301],[90.455103,23.691337],[90.455056,23.691613],[90.454963,23.691621],[90.454775,23.691647],[90.454546,23.691701],[90.454491,23.691891],[90.454446,23.692043],[90.454442,23.692253],[90.454477,23.692569],[90.454643,23.692572],[90.454799,23.692574],[90.455006,23.692577],[90.455066,23.692712],[90.455084,23.692846],[90.45508,23.693056],[90.455162,23.693115],[90.455254,23.693183],[90.455315,23.693261],[90.455332,23.693452],[90.455211,23.693535],[90.45519,23.693613],[90.455188,23.693703],[90.455175,23.693763],[90.455058,23.693783],[90.454949,23.693785],[90.454742,23.693821],[90.454683,23.693866],[90.454665,23.693995],[90.454663,23.694081],[90.454717,23.694125],[90.454837,23.694134],[90.454919,23.694146],[90.454981,23.694176],[90.455026,23.694245],[90.455025,23.694305],[90.455001,23.694936],[90.455113,23.694988],[90.455248,23.695015],[90.455415,23.695043],[90.455547,23.695048],[90.455679,23.695051],[90.455863,23.695007],[90.455969,23.694973],[90.456106,23.694932],[90.45625,23.694917],[90.456398,23.694923],[90.456514,23.694957],[90.456571,23.695008],[90.456624,23.695098],[90.456693,23.695153],[90.456883,23.695174],[90.457256,23.695184],[90.457733,23.695205],[90.457808,23.694895],[90.457826,23.694766],[90.457828,23.694652],[90.457744,23.694564],[90.457613,23.694498],[90.457443,23.694481],[90.457208,23.694534],[90.457076,23.694546],[90.456889,23.694543],[90.456844,23.694464],[90.456916,23.694357],[90.457245,23.694255],[90.457331,23.694214],[90.457365,23.694085],[90.457384,23.693871],[90.457349,23.693684],[90.457183,23.693437],[90.457108,23.693286],[90.456988,23.69304],[90.456977,23.692796],[90.457074,23.692633],[90.457293,23.692587],[90.457588,23.692577],[90.457654,23.692421],[90.457596,23.692162],[90.457584,23.691997],[90.457725,23.691956],[90.458044,23.691933],[90.458216,23.691907],[90.458315,23.691615],[90.458358,23.691415],[90.458502,23.691173],[90.458877,23.691122],[90.459867,23.691024],[90.460388,23.691025],[90.461025,23.691093],[90.461413,23.691128],[90.461873,23.691078],[90.462064,23.690867],[90.462242,23.690497],[90.462561,23.6897],[90.462721,23.689502],[90.463003,23.689377],[90.46337,23.689297],[90.463861,23.689255],[90.464421,23.689272],[90.464716,23.689327],[90.465081,23.689354],[90.465317,23.6892],[90.465438,23.689016],[90.465597,23.688424],[90.465704,23.68768],[90.465701,23.687458],[90.46565,23.687271],[90.465591,23.687127],[90.465305,23.687008],[90.4649,23.686746]]]}},{"type":"Feature","properties":{"Ward_Name":"DCC South W-60","Exposure":-0.16876353,"Sensitivity":0.47983266,"Adaptive_Capacity":-0.21367432,"Exposure_s":0.47724792,"Sensitivity_s":0.45844999,"Adaptive_s":0.164218,"HVI_raw":0.25490289,"HVI":0.66857298,"HVI_Class":"High","Rank":55.0,"Corporation":"DSCC","Area_m2":1426796.98133248,"LST_mean":30.98566418,"Road_Density":25.93,"industry%":0.691,"Pop_Density":93211.34925451,"SVF_mean":0.6260947,"Poverty_HCR":8.3,"build_km2":4543.478,"informal%":8.07,"NDBI_media":0.02041431,"Green%":0.678,"Blue%":3.451,"Hosp_count":5.0,"NTL_median":13.7070837,"unit_id":"DCC South W-60","name":"DCC South W-60","imputed":[],"center":[90.44903,23.694871]},"geometry":{"type":"Polygon","coordinates":[[[90.45853,23.697594],[90.458534,23.697409],[90.458311,23.697178],[90.458099,23.697079],[90.457841,23.697027],[90.457736,23.697085],[90.457694,23.697234],[90.457633,23.6974],[90.457525,23.697578],[90.457343,23.69764],[90.456994,23.697581],[90.456723,23.697469],[90.456615,23.69736],[90.456529,23.697149],[90.45657,23.69703],[90.456723,23.69683],[90.456785,23.696658],[90.456884,23.6962],[90.456894,23.695704],[90.456928,23.695621],[90.457245,23.695644],[90.457602,23.695626],[90.457702,23.695515],[90.45773,23.69536],[90.457733,23.695205],[90.457256,23.695184],[90.456883,23.695174],[90.456693,23.695153],[90.456624,23.695098],[90.456571,23.695008],[90.456514,23.694957],[90.456398,23.694923],[90.45625,23.694917],[90.456106,23.694932],[90.455969,23.694973],[90.455863,23.695007],[90.455679,23.695051],[90.455547,23.695048],[90.455415,23.695043],[90.455248,23.695015],[90.455113,23.694988],[90.455001,23.694936],[90.455025,23.694305],[90.455026,23.694245],[90.454981,23.694176],[90.454919,23.694146],[90.454837,23.694134],[90.454717,23.694125],[90.454663,23.694081],[90.454665,23.693995],[90.454683,23.693866],[90.454742,23.693821],[90.454949,23.693785],[90.455058,23.693783],[90.455175,23.693763],[90.455188,23.693703],[90.45519,23.693613],[90.455211,23.693535],[90.455332,23.693452],[90.455315,23.693261],[90.455254,23.693183],[90.455162,23.693115],[90.45508,23.693056],[90.455084,23.692846],[90.455066,23.692712],[90.455006,23.692577],[90.454799,23.692574],[90.454643,23.692572],[90.454477,23.692569],[90.454442,23.692253],[90.454446,23.692043],[90.454491,23.691891],[90.454546,23.691701],[90.454775,23.691647],[90.454963,23.691621],[90.455056,23.691613],[90.455103,23.691337],[90.455239,23.691301],[90.455303,23.691178],[90.455263,23.691091],[90.455171,23.691061],[90.455069,23.690945],[90.455053,23.690715],[90.455055,23.690582],[90.454956,23.69036],[90.454844,23.690263],[90.454774,23.690119],[90.454777,23.689966],[90.45478,23.689803],[90.454772,23.68966],[90.454693,23.689487],[90.454693,23.688942],[90.454768,23.68881],[90.454821,23.688772],[90.454904,23.688783],[90.455101,23.688758],[90.455164,23.688721],[90.455136,23.688023],[90.454752,23.688026],[90.453881,23.688031],[90.453425,23.688014],[90.453251,23.687887],[90.453106,23.687884],[90.452741,23.687945],[90.452078,23.687915],[90.451851,23.687845],[90.451222,23.687662],[90.450994,23.68763],[90.450519,23.687526],[90.450362,23.68761],[90.450174,23.687683],[90.449872,23.687755],[90.449489,23.68772],[90.449179,23.687648],[90.449034,23.687598],[90.448892,23.687452],[90.448717,23.687401],[90.448509,23.687398],[90.448126,23.687363],[90.447815,23.687358],[90.447589,23.687258],[90.447341,23.687187],[90.447052,23.687274],[90.447054,23.687436],[90.447068,23.687537],[90.447139,23.687581],[90.447257,23.687674],[90.447317,23.687789],[90.447345,23.687966],[90.447442,23.68803],[90.447694,23.688116],[90.447917,23.688129],[90.44814,23.688142],[90.448351,23.688236],[90.448405,23.688366],[90.448396,23.6886],[90.448422,23.688858],[90.448633,23.689167],[90.448877,23.689429],[90.44924,23.689966],[90.449315,23.690139],[90.449404,23.690365],[90.449401,23.690513],[90.449372,23.690504],[90.449164,23.690427],[90.448979,23.690415],[90.448906,23.690418],[90.448622,23.690433],[90.448468,23.690474],[90.448319,23.690569],[90.447742,23.690683],[90.446674,23.690695],[90.446672,23.690807],[90.446668,23.690998],[90.446659,23.691189],[90.446635,23.691356],[90.446562,23.691651],[90.44648,23.691864],[90.446361,23.692144],[90.446205,23.692442],[90.446045,23.692903],[90.446025,23.693156],[90.445974,23.693365],[90.445871,23.693593],[90.445797,23.693649],[90.445544,23.693626],[90.445399,23.693571],[90.445298,23.693454],[90.445233,23.693329],[90.445177,23.69329],[90.445068,23.693274],[90.444975,23.693244],[90.444833,23.693079],[90.444693,23.692838],[90.44454,23.692692],[90.444349,23.692651],[90.443944,23.692673],[90.443632,23.692701],[90.44345,23.692731],[90.443298,23.692791],[90.443223,23.692919],[90.443237,23.693005],[90.443286,23.693158],[90.443373,23.693227],[90.443538,23.693282],[90.443708,23.693333],[90.443799,23.693425],[90.443779,23.693692],[90.443742,23.694002],[90.443622,23.694535],[90.443356,23.694612],[90.443137,23.694675],[90.442938,23.694801],[90.442801,23.694894],[90.442749,23.695958],[90.442649,23.696854],[90.442627,23.697033],[90.443002,23.697212],[90.443067,23.697241],[90.443124,23.697242],[90.443181,23.697212],[90.443271,23.697147],[90.443346,23.697036],[90.443396,23.69697],[90.443457,23.696925],[90.443519,23.696924],[90.443581,23.696958],[90.443645,23.696993],[90.443785,23.696998],[90.443907,23.697],[90.444041,23.697014],[90.444144,23.697047],[90.444307,23.697066],[90.444537,23.697106],[90.444627,23.697162],[90.444746,23.697176],[90.444822,23.697161],[90.44489,23.697114],[90.444991,23.697092],[90.44524,23.697091],[90.445818,23.697127],[90.446121,23.697146],[90.446283,23.697206],[90.44651,23.697279],[90.446643,23.697269],[90.446716,23.697209],[90.44678,23.697157],[90.446946,23.697153],[90.447313,23.697221],[90.447581,23.697316],[90.447924,23.697396],[90.448012,23.697428],[90.448085,23.697398],[90.448131,23.697287],[90.448194,23.697135],[90.448218,23.697071],[90.448243,23.696995],[90.448281,23.696931],[90.448348,23.696923],[90.44853,23.696933],[90.449593,23.697325],[90.449754,23.697452],[90.449784,23.697517],[90.449753,23.697641],[90.449686,23.697728],[90.449618,23.698166],[90.449483,23.698305],[90.44935,23.698623],[90.44924,23.698819],[90.449238,23.69906],[90.449092,23.699333],[90.449059,23.699437],[90.449098,23.699591],[90.449001,23.699873],[90.448913,23.70017],[90.448853,23.700286],[90.448818,23.70036],[90.44885,23.700451],[90.448903,23.70054],[90.448922,23.700641],[90.448909,23.700782],[90.448821,23.700871],[90.448738,23.701135],[90.448687,23.701253],[90.448692,23.701378],[90.448698,23.701466],[90.448568,23.701643],[90.448522,23.701716],[90.44856,23.701789],[90.448671,23.701823],[90.448745,23.701811],[90.448793,23.701848],[90.448826,23.701872],[90.448926,23.701949],[90.449064,23.701975],[90.44916,23.701994],[90.449768,23.70211],[90.45012,23.702171],[90.450252,23.702193],[90.450465,23.702571],[90.454129,23.700816],[90.458571,23.698689],[90.458329,23.698612],[90.458332,23.698468],[90.458431,23.698345],[90.458494,23.698143],[90.458509,23.698018],[90.45853,23.697594]]]}},{"type":"Feature","properties":{"Ward_Name":"DCC South W-61","Exposure":0.03579326,"Sensitivity":0.76235244,"Adaptive_Capacity":-0.38467989,"Exposure_s":0.53378384,"Sensitivity_s":0.52098495,"Adaptive_s":0.09686065,"HVI_raw":0.31729798,"HVI":0.75708211,"HVI_Class":"High","Rank":25.0,"Corporation":"DSCC","Area_m2":917645.57769534,"LST_mean":32.44916322,"Road_Density":25.15,"industry%":0.0,"Pop_Density":93216.95703125,"SVF_mean":0.65420694,"Poverty_HCR":8.8,"build_km2":5120.85,"informal%":10.1,"NDBI_media":0.04132065,"Green%":0.003,"Blue%":0.136,"Hosp_count":3.0,"NTL_median":19.04750061,"unit_id":"DCC South W-61","name":"DCC South W-61","imputed":[],"center":[90.444126,23.702403]},"geometry":{"type":"Polygon","coordinates":[[[90.44856,23.701789],[90.448522,23.701716],[90.448568,23.701643],[90.448698,23.701466],[90.448692,23.701378],[90.448687,23.701253],[90.448738,23.701135],[90.448821,23.700871],[90.448909,23.700782],[90.448922,23.700641],[90.448903,23.70054],[90.44885,23.700451],[90.448818,23.70036],[90.448853,23.700286],[90.448913,23.70017],[90.449001,23.699873],[90.449098,23.699591],[90.449059,23.699437],[90.449092,23.699333],[90.449238,23.69906],[90.44924,23.698819],[90.44935,23.698623],[90.449483,23.698305],[90.449618,23.698166],[90.449686,23.697728],[90.449753,23.697641],[90.449784,23.697517],[90.449754,23.697452],[90.449593,23.697325],[90.44853,23.696933],[90.448348,23.696923],[90.448281,23.696931],[90.448243,23.696995],[90.448218,23.697071],[90.448194,23.697135],[90.448131,23.697287],[90.448085,23.697398],[90.448012,23.697428],[90.447924,23.697396],[90.447581,23.697316],[90.447313,23.697221],[90.446946,23.697153],[90.44678,23.697157],[90.446716,23.697209],[90.446643,23.697269],[90.44651,23.697279],[90.446283,23.697206],[90.446121,23.697146],[90.445818,23.697127],[90.44524,23.697091],[90.444991,23.697092],[90.44489,23.697114],[90.444822,23.697161],[90.444746,23.697176],[90.444627,23.697162],[90.444537,23.697106],[90.444307,23.697066],[90.444144,23.697047],[90.444041,23.697014],[90.443907,23.697],[90.443785,23.696998],[90.443645,23.696993],[90.443581,23.696958],[90.443519,23.696924],[90.443457,23.696925],[90.443396,23.69697],[90.443346,23.697036],[90.443271,23.697147],[90.443181,23.697212],[90.443124,23.697242],[90.443067,23.697241],[90.443002,23.697212],[90.442627,23.697033],[90.442605,23.697212],[90.442478,23.697902],[90.442446,23.698217],[90.442399,23.698493],[90.442321,23.698736],[90.442207,23.699016],[90.442095,23.699186],[90.441812,23.699573],[90.441704,23.699819],[90.441549,23.700037],[90.44138,23.700177],[90.441223,23.700256],[90.440939,23.700198],[90.440769,23.700124],[90.440664,23.699936],[90.440668,23.699731],[90.440579,23.699529],[90.440378,23.69942],[90.44012,23.699373],[90.439788,23.699386],[90.439677,23.699456],[90.4395,23.699511],[90.439375,23.699523],[90.439162,23.699567],[90.438937,23.69964],[90.43895,23.699812],[90.439112,23.699987],[90.439193,23.700112],[90.43919,23.70026],[90.43898,23.700376],[90.438813,23.700445],[90.438577,23.700823],[90.438395,23.700858],[90.43833,23.700912],[90.438194,23.701022],[90.438119,23.701193],[90.438016,23.701416],[90.437937,23.701744],[90.437879,23.702015],[90.437839,23.702234],[90.437794,23.702425],[90.437859,23.702521],[90.437907,23.702552],[90.438033,23.702634],[90.43832,23.702816],[90.438646,23.703131],[90.438843,23.703383],[90.438965,23.703543],[90.439044,23.703726],[90.439046,23.703883],[90.439022,23.704074],[90.438891,23.704397],[90.438842,23.704544],[90.438749,23.704786],[90.438666,23.705014],[90.438599,23.705256],[90.438522,23.705489],[90.438465,23.705779],[90.438465,23.706276],[90.43853,23.706669],[90.438547,23.70687],[90.438569,23.707071],[90.439001,23.707522],[90.439375,23.707831],[90.443091,23.705915],[90.444544,23.705357],[90.450449,23.702579],[90.450465,23.702571],[90.450252,23.702193],[90.45012,23.702171],[90.449768,23.70211],[90.44916,23.701994],[90.449064,23.701975],[90.448926,23.701949],[90.448826,23.701872],[90.448793,23.701848],[90.448745,23.701811],[90.448671,23.701823],[90.44856,23.701789]]]}},{"type":"Feature","properties":{"Ward_Name":"DCC South W-62","Exposure":0.37647073,"Sensitivity":0.79204964,"Adaptive_Capacity":-0.31591138,"Exposure_s":0.62794114,"Sensitivity_s":0.52755835,"Adaptive_s":0.12394787,"HVI_raw":0.33825048,"HVI":0.7868038,"HVI_Class":"High","Rank":15.0,"Corporation":"DSCC","Area_m2":1014495.44847721,"LST_mean":33.21725588,"Road_Density":31.97,"industry%":0.002,"Pop_Density":109551.37109375,"SVF_mean":0.66167547,"Poverty_HCR":9.5,"build_km2":4936.81,"informal%":11.12,"NDBI_media":0.03976751,"Green%":0.718,"Blue%":0.0,"Hosp_count":5.0,"NTL_median":15.77666664,"unit_id":"DCC South W-62","name":"DCC South W-62","imputed":[],"center":[90.452017,23.704602]},"geometry":{"type":"Polygon","coordinates":[[[90.453599,23.702526],[90.453678,23.702424],[90.453727,23.702317],[90.453729,23.702213],[90.453705,23.70208],[90.453681,23.701912],[90.453707,23.701754],[90.453807,23.701638],[90.454062,23.701495],[90.454391,23.701386],[90.454744,23.701223],[90.454989,23.701073],[90.455269,23.700877],[90.455578,23.700943],[90.456142,23.7012],[90.456448,23.701248],[90.456559,23.701318],[90.456577,23.701436],[90.456578,23.701572],[90.456636,23.701756],[90.457192,23.701815],[90.457523,23.701602],[90.457931,23.701827],[90.458263,23.70193],[90.458423,23.701323],[90.458595,23.701294],[90.458667,23.701159],[90.458942,23.700619],[90.459202,23.700663],[90.45952,23.700095],[90.45924,23.699893],[90.459206,23.699638],[90.458967,23.699527],[90.459068,23.698966],[90.458707,23.69872],[90.458571,23.698689],[90.454129,23.700816],[90.450465,23.702571],[90.450449,23.702579],[90.444544,23.705357],[90.443091,23.705915],[90.439375,23.707831],[90.440063,23.7084],[90.440721,23.708979],[90.440892,23.70924],[90.441082,23.70963],[90.441297,23.710278],[90.441371,23.710499],[90.442185,23.710241],[90.442914,23.710081],[90.443371,23.71005],[90.443788,23.709427],[90.444134,23.708678],[90.445921,23.708545],[90.445959,23.708736],[90.445924,23.708927],[90.44592,23.709137],[90.445959,23.70929],[90.446102,23.709398],[90.446299,23.709401],[90.446478,23.70928],[90.446717,23.709236],[90.446997,23.709241],[90.447214,23.709292],[90.447378,23.7094],[90.447541,23.709536],[90.447695,23.709663],[90.44792,23.70981],[90.448177,23.709929],[90.44824,23.709911],[90.448358,23.709693],[90.448434,23.709513],[90.448511,23.709294],[90.448636,23.709249],[90.448739,23.709289],[90.448884,23.709329],[90.448977,23.709321],[90.449041,23.709227],[90.449139,23.709018],[90.449267,23.70881],[90.449395,23.708631],[90.449689,23.708483],[90.449878,23.708333],[90.450015,23.70824],[90.450339,23.708102],[90.450631,23.70803],[90.450893,23.707929],[90.451113,23.707799],[90.451331,23.707784],[90.451548,23.707835],[90.451766,23.707848],[90.451943,23.707813],[90.452307,23.707742],[90.452691,23.707768],[90.453391,23.707993],[90.453629,23.70807],[90.454649,23.708421],[90.455337,23.7086],[90.455362,23.708588],[90.455517,23.708505],[90.455624,23.708463],[90.455743,23.708344],[90.455797,23.708243],[90.455862,23.708124],[90.455921,23.707957],[90.455939,23.707791],[90.455939,23.707702],[90.455981,23.7076],[90.456046,23.707547],[90.456112,23.707499],[90.456189,23.707238],[90.456272,23.707107],[90.456962,23.707095],[90.457016,23.706452],[90.457319,23.705227],[90.457426,23.705173],[90.457534,23.705162],[90.457688,23.705048],[90.457688,23.704813],[90.457688,23.704579],[90.457643,23.704072],[90.457624,23.703856],[90.457617,23.703775],[90.457404,23.703766],[90.45725,23.70376],[90.45707,23.703752],[90.45689,23.70372],[90.45673,23.703692],[90.456062,23.703415],[90.456029,23.703401],[90.455344,23.70335],[90.454821,23.703311],[90.453477,23.703038],[90.453476,23.703003],[90.453472,23.702633],[90.453599,23.702526]]]}},{"type":"Feature","properties":{"Ward_Name":"DCC South W-63","Exposure":-0.06167251,"Sensitivity":-0.3824788,"Adaptive_Capacity":0.22127374,"Exposure_s":0.506846,"Sensitivity_s":0.26757975,"Adaptive_s":0.33553963,"HVI_raw":0.13523974,"HVI":0.49882752,"HVI_Class":"Moderate","Rank":94.0,"Corporation":"DSCC","Area_m2":4085008.92951064,"LST_mean":33.20614697,"Road_Density":13.2,"industry%":6.979,"Pop_Density":226108.04199219,"SVF_mean":0.837146,"Poverty_HCR":9.4,"build_km2":1549.687,"informal%":2.05,"NDBI_media":-0.03369419,"Green%":18.66,"Blue%":14.688,"Hosp_count":0.0,"NTL_median":10.98750019,"unit_id":"DCC South W-63","name":"DCC South W-63","imputed":[],"center":[90.451972,23.720232]},"geometry":{"type":"Polygon","coordinates":[[[90.453391,23.707993],[90.452691,23.707768],[90.452307,23.707742],[90.451943,23.707813],[90.451766,23.707848],[90.451548,23.707835],[90.451331,23.707784],[90.451113,23.707799],[90.450893,23.707929],[90.450631,23.70803],[90.450339,23.708102],[90.450015,23.70824],[90.449878,23.708333],[90.449689,23.708483],[90.449395,23.708631],[90.449267,23.70881],[90.449139,23.709018],[90.449041,23.709227],[90.448977,23.709321],[90.448884,23.709329],[90.448739,23.709289],[90.448636,23.709249],[90.448511,23.709294],[90.448434,23.709513],[90.448358,23.709693],[90.44824,23.709911],[90.448177,23.709929],[90.44792,23.70981],[90.447695,23.709663],[90.447541,23.709536],[90.447378,23.7094],[90.447214,23.709292],[90.446997,23.709241],[90.446717,23.709236],[90.446478,23.70928],[90.446299,23.709401],[90.446102,23.709398],[90.445959,23.70929],[90.44592,23.709137],[90.445924,23.708927],[90.445959,23.708736],[90.445921,23.708545],[90.444134,23.708678],[90.443788,23.709427],[90.443371,23.71005],[90.442914,23.710081],[90.442185,23.710241],[90.441371,23.710499],[90.441467,23.710507],[90.441465,23.710714],[90.441455,23.710921],[90.441439,23.711127],[90.441415,23.711332],[90.441385,23.711537],[90.441348,23.711741],[90.441304,23.711943],[90.441253,23.712143],[90.441195,23.712342],[90.441131,23.712538],[90.44106,23.712733],[90.440982,23.712925],[90.440504,23.71431],[90.440497,23.714333],[90.440495,23.714359],[90.440401,23.715796],[90.440382,23.716075],[90.440375,23.716225],[90.440375,23.716375],[90.440383,23.716525],[90.440383,23.716526],[90.440397,23.716675],[90.440418,23.716824],[90.440446,23.716971],[90.440482,23.717118],[90.440508,23.717208],[90.440524,23.717262],[90.440573,23.717404],[90.440628,23.717544],[90.44069,23.71768],[90.440759,23.717814],[90.440833,23.717945],[90.440914,23.718071],[90.441001,23.718194],[90.441093,23.718313],[90.441191,23.718427],[90.441294,23.718536],[90.441402,23.71864],[90.441515,23.718739],[90.441633,23.718833],[90.441755,23.718921],[90.441881,23.719003],[90.44201,23.719079],[90.442143,23.719149],[90.442647,23.719504],[90.443155,23.719854],[90.443666,23.720199],[90.44418,23.720539],[90.444245,23.720634],[90.444262,23.720866],[90.444262,23.720988],[90.444255,23.721116],[90.444234,23.721213],[90.444213,23.721284],[90.444141,23.721402],[90.443891,23.721566],[90.442767,23.72229],[90.442744,23.722305],[90.442553,23.722424],[90.442688,23.722521],[90.442827,23.722614],[90.44297,23.722701],[90.443115,23.722783],[90.443264,23.72286],[90.443415,23.72293],[90.443569,23.722996],[90.443726,23.723055],[90.443884,23.723108],[90.444044,23.723156],[90.444206,23.723197],[90.444392,23.72319],[90.444571,23.723183],[90.444801,23.723174],[90.44503,23.723165],[90.445855,23.723138],[90.446679,23.723116],[90.447504,23.7231],[90.448185,23.723092],[90.448186,23.723098],[90.448219,23.723163],[90.448685,23.723214],[90.448825,23.723259],[90.448905,23.723347],[90.448974,23.723366],[90.44909,23.723389],[90.449191,23.723412],[90.449253,23.723438],[90.449283,23.723489],[90.449301,23.723558],[90.4493,23.723633],[90.449294,23.723729],[90.449308,23.723808],[90.449366,23.723827],[90.449436,23.723836],[90.449568,23.723848],[90.449626,23.723885],[90.449663,23.723968],[90.44967,23.724015],[90.44966,23.724112],[90.449651,23.72419],[90.449637,23.724276],[90.449621,23.724333],[90.449561,23.724396],[90.449518,23.72441],[90.449218,23.724416],[90.448226,23.724403],[90.448209,23.724482],[90.448204,23.724575],[90.44821,23.724668],[90.448231,23.724754],[90.448284,23.724845],[90.448397,23.725248],[90.447936,23.725344],[90.447842,23.72535],[90.447733,23.725351],[90.447538,23.725363],[90.447452,23.725393],[90.447378,23.72541],[90.447307,23.725441],[90.447276,23.725473],[90.447269,23.725795],[90.447312,23.725817],[90.447401,23.725826],[90.447513,23.725849],[90.447559,23.72589],[90.447574,23.725936],[90.447571,23.726083],[90.447544,23.726291],[90.44753,23.726376],[90.447478,23.726454],[90.447415,23.726518],[90.447343,23.726599],[90.447236,23.726687],[90.447189,23.726729],[90.447129,23.726785],[90.447117,23.727029],[90.447098,23.727387],[90.447137,23.727606],[90.447124,23.728071],[90.447085,23.72868],[90.44713,23.728723],[90.447294,23.728737],[90.447687,23.728715],[90.447819,23.728735],[90.447869,23.728757],[90.447888,23.728815],[90.447907,23.729191],[90.448231,23.729273],[90.448561,23.72932],[90.448671,23.729352],[90.448728,23.72943],[90.448784,23.729515],[90.448913,23.729594],[90.449016,23.729614],[90.449172,23.729587],[90.44931,23.729523],[90.449614,23.729218],[90.450026,23.729392],[90.450321,23.729528],[90.450846,23.730245],[90.451844,23.731239],[90.451879,23.730995],[90.451901,23.730809],[90.451969,23.730858],[90.452214,23.730927],[90.452486,23.730932],[90.452616,23.730904],[90.452753,23.7309],[90.452869,23.730944],[90.452905,23.731058],[90.452916,23.73116],[90.452952,23.73131],[90.453085,23.731509],[90.453277,23.731608],[90.453533,23.731767],[90.453759,23.731842],[90.453961,23.731816],[90.454105,23.731717],[90.454242,23.731683],[90.454429,23.73174],[90.45477,23.731901],[90.455389,23.732418],[90.456174,23.732712],[90.456626,23.732839],[90.456869,23.732852],[90.456997,23.732574],[90.457041,23.732294],[90.457104,23.732068],[90.45715,23.732015],[90.457119,23.731931],[90.457055,23.731888],[90.457117,23.73174],[90.457209,23.731652],[90.457347,23.731546],[90.457394,23.731476],[90.457396,23.731374],[90.457352,23.731308],[90.457314,23.731247],[90.457355,23.731176],[90.457427,23.731118],[90.457469,23.730951],[90.457576,23.730798],[90.457604,23.730691],[90.4576,23.730583],[90.457647,23.730453],[90.457747,23.730359],[90.457847,23.730193],[90.457868,23.730104],[90.457905,23.729532],[90.457946,23.729437],[90.457967,23.729383],[90.457977,23.729157],[90.458005,23.728718],[90.458034,23.728657],[90.458062,23.728604],[90.458106,23.728537],[90.458165,23.72852],[90.458234,23.728546],[90.45832,23.728554],[90.458421,23.728535],[90.458477,23.728493],[90.458502,23.728407],[90.458547,23.728092],[90.458591,23.727821],[90.458679,23.727486],[90.45882,23.72685],[90.45887,23.726249],[90.458907,23.726164],[90.458943,23.726121],[90.458972,23.726029],[90.458985,23.725936],[90.459013,23.725714],[90.459065,23.725629],[90.459102,23.725565],[90.459116,23.725447],[90.459122,23.725322],[90.459414,23.724324],[90.459438,23.724055],[90.459526,23.723928],[90.459588,23.723574],[90.459797,23.722811],[90.459887,23.722587],[90.45999,23.721908],[90.460166,23.721449],[90.460318,23.720824],[90.460465,23.720268],[90.460541,23.720147],[90.460544,23.719825],[90.460565,23.719714],[90.460641,23.719601],[90.460678,23.719519],[90.460704,23.719405],[90.46076,23.719291],[90.460809,23.719174],[90.460827,23.718651],[90.460952,23.718416],[90.461023,23.717755],[90.461108,23.717584],[90.461211,23.716923],[90.461269,23.716749],[90.461353,23.716621],[90.461409,23.716124],[90.461481,23.716028],[90.461506,23.716015],[90.461506,23.716015],[90.461571,23.71598],[90.461619,23.715952],[90.461675,23.715878],[90.461784,23.715432],[90.461786,23.715163],[90.46181,23.715088],[90.461867,23.714982],[90.461924,23.714871],[90.46197,23.714711],[90.462012,23.714536],[90.462055,23.714304],[90.462108,23.714205],[90.462171,23.714127],[90.462211,23.713887],[90.462227,23.713687],[90.462237,23.713551],[90.462301,23.713448],[90.462352,23.713234],[90.462383,23.712651],[90.46239,23.712479],[90.462477,23.712391],[90.462553,23.712292],[90.462634,23.71216],[90.462656,23.712007],[90.462687,23.711828],[90.462712,23.711739],[90.462784,23.711604],[90.462851,23.710867],[90.461951,23.710662],[90.461056,23.710303],[90.460777,23.710241],[90.460363,23.710206],[90.460029,23.710277],[90.459637,23.710165],[90.457947,23.709583],[90.455589,23.708666],[90.455337,23.7086],[90.454649,23.708421],[90.453629,23.70807],[90.453391,23.707993]]]}},{"type":"Feature","properties":{"Ward_Name":"DCC South W-64","Exposure":-0.23617336,"Sensitivity":-0.47690565,"Adaptive_Capacity":0.70305774,"Exposure_s":0.45861701,"Sensitivity_s":0.24667863,"Adaptive_s":0.52530945,"HVI_raw":0.04962865,"HVI":0.37738585,"HVI_Class":"Low","Rank":114.0,"Corporation":"DSCC","Area_m2":3208702.27986482,"LST_mean":31.8287799,"Road_Density":9.65,"industry%":6.151,"Pop_Density":342505.70751953,"SVF_mean":0.84281905,"Poverty_HCR":10.8,"build_km2":1371.5,"informal%":2.26,"NDBI_media":-0.06931792,"Green%":5.759,"Blue%":22.6,"Hosp_count":5.0,"NTL_median":11.57499981,"unit_id":"DCC South W-64","name":"DCC South W-64","imputed":[],"center":[90.467238,23.722367]},"geometry":{"type":"Polygon","coordinates":[[[90.474712,23.717616],[90.477091,23.71774],[90.478179,23.717797],[90.480931,23.718178],[90.480953,23.71788],[90.480995,23.717745],[90.481073,23.7169],[90.481276,23.716474],[90.481398,23.716161],[90.481475,23.715825],[90.481636,23.715563],[90.481693,23.71542],[90.481649,23.715276],[90.481628,23.715161],[90.481032,23.714958],[90.480826,23.714868],[90.480548,23.714778],[90.480258,23.714735],[90.479494,23.714579],[90.479142,23.714526],[90.478913,23.71456],[90.478777,23.714634],[90.478668,23.714871],[90.47857,23.715137],[90.478431,23.715345],[90.478285,23.715362],[90.477974,23.715357],[90.476784,23.715204],[90.476743,23.715146],[90.476777,23.715003],[90.476842,23.714861],[90.476948,23.714738],[90.477022,23.714682],[90.477097,23.714549],[90.477081,23.714339],[90.477019,23.7143],[90.476791,23.714267],[90.476543,23.714263],[90.476242,23.714249],[90.475578,23.714238],[90.475257,23.714233],[90.474976,23.714238],[90.4748,23.714244],[90.474655,23.714233],[90.474542,23.714183],[90.474555,23.714002],[90.474558,23.713868],[90.474539,23.713763],[90.474468,23.713685],[90.474333,23.713683],[90.474062,23.713774],[90.473739,23.713816],[90.473356,23.713781],[90.473193,23.713616],[90.473246,23.713054],[90.473331,23.712377],[90.473271,23.712299],[90.473065,23.71222],[90.472816,23.712206],[90.472494,23.712201],[90.472236,23.712168],[90.471791,23.712094],[90.470797,23.711972],[90.470394,23.71187],[90.470094,23.711856],[90.469824,23.711861],[90.469761,23.711908],[90.469707,23.712002],[90.469724,23.712194],[90.469732,23.712347],[90.469533,23.712429],[90.469222,23.712405],[90.468963,23.712372],[90.468643,23.71231],[90.468562,23.712203],[90.468461,23.712049],[90.468276,23.71196],[90.467676,23.711893],[90.467116,23.711855],[90.466487,23.711634],[90.464575,23.711259],[90.462851,23.710867],[90.462784,23.711604],[90.462712,23.711739],[90.462687,23.711828],[90.462656,23.712007],[90.462634,23.71216],[90.462553,23.712292],[90.462477,23.712391],[90.46239,23.712479],[90.462383,23.712651],[90.462352,23.713234],[90.462301,23.713448],[90.462237,23.713551],[90.462227,23.713687],[90.462211,23.713887],[90.462171,23.714127],[90.462108,23.714205],[90.462055,23.714304],[90.462012,23.714536],[90.46197,23.714711],[90.461924,23.714871],[90.461867,23.714982],[90.46181,23.715088],[90.461786,23.715163],[90.461784,23.715432],[90.461675,23.715878],[90.461619,23.715952],[90.461571,23.71598],[90.461506,23.716015],[90.461506,23.716015],[90.461481,23.716028],[90.461409,23.716124],[90.461353,23.716621],[90.461269,23.716749],[90.461211,23.716923],[90.461108,23.717584],[90.461023,23.717755],[90.460952,23.718416],[90.460827,23.718651],[90.460809,23.719174],[90.46076,23.719291],[90.460704,23.719405],[90.460678,23.719519],[90.460641,23.719601],[90.460565,23.719714],[90.460544,23.719825],[90.460541,23.720147],[90.460465,23.720268],[90.460318,23.720824],[90.460166,23.721449],[90.45999,23.721908],[90.459887,23.722587],[90.459797,23.722811],[90.459588,23.723574],[90.459526,23.723928],[90.459438,23.724055],[90.459414,23.724324],[90.459122,23.725322],[90.459116,23.725447],[90.459102,23.725565],[90.459065,23.725629],[90.459013,23.725714],[90.458985,23.725936],[90.458972,23.726029],[90.458943,23.726121],[90.458907,23.726164],[90.45887,23.726249],[90.45882,23.72685],[90.458679,23.727486],[90.458591,23.727821],[90.458547,23.728092],[90.458502,23.728407],[90.458477,23.728493],[90.458421,23.728535],[90.45832,23.728554],[90.458234,23.728546],[90.458165,23.72852],[90.458106,23.728537],[90.458062,23.728604],[90.458034,23.728657],[90.458005,23.728718],[90.457977,23.729157],[90.457967,23.729383],[90.457946,23.729437],[90.457905,23.729532],[90.457868,23.730104],[90.457847,23.730193],[90.457747,23.730359],[90.457647,23.730453],[90.4576,23.730583],[90.457604,23.730691],[90.457576,23.730798],[90.457469,23.730951],[90.457427,23.731118],[90.457355,23.731176],[90.457314,23.731247],[90.457352,23.731308],[90.457396,23.731374],[90.457394,23.731476],[90.457347,23.731546],[90.457209,23.731652],[90.457117,23.73174],[90.457055,23.731888],[90.457119,23.731931],[90.45715,23.732015],[90.457104,23.732068],[90.457041,23.732294],[90.456997,23.732574],[90.456869,23.732852],[90.457112,23.732865],[90.458405,23.732749],[90.459546,23.732756],[90.460315,23.732911],[90.460943,23.73294],[90.461322,23.733131],[90.461945,23.733452],[90.462603,23.733654],[90.463099,23.733805],[90.463838,23.733841],[90.464391,23.733767],[90.465045,23.733795],[90.465453,23.733808],[90.465442,23.733644],[90.465437,23.733479],[90.465439,23.733314],[90.465449,23.733149],[90.465465,23.732986],[90.465489,23.732822],[90.46552,23.732661],[90.465558,23.7325],[90.465603,23.732342],[90.465655,23.732185],[90.465713,23.732031],[90.465778,23.73188],[90.46585,23.731731],[90.465928,23.731586],[90.466012,23.731445],[90.466103,23.731307],[90.466199,23.731173],[90.466301,23.731043],[90.466409,23.730919],[90.466521,23.730799],[90.466639,23.730683],[90.466762,23.730574],[90.46677,23.730165],[90.466821,23.729937],[90.467045,23.729618],[90.467594,23.729011],[90.468396,23.728172],[90.469015,23.727573],[90.470064,23.726859],[90.470434,23.726614],[90.470631,23.726489],[90.471934,23.726338],[90.472846,23.72626],[90.473315,23.726146],[90.473504,23.726041],[90.473786,23.72596],[90.474012,23.725942],[90.474253,23.725932],[90.474402,23.725884],[90.474576,23.725715],[90.474691,23.725416],[90.474726,23.725244],[90.474791,23.725081],[90.474825,23.724931],[90.474783,23.724686],[90.47474,23.724478],[90.474714,23.724248],[90.474711,23.72399],[90.474665,23.723531],[90.47445,23.721779],[90.474345,23.721555],[90.47427,23.721418],[90.474242,23.721253],[90.4743,23.721089],[90.474341,23.720968],[90.474398,23.720847],[90.474423,23.720747],[90.47441,23.720639],[90.474287,23.720558],[90.474188,23.720442],[90.474422,23.71998],[90.474457,23.719787],[90.474391,23.719614],[90.474363,23.719442],[90.474343,23.719234],[90.474318,23.718947],[90.474322,23.718732],[90.474334,23.718517],[90.474548,23.717905],[90.474645,23.717741],[90.474712,23.717616]]]}},{"type":"Feature","properties":{"Ward_Name":"DCC South W-65","Exposure":0.05784889,"Sensitivity":-0.06599903,"Adaptive_Capacity":0.09483425,"Exposure_s":0.53987963,"Sensitivity_s":0.33763166,"Adaptive_s":0.2857364,"HVI_raw":0.18763906,"HVI":0.57315739,"HVI_Class":"Moderate","Rank":84.0,"Corporation":"DSCC","Area_m2":4882855.95395113,"LST_mean":31.39097274,"Road_Density":15.98,"industry%":3.956,"Pop_Density":335728.44726562,"SVF_mean":0.7141848,"Poverty_HCR":9.9,"build_km2":2835.99,"informal%":1.33,"NDBI_media":-0.02078709,"Green%":4.71,"Blue%":8.8,"Hosp_count":5.0,"NTL_median":13.11999989,"unit_id":"DCC South W-65","name":"DCC South W-65","imputed":[],"center":[90.470244,23.697825]},"geometry":{"type":"Polygon","coordinates":[[[90.469824,23.711861],[90.470094,23.711856],[90.470394,23.71187],[90.470797,23.711972],[90.471791,23.712094],[90.472236,23.712168],[90.472494,23.712201],[90.472816,23.712206],[90.473065,23.71222],[90.473271,23.712299],[90.473316,23.712069],[90.473316,23.711424],[90.47319,23.711222],[90.473242,23.710062],[90.473262,23.709993],[90.473324,23.709973],[90.473422,23.709966],[90.473619,23.709972],[90.473719,23.710036],[90.473743,23.710126],[90.473751,23.710225],[90.473755,23.710315],[90.47375,23.710416],[90.473749,23.710479],[90.473748,23.710541],[90.473832,23.71057],[90.473948,23.710581],[90.474104,23.710583],[90.474169,23.710539],[90.474229,23.710451],[90.474241,23.710332],[90.474247,23.710203],[90.47425,23.710081],[90.474236,23.709952],[90.474237,23.709881],[90.474255,23.7098],[90.474373,23.709743],[90.474474,23.709688],[90.474505,23.709602],[90.474523,23.709515],[90.474486,23.709431],[90.474284,23.709287],[90.473974,23.709247],[90.473924,23.709162],[90.473866,23.709119],[90.473793,23.709184],[90.473762,23.709306],[90.473729,23.709502],[90.473701,23.709615],[90.473633,23.70976],[90.473533,23.709762],[90.473404,23.709724],[90.47334,23.709654],[90.473372,23.709535],[90.473426,23.709405],[90.473394,23.709219],[90.473396,23.709118],[90.47347,23.708999],[90.473569,23.7089],[90.473643,23.708752],[90.473621,23.708545],[90.473539,23.708491],[90.47345,23.708439],[90.47342,23.708371],[90.473411,23.708274],[90.473477,23.708239],[90.473563,23.708216],[90.47368,23.708214],[90.473758,23.708237],[90.473844,23.708209],[90.47388,23.708156],[90.473905,23.70806],[90.47393,23.707956],[90.473952,23.707839],[90.47397,23.707696],[90.473937,23.707591],[90.473935,23.707484],[90.473937,23.707398],[90.473919,23.70734],[90.473834,23.707321],[90.473628,23.70731],[90.473538,23.707294],[90.4735,23.707265],[90.473521,23.706782],[90.473518,23.706717],[90.473485,23.706638],[90.473416,23.706555],[90.473309,23.706492],[90.473193,23.706451],[90.473152,23.706364],[90.473135,23.706195],[90.473134,23.705887],[90.473158,23.705859],[90.473252,23.705814],[90.473365,23.705783],[90.47351,23.705739],[90.473538,23.70569],[90.473551,23.705615],[90.473513,23.705363],[90.473484,23.705287],[90.473427,23.70519],[90.473414,23.705075],[90.473429,23.704882],[90.473455,23.70475],[90.473442,23.704638],[90.473385,23.704369],[90.473363,23.704261],[90.473357,23.704175],[90.473352,23.703842],[90.473351,23.703691],[90.473354,23.703523],[90.473341,23.703386],[90.473304,23.703307],[90.473173,23.703262],[90.473029,23.703259],[90.472956,23.703208],[90.472934,23.703115],[90.472883,23.702945],[90.472825,23.702719],[90.472855,23.70196],[90.472833,23.701526],[90.472787,23.701443],[90.472703,23.701373],[90.472595,23.701329],[90.472537,23.701299],[90.472524,23.701166],[90.472598,23.700992],[90.472635,23.700896],[90.472652,23.700789],[90.472719,23.700736],[90.472976,23.700754],[90.473714,23.70081],[90.474484,23.700819],[90.474679,23.700807],[90.474725,23.700013],[90.475833,23.700042],[90.476118,23.700014],[90.476224,23.699958],[90.476299,23.699917],[90.476447,23.699908],[90.476695,23.699927],[90.477377,23.700067],[90.478131,23.700147],[90.478615,23.70023],[90.479051,23.700241],[90.479315,23.700252],[90.479388,23.700322],[90.479488,23.700359],[90.479621,23.700354],[90.479696,23.700255],[90.479834,23.700196],[90.479953,23.700241],[90.480065,23.700333],[90.480161,23.700363],[90.480271,23.700322],[90.480458,23.700325],[90.480926,23.700465],[90.481168,23.700619],[90.481278,23.70056],[90.481721,23.699794],[90.481919,23.699575],[90.482018,23.699311],[90.481602,23.699104],[90.481927,23.698135],[90.482036,23.697732],[90.482035,23.697621],[90.482036,23.697531],[90.482058,23.69742],[90.482063,23.697352],[90.482042,23.697241],[90.481961,23.697186],[90.481849,23.697181],[90.481774,23.697212],[90.481765,23.697287],[90.481727,23.697422],[90.481725,23.69753],[90.481711,23.697637],[90.481678,23.697729],[90.481402,23.697969],[90.481061,23.697881],[90.480972,23.697843],[90.480873,23.697759],[90.480617,23.697712],[90.480462,23.697656],[90.480339,23.697586],[90.479833,23.697198],[90.479755,23.697222],[90.479698,23.697364],[90.479605,23.697517],[90.479549,23.69782],[90.478884,23.697809],[90.478769,23.697886],[90.478695,23.697907],[90.478613,23.697905],[90.478475,23.697638],[90.478322,23.697463],[90.478247,23.697319],[90.478212,23.69715],[90.478195,23.696996],[90.478169,23.696759],[90.478091,23.696546],[90.477907,23.696206],[90.477933,23.696067],[90.477895,23.696006],[90.477621,23.695471],[90.477623,23.695396],[90.477645,23.695274],[90.477642,23.695188],[90.477571,23.695062],[90.477343,23.694757],[90.476661,23.694825],[90.476419,23.694857],[90.47626,23.694879],[90.47612,23.694855],[90.476095,23.69473],[90.476119,23.694522],[90.476135,23.694286],[90.476337,23.694296],[90.476531,23.694314],[90.476725,23.694335],[90.476884,23.694345],[90.476994,23.694339],[90.477107,23.694302],[90.477213,23.694232],[90.477293,23.694162],[90.477342,23.693998],[90.477331,23.69336],[90.477376,23.693267],[90.47747,23.693204],[90.477554,23.693113],[90.477583,23.693006],[90.477581,23.692858],[90.477434,23.692731],[90.477346,23.692598],[90.477336,23.692436],[90.47739,23.692342],[90.477449,23.692271],[90.477523,23.692153],[90.477519,23.692039],[90.477444,23.691901],[90.477421,23.691715],[90.477345,23.691302],[90.477306,23.690955],[90.477237,23.690841],[90.477043,23.690837],[90.476802,23.690857],[90.476491,23.690888],[90.476335,23.690904],[90.476101,23.6909],[90.476051,23.690803],[90.475945,23.690605],[90.475838,23.69043],[90.475647,23.690265],[90.475617,23.690145],[90.475533,23.689792],[90.475449,23.689438],[90.47502,23.688452],[90.474932,23.688319],[90.474776,23.688317],[90.474425,23.6884],[90.473896,23.688577],[90.473374,23.688736],[90.473133,23.688815],[90.472821,23.68887],[90.472705,23.688814],[90.472572,23.688645],[90.472491,23.688464],[90.472404,23.688266],[90.472343,23.688104],[90.47227,23.687858],[90.472094,23.687222],[90.471895,23.687135],[90.471798,23.687104],[90.47152,23.687039],[90.471444,23.686967],[90.471382,23.686798],[90.471384,23.686697],[90.471356,23.68647],[90.471298,23.686158],[90.471164,23.686001],[90.471096,23.685868],[90.471106,23.685689],[90.471206,23.68553],[90.471202,23.68538],[90.471207,23.685142],[90.47117,23.685028],[90.471026,23.684792],[90.470967,23.684469],[90.470939,23.684218],[90.470866,23.684014],[90.47077,23.683946],[90.470642,23.683837],[90.470522,23.683668],[90.470374,23.683605],[90.470231,23.683609],[90.470114,23.683649],[90.469886,23.683705],[90.469619,23.68376],[90.469339,23.683821],[90.46915,23.683896],[90.469005,23.684007],[90.468898,23.68419],[90.468849,23.684357],[90.468841,23.684775],[90.468835,23.685085],[90.468851,23.685611],[90.468909,23.685934],[90.469061,23.686145],[90.469112,23.686516],[90.469095,23.686725],[90.469019,23.686963],[90.468875,23.687044],[90.468726,23.687048],[90.468604,23.686998],[90.468554,23.686907],[90.468513,23.68665],[90.468445,23.686464],[90.468357,23.686361],[90.468248,23.686293],[90.468118,23.686297],[90.46802,23.686337],[90.467837,23.686412],[90.467669,23.686397],[90.467559,23.686348],[90.467503,23.686257],[90.46746,23.686107],[90.46749,23.685893],[90.467533,23.68535],[90.467554,23.68427],[90.467538,23.684102],[90.467468,23.684053],[90.467377,23.684058],[90.467267,23.684044],[90.467197,23.683948],[90.467109,23.683821],[90.467027,23.6837],[90.466933,23.683537],[90.466797,23.683523],[90.466692,23.683593],[90.466406,23.683654],[90.46625,23.683651],[90.466219,23.683561],[90.466211,23.683328],[90.466148,23.683214],[90.46604,23.683105],[90.465865,23.68312],[90.46574,23.683225],[90.465684,23.683403],[90.465716,23.683756],[90.465934,23.684231],[90.466007,23.684471],[90.466004,23.684639],[90.465949,23.684811],[90.465825,23.684857],[90.465734,23.684861],[90.465674,23.684938],[90.465704,23.685069],[90.465773,23.685202],[90.4658,23.685447],[90.465688,23.685571],[90.465505,23.685657],[90.465361,23.685715],[90.4653,23.685839],[90.46533,23.685965],[90.4654,23.686038],[90.465398,23.686145],[90.465351,23.686222],[90.465098,23.686588],[90.4649,23.686746],[90.465305,23.687008],[90.465591,23.687127],[90.46565,23.687271],[90.465701,23.687458],[90.465704,23.68768],[90.465597,23.688424],[90.465438,23.689016],[90.465317,23.6892],[90.465081,23.689354],[90.464716,23.689327],[90.464421,23.689272],[90.463861,23.689255],[90.46337,23.689297],[90.463003,23.689377],[90.462721,23.689502],[90.462561,23.6897],[90.462242,23.690497],[90.462064,23.690867],[90.461873,23.691078],[90.461413,23.691128],[90.461025,23.691093],[90.460388,23.691025],[90.459867,23.691024],[90.458877,23.691122],[90.458502,23.691173],[90.458358,23.691415],[90.458315,23.691615],[90.458216,23.691907],[90.458044,23.691933],[90.457725,23.691956],[90.457584,23.691997],[90.457596,23.692162],[90.457654,23.692421],[90.457588,23.692577],[90.457293,23.692587],[90.457074,23.692633],[90.456977,23.692796],[90.456988,23.69304],[90.457108,23.693286],[90.457183,23.693437],[90.457349,23.693684],[90.457384,23.693871],[90.457365,23.694085],[90.457331,23.694214],[90.457245,23.694255],[90.456916,23.694357],[90.456844,23.694464],[90.456889,23.694543],[90.457076,23.694546],[90.457208,23.694534],[90.457443,23.694481],[90.457613,23.694498],[90.457744,23.694564],[90.457828,23.694652],[90.457826,23.694766],[90.457808,23.694895],[90.457733,23.695205],[90.45773,23.69536],[90.457702,23.695515],[90.457602,23.695626],[90.457245,23.695644],[90.456928,23.695621],[90.456894,23.695704],[90.456884,23.6962],[90.456785,23.696658],[90.456723,23.69683],[90.45657,23.69703],[90.456529,23.697149],[90.456615,23.69736],[90.456723,23.697469],[90.456994,23.697581],[90.457343,23.69764],[90.457525,23.697578],[90.457633,23.6974],[90.457694,23.697234],[90.457736,23.697085],[90.457841,23.697027],[90.458099,23.697079],[90.458311,23.697178],[90.458534,23.697409],[90.45853,23.697594],[90.458509,23.698018],[90.458494,23.698143],[90.458431,23.698345],[90.458332,23.698468],[90.458329,23.698612],[90.458571,23.698689],[90.458707,23.69872],[90.459068,23.698966],[90.458967,23.699527],[90.459206,23.699638],[90.45924,23.699893],[90.45952,23.700095],[90.459202,23.700663],[90.458942,23.700619],[90.458667,23.701159],[90.458595,23.701294],[90.458423,23.701323],[90.458263,23.70193],[90.457931,23.701827],[90.457523,23.701602],[90.457192,23.701815],[90.456636,23.701756],[90.456578,23.701572],[90.456577,23.701436],[90.456559,23.701318],[90.456448,23.701248],[90.456142,23.7012],[90.455578,23.700943],[90.455269,23.700877],[90.454989,23.701073],[90.454744,23.701223],[90.454391,23.701386],[90.454062,23.701495],[90.453807,23.701638],[90.453707,23.701754],[90.453681,23.701912],[90.453705,23.70208],[90.453729,23.702213],[90.453727,23.702317],[90.453678,23.702424],[90.453599,23.702526],[90.453472,23.702633],[90.453476,23.703003],[90.453477,23.703038],[90.454821,23.703311],[90.455344,23.70335],[90.456029,23.703401],[90.456062,23.703415],[90.45673,23.703692],[90.45689,23.70372],[90.45707,23.703752],[90.45725,23.70376],[90.457404,23.703766],[90.457617,23.703775],[90.457624,23.703856],[90.457643,23.704072],[90.457688,23.704579],[90.457688,23.704813],[90.457688,23.705048],[90.457534,23.705162],[90.457426,23.705173],[90.457319,23.705227],[90.457016,23.706452],[90.456962,23.707095],[90.456272,23.707107],[90.456189,23.707238],[90.456112,23.707499],[90.456046,23.707547],[90.455981,23.7076],[90.455939,23.707702],[90.455939,23.707791],[90.455921,23.707957],[90.455862,23.708124],[90.455797,23.708243],[90.455743,23.708344],[90.455624,23.708463],[90.455517,23.708505],[90.455362,23.708588],[90.455337,23.7086],[90.455589,23.708666],[90.457947,23.709583],[90.459637,23.710165],[90.460029,23.710277],[90.460363,23.710206],[90.460777,23.710241],[90.461056,23.710303],[90.461951,23.710662],[90.462851,23.710867],[90.464575,23.711259],[90.466487,23.711634],[90.467116,23.711855],[90.467676,23.711893],[90.468276,23.71196],[90.468461,23.712049],[90.468562,23.712203],[90.468643,23.71231],[90.468963,23.712372],[90.469222,23.712405],[90.469533,23.712429],[90.469732,23.712347],[90.469724,23.712194],[90.469707,23.712002],[90.469761,23.711908],[90.469824,23.711861]]]}},{"type":"Feature","properties":{"Ward_Name":"DCC South W-66","Exposure":-0.46724201,"Sensitivity":0.00161715,"Adaptive_Capacity":-0.24645558,"Exposure_s":0.39475367,"Sensitivity_s":0.35259832,"Adaptive_s":0.1513058,"HVI_raw":0.19577448,"HVI":0.5846977,"HVI_Class":"Moderate","Rank":81.0,"Corporation":"DSCC","Area_m2":3531469.07827842,"LST_mean":31.75166228,"Road_Density":16.68,"industry%":0.538,"Pop_Density":131048.86328125,"SVF_mean":0.7557784,"Poverty_HCR":12.4,"build_km2":2914.512,"informal%":1.81,"NDBI_media":-0.04928733,"Green%":11.207,"Blue%":4.843,"Hosp_count":1.0,"NTL_median":13.1366663,"unit_id":"DCC South W-66","name":"DCC South W-66","imputed":[],"center":[90.481464,23.706107]},"geometry":{"type":"Polygon","coordinates":[[[90.487753,23.714671],[90.487746,23.714536],[90.487731,23.7144],[90.487711,23.714266],[90.487684,23.714133],[90.48765,23.714002],[90.48761,23.713872],[90.487564,23.713744],[90.487512,23.713619],[90.487454,23.713496],[90.487391,23.713376],[90.487321,23.713259],[90.487246,23.713146],[90.48705,23.712842],[90.487071,23.712753],[90.487131,23.712664],[90.487296,23.712545],[90.487411,23.712461],[90.487463,23.712379],[90.487492,23.712308],[90.487509,23.711585],[90.487562,23.711478],[90.487645,23.711408],[90.487658,23.711322],[90.48762,23.711096],[90.487615,23.710924],[90.487609,23.710831],[90.487647,23.710717],[90.487738,23.710632],[90.487819,23.710057],[90.487885,23.709875],[90.487933,23.709765],[90.487963,23.709654],[90.487984,23.709554],[90.488044,23.709469],[90.488243,23.70944],[90.488449,23.709469],[90.488638,23.70954],[90.488796,23.70961],[90.488839,23.709221],[90.488892,23.709096],[90.488933,23.708989],[90.489002,23.708804],[90.489029,23.708647],[90.489032,23.708482],[90.488999,23.70836],[90.488961,23.708298],[90.488881,23.708232],[90.488777,23.708181],[90.488727,23.708122],[90.488733,23.708044],[90.488789,23.707955],[90.48886,23.707877],[90.488942,23.707703],[90.489014,23.707558],[90.489087,23.707419],[90.489196,23.707227],[90.489237,23.707131],[90.48939,23.706829],[90.489534,23.706652],[90.489633,23.70655],[90.48972,23.70648],[90.489768,23.70642],[90.489785,23.706327],[90.489814,23.706055],[90.489874,23.705941],[90.489962,23.705825],[90.490078,23.705665],[90.49017,23.705509],[90.49023,23.705417],[90.490271,23.705317],[90.490332,23.705211],[90.490388,23.705111],[90.490441,23.704994],[90.490545,23.704856],[90.490585,23.704778],[90.490658,23.704632],[90.490695,23.704543],[90.490778,23.704448],[90.490865,23.704363],[90.490917,23.7043],[90.490957,23.704221],[90.490995,23.704097],[90.491035,23.704011],[90.491095,23.70393],[90.491163,23.703849],[90.491241,23.703821],[90.491343,23.703805],[90.491483,23.703782],[90.491577,23.703762],[90.491652,23.703713],[90.4917,23.703639],[90.491785,23.703493],[90.491838,23.703362],[90.491819,23.703293],[90.491806,23.703203],[90.491807,23.703125],[90.491844,23.703014],[90.491929,23.702847],[90.491947,23.702733],[90.49198,23.702612],[90.492036,23.702566],[90.49223,23.702569],[90.492355,23.702568],[90.49253,23.70257],[90.492639,23.702561],[90.492718,23.702509],[90.492746,23.702431],[90.492757,23.702287],[90.492778,23.702191],[90.492833,23.701892],[90.492769,23.701852],[90.492731,23.70178],[90.492715,23.701643],[90.492718,23.701475],[90.492741,23.701303],[90.492756,23.701189],[90.492655,23.701051],[90.492545,23.701037],[90.492404,23.700915],[90.492246,23.700721],[90.492203,23.700583],[90.492162,23.700362],[90.492164,23.700231],[90.492167,23.700123],[90.492246,23.700017],[90.492319,23.69997],[90.492391,23.699906],[90.492393,23.699816],[90.492349,23.699714],[90.492097,23.69971],[90.49168,23.699811],[90.491427,23.699825],[90.491213,23.699821],[90.49098,23.699764],[90.490897,23.699714],[90.490804,23.699468],[90.490762,23.699312],[90.490759,23.699109],[90.490663,23.699048],[90.490534,23.699028],[90.490384,23.699067],[90.490307,23.69903],[90.490257,23.69891],[90.490167,23.698897],[90.489869,23.698886],[90.489753,23.69883],[90.489717,23.69871],[90.489693,23.698566],[90.48969,23.698393],[90.489673,23.698285],[90.48961,23.698177],[90.489462,23.698151],[90.489144,23.698146],[90.489015,23.69809],[90.489013,23.697857],[90.48903,23.697678],[90.489028,23.697445],[90.48894,23.697264],[90.488934,23.697254],[90.488846,23.697096],[90.488852,23.696809],[90.488757,23.696688],[90.488622,23.696597],[90.488442,23.696546],[90.488201,23.696614],[90.488064,23.696653],[90.487688,23.696736],[90.487686,23.696737],[90.487408,23.69672],[90.487117,23.696644],[90.486905,23.696557],[90.486785,23.696406],[90.486692,23.696159],[90.486661,23.696075],[90.486549,23.695834],[90.486429,23.695677],[90.486289,23.69555],[90.486109,23.695445],[90.485941,23.695413],[90.485747,23.69538],[90.48543,23.695357],[90.485263,23.695288],[90.48518,23.695209],[90.48509,23.695154],[90.484877,23.695127],[90.484715,23.6951],[90.484411,23.695089],[90.4841,23.69506],[90.483847,23.695056],[90.483575,23.695058],[90.483426,23.695055],[90.483206,23.69504],[90.48258,23.69488],[90.482118,23.69464],[90.481139,23.69426],[90.480911,23.694187],[90.480727,23.694128],[90.480489,23.694004],[90.480421,23.693842],[90.480336,23.6937],[90.480277,23.693601],[90.480033,23.693442],[90.479796,23.693324],[90.479448,23.693223],[90.479223,23.693118],[90.478822,23.693052],[90.478537,23.693029],[90.47822,23.693006],[90.477949,23.692954],[90.477581,23.692858],[90.477583,23.693006],[90.477554,23.693113],[90.47747,23.693204],[90.477376,23.693267],[90.477331,23.69336],[90.477342,23.693998],[90.477293,23.694162],[90.477213,23.694232],[90.477107,23.694302],[90.476994,23.694339],[90.476884,23.694345],[90.476725,23.694335],[90.476531,23.694314],[90.476337,23.694296],[90.476135,23.694286],[90.476119,23.694522],[90.476095,23.69473],[90.47612,23.694855],[90.47626,23.694879],[90.476419,23.694857],[90.476661,23.694825],[90.477343,23.694757],[90.477571,23.695062],[90.477642,23.695188],[90.477645,23.695274],[90.477623,23.695396],[90.477621,23.695471],[90.477895,23.696006],[90.477933,23.696067],[90.477907,23.696206],[90.478091,23.696546],[90.478169,23.696759],[90.478195,23.696996],[90.478212,23.69715],[90.478247,23.697319],[90.478322,23.697463],[90.478475,23.697638],[90.478613,23.697905],[90.478695,23.697907],[90.478769,23.697886],[90.478884,23.697809],[90.479549,23.69782],[90.479605,23.697517],[90.479698,23.697364],[90.479755,23.697222],[90.479833,23.697198],[90.480339,23.697586],[90.480462,23.697656],[90.480617,23.697712],[90.480873,23.697759],[90.480972,23.697843],[90.481061,23.697881],[90.481402,23.697969],[90.481678,23.697729],[90.481711,23.697637],[90.481725,23.69753],[90.481727,23.697422],[90.481765,23.697287],[90.481774,23.697212],[90.481849,23.697181],[90.481961,23.697186],[90.482042,23.697241],[90.482063,23.697352],[90.482058,23.69742],[90.482036,23.697531],[90.482035,23.697621],[90.482036,23.697732],[90.481927,23.698135],[90.481602,23.699104],[90.482018,23.699311],[90.481919,23.699575],[90.481721,23.699794],[90.481278,23.70056],[90.481168,23.700619],[90.480926,23.700465],[90.480458,23.700325],[90.480271,23.700322],[90.480161,23.700363],[90.480065,23.700333],[90.479953,23.700241],[90.479834,23.700196],[90.479696,23.700255],[90.479621,23.700354],[90.479488,23.700359],[90.479388,23.700322],[90.479315,23.700252],[90.479051,23.700241],[90.478615,23.70023],[90.478131,23.700147],[90.477377,23.700067],[90.476695,23.699927],[90.476447,23.699908],[90.476299,23.699917],[90.476224,23.699958],[90.476118,23.700014],[90.475833,23.700042],[90.474725,23.700013],[90.474679,23.700807],[90.474484,23.700819],[90.473714,23.70081],[90.472976,23.700754],[90.472719,23.700736],[90.472652,23.700789],[90.472635,23.700896],[90.472598,23.700992],[90.472524,23.701166],[90.472537,23.701299],[90.472595,23.701329],[90.472703,23.701373],[90.472787,23.701443],[90.472833,23.701526],[90.472855,23.70196],[90.472825,23.702719],[90.472883,23.702945],[90.472934,23.703115],[90.472956,23.703208],[90.473029,23.703259],[90.473173,23.703262],[90.473304,23.703307],[90.473341,23.703386],[90.473354,23.703523],[90.473351,23.703691],[90.473352,23.703842],[90.473357,23.704175],[90.473363,23.704261],[90.473385,23.704369],[90.473442,23.704638],[90.473455,23.70475],[90.473429,23.704882],[90.473414,23.705075],[90.473427,23.70519],[90.473484,23.705287],[90.473513,23.705363],[90.473551,23.705615],[90.473538,23.70569],[90.47351,23.705739],[90.473365,23.705783],[90.473252,23.705814],[90.473158,23.705859],[90.473134,23.705887],[90.473135,23.706195],[90.473152,23.706364],[90.473193,23.706451],[90.473309,23.706492],[90.473416,23.706555],[90.473485,23.706638],[90.473518,23.706717],[90.473521,23.706782],[90.4735,23.707265],[90.473538,23.707294],[90.473628,23.70731],[90.473834,23.707321],[90.473919,23.70734],[90.473937,23.707398],[90.473935,23.707484],[90.473937,23.707591],[90.47397,23.707696],[90.473952,23.707839],[90.47393,23.707956],[90.473905,23.70806],[90.47388,23.708156],[90.473844,23.708209],[90.473758,23.708237],[90.47368,23.708214],[90.473563,23.708216],[90.473477,23.708239],[90.473411,23.708274],[90.47342,23.708371],[90.47345,23.708439],[90.473539,23.708491],[90.473621,23.708545],[90.473643,23.708752],[90.473569,23.7089],[90.47347,23.708999],[90.473396,23.709118],[90.473394,23.709219],[90.473426,23.709405],[90.473372,23.709535],[90.47334,23.709654],[90.473404,23.709724],[90.473533,23.709762],[90.473633,23.70976],[90.473701,23.709615],[90.473729,23.709502],[90.473762,23.709306],[90.473793,23.709184],[90.473866,23.709119],[90.473924,23.709162],[90.473974,23.709247],[90.474284,23.709287],[90.474486,23.709431],[90.474523,23.709515],[90.474505,23.709602],[90.474474,23.709688],[90.474373,23.709743],[90.474255,23.7098],[90.474237,23.709881],[90.474236,23.709952],[90.47425,23.710081],[90.474247,23.710203],[90.474241,23.710332],[90.474229,23.710451],[90.474169,23.710539],[90.474104,23.710583],[90.473948,23.710581],[90.473832,23.71057],[90.473748,23.710541],[90.473749,23.710479],[90.47375,23.710416],[90.473755,23.710315],[90.473751,23.710225],[90.473743,23.710126],[90.473719,23.710036],[90.473619,23.709972],[90.473422,23.709966],[90.473324,23.709973],[90.473262,23.709993],[90.473242,23.710062],[90.47319,23.711222],[90.473316,23.711424],[90.473316,23.712069],[90.473271,23.712299],[90.473331,23.712377],[90.473246,23.713054],[90.473193,23.713616],[90.473356,23.713781],[90.473739,23.713816],[90.474062,23.713774],[90.474333,23.713683],[90.474468,23.713685],[90.474539,23.713763],[90.474558,23.713868],[90.474555,23.714002],[90.474542,23.714183],[90.474655,23.714233],[90.4748,23.714244],[90.474976,23.714238],[90.475257,23.714233],[90.475578,23.714238],[90.476242,23.714249],[90.476543,23.714263],[90.476791,23.714267],[90.477019,23.7143],[90.477081,23.714339],[90.477097,23.714549],[90.477022,23.714682],[90.476948,23.714738],[90.476842,23.714861],[90.476777,23.715003],[90.476743,23.715146],[90.476784,23.715204],[90.477974,23.715357],[90.478285,23.715362],[90.478431,23.715345],[90.47857,23.715137],[90.478668,23.714871],[90.478777,23.714634],[90.478913,23.71456],[90.479142,23.714526],[90.479494,23.714579],[90.480258,23.714735],[90.480548,23.714778],[90.480826,23.714868],[90.481032,23.714958],[90.481628,23.715161],[90.481649,23.715276],[90.481693,23.71542],[90.481636,23.715563],[90.481475,23.715825],[90.481398,23.716161],[90.481276,23.716474],[90.481073,23.7169],[90.480995,23.717745],[90.480953,23.71788],[90.480931,23.718178],[90.482619,23.718411],[90.48693,23.718939],[90.488252,23.719246],[90.487517,23.718639],[90.487399,23.717782],[90.487266,23.716593],[90.487846,23.716373],[90.487809,23.715864],[90.487694,23.715346],[90.487719,23.715212],[90.487737,23.715078],[90.487749,23.714943],[90.487754,23.714807],[90.487753,23.714671]]]}},{"type":"Feature","properties":{"Ward_Name":"DCC South W-67","Exposure":-0.03802533,"Sensitivity":0.15203006,"Adaptive_Capacity":-0.17705142,"Exposure_s":0.51338167,"Sensitivity_s":0.38589179,"Adaptive_s":0.17864339,"HVI_raw":0.23373226,"HVI":0.63854186,"HVI_Class":"High","Rank":63.0,"Corporation":"DSCC","Area_m2":1932904.0859801,"LST_mean":32.64645522,"Road_Density":13.08,"industry%":17.457,"Pop_Density":81865.234375,"SVF_mean":0.77660956,"Poverty_HCR":10.9,"build_km2":3293.551,"informal%":6.54,"NDBI_media":-0.03227529,"Green%":3.603,"Blue%":10.95,"Hosp_count":0.0,"NTL_median":13.77374983,"unit_id":"DCC South W-67","name":"DCC South W-67","imputed":[],"center":[90.500105,23.707667]},"geometry":{"type":"Polygon","coordinates":[[[90.492833,23.701892],[90.492778,23.702191],[90.492757,23.702287],[90.492746,23.702431],[90.492718,23.702509],[90.492639,23.702561],[90.49253,23.70257],[90.492355,23.702568],[90.49223,23.702569],[90.492036,23.702566],[90.49198,23.702612],[90.491947,23.702733],[90.491929,23.702847],[90.491844,23.703014],[90.491807,23.703125],[90.491806,23.703203],[90.491819,23.703293],[90.491838,23.703362],[90.491785,23.703493],[90.4917,23.703639],[90.491652,23.703713],[90.491577,23.703762],[90.491483,23.703782],[90.491343,23.703805],[90.491241,23.703821],[90.491163,23.703849],[90.491095,23.70393],[90.491035,23.704011],[90.490995,23.704097],[90.490957,23.704221],[90.490917,23.7043],[90.490865,23.704363],[90.490778,23.704448],[90.490695,23.704543],[90.490658,23.704632],[90.490585,23.704778],[90.490545,23.704856],[90.490441,23.704994],[90.490388,23.705111],[90.490332,23.705211],[90.490271,23.705317],[90.49023,23.705417],[90.49017,23.705509],[90.490078,23.705665],[90.489962,23.705825],[90.489874,23.705941],[90.489814,23.706055],[90.489785,23.706327],[90.489768,23.70642],[90.48972,23.70648],[90.489633,23.70655],[90.489534,23.706652],[90.48939,23.706829],[90.489237,23.707131],[90.489196,23.707227],[90.489087,23.707419],[90.489014,23.707558],[90.488942,23.707703],[90.48886,23.707877],[90.488789,23.707955],[90.488733,23.708044],[90.488727,23.708122],[90.488777,23.708181],[90.488881,23.708232],[90.488961,23.708298],[90.488999,23.70836],[90.489032,23.708482],[90.489029,23.708647],[90.489002,23.708804],[90.488933,23.708989],[90.488892,23.709096],[90.488839,23.709221],[90.488796,23.70961],[90.488638,23.70954],[90.488449,23.709469],[90.488243,23.70944],[90.488044,23.709469],[90.487984,23.709554],[90.487963,23.709654],[90.487933,23.709765],[90.487885,23.709875],[90.487819,23.710057],[90.487738,23.710632],[90.487647,23.710717],[90.487609,23.710831],[90.487615,23.710924],[90.488034,23.710937],[90.488596,23.711042],[90.489081,23.711115],[90.490004,23.711266],[90.491347,23.711452],[90.492251,23.711564],[90.49336,23.711765],[90.494567,23.711949],[90.495424,23.712077],[90.49679,23.712264],[90.498071,23.712414],[90.498435,23.712542],[90.499196,23.712597],[90.500279,23.712751],[90.501555,23.712943],[90.502148,23.713085],[90.5029,23.713216],[90.503755,23.71328],[90.504438,23.713387],[90.50533,23.713527],[90.505867,23.713514],[90.506292,23.713634],[90.506636,23.713531],[90.507334,23.713074],[90.508347,23.712474],[90.50926,23.711648],[90.509996,23.710848],[90.511399,23.709371],[90.512252,23.708429],[90.512218,23.708319],[90.512054,23.70823],[90.511385,23.707933],[90.510329,23.707524],[90.509748,23.707462],[90.508416,23.707244],[90.506617,23.707077],[90.505556,23.706917],[90.504675,23.706897],[90.50345,23.706877],[90.503132,23.706872],[90.502992,23.706738],[90.502923,23.706606],[90.502686,23.706465],[90.502545,23.706355],[90.502443,23.706276],[90.502316,23.706124],[90.502188,23.70608],[90.501941,23.706082],[90.50178,23.706032],[90.501731,23.705888],[90.501728,23.705703],[90.501726,23.705464],[90.501782,23.70491],[90.501867,23.704523],[90.501817,23.704438],[90.5017,23.704419],[90.501454,23.704397],[90.501228,23.704363],[90.501125,23.704356],[90.500996,23.704282],[90.500934,23.704126],[90.500939,23.703863],[90.500955,23.703726],[90.500972,23.703535],[90.501052,23.703399],[90.501093,23.703286],[90.501277,23.70317],[90.501201,23.703067],[90.501053,23.703005],[90.500951,23.702908],[90.500819,23.702715],[90.500769,23.702577],[90.500663,23.70239],[90.500497,23.702256],[90.500264,23.702216],[90.499966,23.702211],[90.49968,23.702213],[90.499434,23.702215],[90.499233,23.702229],[90.499102,23.702275],[90.498893,23.702361],[90.498736,23.702436],[90.498522,23.702433],[90.498149,23.702588],[90.497948,23.702615],[90.497489,23.702535],[90.497237,23.702478],[90.49698,23.702384],[90.496851,23.70231],[90.496711,23.7022],[90.496628,23.702115],[90.496467,23.702053],[90.496358,23.702016],[90.496184,23.701929],[90.496056,23.701873],[90.495384,23.701746],[90.49493,23.701738],[90.494528,23.701756],[90.49423,23.701757],[90.493931,23.701794],[90.493547,23.701847],[90.493404,23.701881],[90.493117,23.701936],[90.492897,23.701932],[90.492833,23.701892]]]}},{"type":"Feature","properties":{"Ward_Name":"DCC South W-68","Exposure":-0.23996473,"Sensitivity":0.47690649,"Adaptive_Capacity":0.01273719,"Exposure_s":0.45756915,"Sensitivity_s":0.45780229,"Adaptive_s":0.2533992,"HVI_raw":0.21895023,"HVI":0.61757315,"HVI_Class":"High","Rank":69.0,"Corporation":"DSCC","Area_m2":1318488.51277376,"LST_mean":33.15332569,"Road_Density":21.53,"industry%":0.527,"Pop_Density":76325.74023438,"SVF_mean":0.78573316,"Poverty_HCR":13.0,"build_km2":3232.075,"informal%":9.99,"NDBI_media":-0.00714888,"Green%":7.357,"Blue%":8.59,"Hosp_count":3.0,"NTL_median":13.90250015,"unit_id":"DCC South W-68","name":"DCC South W-68","imputed":[],"center":[90.49426,23.716358]},"geometry":{"type":"Polygon","coordinates":[[[90.506292,23.713634],[90.505867,23.713514],[90.50533,23.713527],[90.504438,23.713387],[90.503755,23.71328],[90.5029,23.713216],[90.502148,23.713085],[90.501555,23.712943],[90.500279,23.712751],[90.499196,23.712597],[90.498435,23.712542],[90.498071,23.712414],[90.49679,23.712264],[90.495424,23.712077],[90.494567,23.711949],[90.49336,23.711765],[90.492251,23.711564],[90.491347,23.711452],[90.490004,23.711266],[90.489081,23.711115],[90.488596,23.711042],[90.488034,23.710937],[90.487615,23.710924],[90.48762,23.711096],[90.487658,23.711322],[90.487645,23.711408],[90.487562,23.711478],[90.487509,23.711585],[90.487492,23.712308],[90.487463,23.712379],[90.487411,23.712461],[90.487296,23.712545],[90.487131,23.712664],[90.487071,23.712753],[90.48705,23.712842],[90.487246,23.713146],[90.487321,23.713259],[90.487391,23.713376],[90.487454,23.713496],[90.487512,23.713619],[90.487564,23.713744],[90.48761,23.713872],[90.48765,23.714002],[90.487684,23.714133],[90.487711,23.714266],[90.487731,23.7144],[90.487746,23.714536],[90.487753,23.714671],[90.487754,23.714807],[90.487749,23.714943],[90.487737,23.715078],[90.487719,23.715212],[90.487694,23.715346],[90.487809,23.715864],[90.487846,23.716373],[90.487266,23.716593],[90.487399,23.717782],[90.487517,23.718639],[90.488252,23.719246],[90.493826,23.720538],[90.49601,23.721195],[90.498195,23.721852],[90.498834,23.72185],[90.498915,23.721737],[90.498918,23.721608],[90.498894,23.721464],[90.498878,23.721225],[90.498962,23.720357],[90.498948,23.71975],[90.499047,23.71947],[90.499194,23.719095],[90.499785,23.718035],[90.500241,23.71723],[90.500751,23.716345],[90.501284,23.715833],[90.502081,23.71512],[90.502644,23.714747],[90.503516,23.714431],[90.504528,23.714161],[90.506292,23.713634]]]}},{"type":"Feature","properties":{"Ward_Name":"DCC South W-69","Exposure":-0.77095599,"Sensitivity":-0.27557116,"Adaptive_Capacity":0.34035416,"Exposure_s":0.31081243,"Sensitivity_s":0.29124346,"Adaptive_s":0.3824442,"HVI_raw":0.07079275,"HVI":0.40740771,"HVI_Class":"Moderate","Rank":111.0,"Corporation":"DSCC","Area_m2":1982484.38537459,"LST_mean":32.12158892,"Road_Density":7.64,"industry%":7.577,"Pop_Density":39337.23242188,"SVF_mean":0.82869606,"Poverty_HCR":13.0,"build_km2":1516.001,"informal%":7.36,"NDBI_media":-0.0892881,"Green%":33.026,"Blue%":8.207,"Hosp_count":2.0,"NTL_median":10.25250053,"unit_id":"DCC South W-69","name":"DCC South W-69","imputed":[],"center":[90.492531,23.728159]},"geometry":{"type":"Polygon","coordinates":[[[90.488759,23.736915],[90.488791,23.736858],[90.488916,23.73686],[90.489144,23.736864],[90.489279,23.736866],[90.489373,23.73681],[90.489562,23.736737],[90.489976,23.736763],[90.491533,23.736782],[90.491421,23.736466],[90.491368,23.736288],[90.4913,23.736058],[90.491286,23.735934],[90.491264,23.735728],[90.491257,23.735561],[90.491338,23.735137],[90.491523,23.734672],[90.491727,23.734044],[90.491827,23.733707],[90.491979,23.733375],[90.492049,23.733233],[90.492104,23.733081],[90.492229,23.733021],[90.492407,23.732938],[90.492487,23.732844],[90.492665,23.73276],[90.493054,23.732757],[90.493177,23.732811],[90.493303,23.732858],[90.493431,23.732899],[90.493561,23.732933],[90.493692,23.732961],[90.493778,23.732975],[90.493824,23.732983],[90.493958,23.732998],[90.494092,23.733006],[90.494226,23.733008],[90.49436,23.733003],[90.494494,23.732992],[90.494627,23.732974],[90.494759,23.732949],[90.494889,23.732918],[90.495018,23.73288],[90.495145,23.732836],[90.495269,23.732786],[90.495391,23.73273],[90.49551,23.732668],[90.49673,23.731838],[90.49771,23.73106],[90.498362,23.730321],[90.499139,23.729593],[90.499368,23.729291],[90.499767,23.728763],[90.499819,23.72866],[90.499865,23.728554],[90.499905,23.728446],[90.499939,23.728336],[90.499966,23.728224],[90.499987,23.72811],[90.500001,23.727996],[90.500008,23.727881],[90.500009,23.727765],[90.500003,23.72765],[90.49999,23.727535],[90.499971,23.727422],[90.499945,23.727309],[90.499913,23.727198],[90.499874,23.72709],[90.499829,23.726984],[90.499778,23.72688],[90.499722,23.72678],[90.499282,23.726156],[90.498579,23.725204],[90.498013,23.724426],[90.497901,23.724023],[90.497885,23.723823],[90.497876,23.723717],[90.497881,23.723158],[90.497895,23.722972],[90.49805,23.722726],[90.498205,23.722514],[90.498659,23.722096],[90.498834,23.72185],[90.498195,23.721852],[90.49601,23.721195],[90.493826,23.720538],[90.488252,23.719246],[90.488224,23.719381],[90.487965,23.719323],[90.487747,23.719329],[90.487508,23.719368],[90.487408,23.719453],[90.487361,23.719729],[90.487369,23.719834],[90.487408,23.719968],[90.487605,23.719962],[90.487768,23.719874],[90.48794,23.719848],[90.488132,23.719827],[90.48848,23.719823],[90.488745,23.719794],[90.488947,23.719798],[90.489258,23.719841],[90.489265,23.719984],[90.489262,23.720151],[90.489301,23.720845],[90.489272,23.720968],[90.489219,23.721058],[90.489149,23.721186],[90.489135,23.721663],[90.4891,23.721864],[90.489028,23.722101],[90.489004,23.722535],[90.488919,23.722601],[90.488753,23.722617],[90.488639,23.722611],[90.487789,23.722549],[90.487669,23.722619],[90.487667,23.722724],[90.487658,23.72292],[90.487628,23.723373],[90.487646,23.723536],[90.487736,23.723685],[90.487891,23.72375],[90.488081,23.723829],[90.48821,23.723889],[90.488386,23.723896],[90.488465,23.723845],[90.488561,23.723703],[90.488604,23.723637],[90.488775,23.723654],[90.489013,23.723663],[90.48921,23.723666],[90.489208,23.723771],[90.489123,23.723913],[90.489089,23.724046],[90.489066,23.724165],[90.489105,23.724266],[90.489182,23.724349],[90.489201,23.72444],[90.489204,23.724827],[90.489186,23.724946],[90.489123,23.724997],[90.48764,23.72494],[90.487437,23.72497],[90.487286,23.724982],[90.486976,23.724934],[90.486835,23.724979],[90.486693,23.725053],[90.4865,23.725108],[90.48637,23.725139],[90.486054,23.725134],[90.485954,23.725204],[90.485926,23.725294],[90.485929,23.725395],[90.485927,23.725523],[90.485893,23.725666],[90.485813,23.725784],[90.485769,23.725932],[90.485761,23.726041],[90.485788,23.726266],[90.485747,23.7265],[90.48514,23.726499],[90.485118,23.72713],[90.485143,23.727173],[90.485236,23.727208],[90.48537,23.727224],[90.485431,23.727273],[90.485435,23.727345],[90.485424,23.727416],[90.485292,23.727491],[90.485216,23.727695],[90.484995,23.728412],[90.484857,23.729098],[90.48466,23.729883],[90.484649,23.730446],[90.484727,23.730725],[90.484818,23.731142],[90.484773,23.731299],[90.484701,23.731517],[90.484643,23.731588],[90.484591,23.731616],[90.484368,23.731612],[90.484227,23.731619],[90.484096,23.731698],[90.484053,23.73176],[90.483988,23.731897],[90.483965,23.732064],[90.483952,23.732183],[90.483867,23.732268],[90.483573,23.732454],[90.483316,23.732579],[90.482991,23.73275],[90.482589,23.732911],[90.482437,23.73298],[90.482286,23.733035],[90.482258,23.733111],[90.482255,23.733278],[90.482269,23.733379],[90.482324,23.73347],[90.48239,23.733548],[90.482487,23.733597],[90.482711,23.733596],[90.482912,23.733647],[90.483102,23.733736],[90.483377,23.733769],[90.483665,23.733898],[90.4841,23.733915],[90.484187,23.733998],[90.484658,23.734039],[90.484905,23.734143],[90.485273,23.734173],[90.485418,23.73419],[90.485516,23.734234],[90.485524,23.73432],[90.485497,23.734401],[90.485496,23.734468],[90.485491,23.734726],[90.485572,23.734803],[90.485752,23.734921],[90.486296,23.735226],[90.486399,23.735275],[90.486477,23.735258],[90.486554,23.735273],[90.48661,23.735327],[90.48665,23.735408],[90.486654,23.73549],[90.486651,23.735647],[90.486696,23.735748],[90.486797,23.735874],[90.486502,23.736123],[90.486903,23.736592],[90.48702,23.736676],[90.487165,23.736697],[90.487264,23.736699],[90.487348,23.736652],[90.48738,23.736576],[90.487443,23.736563],[90.487573,23.73656],[90.487676,23.7366],[90.487684,23.736677],[90.487693,23.736763],[90.487733,23.736864],[90.487798,23.73696],[90.488529,23.736988],[90.488759,23.736915]]]}},{"type":"Feature","properties":{"Ward_Name":"DCC South W-70","Exposure":-1.41374624,"Sensitivity":-0.96409954,"Adaptive_Capacity":0.2993298,"Exposure_s":0.13315644,"Sensitivity_s":0.13883962,"Adaptive_s":0.36628512,"HVI_raw":-0.03242082,"HVI":0.26099644,"HVI_Class":"Low","Rank":128.0,"Corporation":"DSCC","Area_m2":7543286.32945431,"LST_mean":30.76919054,"Road_Density":4.82,"industry%":1.354,"Pop_Density":69021.69262695,"SVF_mean":0.90051157,"Poverty_HCR":12.9,"build_km2":614.566,"informal%":2.65,"NDBI_media":-0.17893401,"Green%":42.773,"Blue%":6.715,"Hosp_count":1.0,"NTL_median":6.60124993,"unit_id":"DCC South W-70","name":"DCC South W-70","imputed":[],"center":[90.480358,23.739828]},"geometry":{"type":"Polygon","coordinates":[[[90.483403,23.761895],[90.483426,23.761731],[90.483443,23.761565],[90.483508,23.759541],[90.483516,23.759424],[90.48353,23.759307],[90.483551,23.759191],[90.483579,23.759077],[90.483614,23.758965],[90.483654,23.758855],[90.483701,23.758747],[90.483754,23.758642],[90.483813,23.75854],[90.483878,23.758442],[90.483948,23.758348],[90.484024,23.758258],[90.484105,23.758172],[90.48419,23.758092],[90.48428,23.758016],[90.484374,23.757945],[90.484533,23.757821],[90.484695,23.757702],[90.484862,23.757589],[90.485031,23.75748],[90.485204,23.757376],[90.48538,23.757278],[90.485558,23.757185],[90.48574,23.757097],[90.485924,23.757015],[90.485958,23.757001],[90.48611,23.756939],[90.486299,23.756868],[90.48649,23.756804],[90.486605,23.75677],[90.486718,23.75673],[90.486829,23.756684],[90.486937,23.756632],[90.487041,23.756573],[90.487142,23.756509],[90.48724,23.756439],[90.487333,23.756363],[90.487422,23.756283],[90.487506,23.756197],[90.487585,23.756107],[90.487659,23.756013],[90.487727,23.755914],[90.48779,23.755812],[90.487826,23.755746],[90.487847,23.755707],[90.487898,23.755598],[90.487942,23.755487],[90.48798,23.755373],[90.488012,23.755257],[90.488037,23.75514],[90.488055,23.755022],[90.488066,23.754902],[90.488071,23.754782],[90.488069,23.754663],[90.48806,23.754543],[90.488044,23.754424],[90.488022,23.754306],[90.487993,23.75419],[90.487957,23.754075],[90.487915,23.753963],[90.487514,23.75325],[90.487156,23.752704],[90.486862,23.752449],[90.486707,23.752315],[90.486487,23.75213],[90.486283,23.75195],[90.486109,23.751832],[90.485893,23.751723],[90.485702,23.751653],[90.485487,23.751535],[90.485426,23.751467],[90.485309,23.751317],[90.48525,23.751159],[90.485161,23.750938],[90.48498,23.750381],[90.484961,23.749993],[90.484981,23.749788],[90.485042,23.749536],[90.485171,23.749314],[90.485326,23.749092],[90.48548,23.748889],[90.485681,23.748701],[90.485797,23.748608],[90.486013,23.748444],[90.486337,23.748306],[90.486489,23.748265],[90.486558,23.74818],[90.486627,23.748077],[90.48665,23.747972],[90.486684,23.747848],[90.486743,23.747734],[90.48679,23.747683],[90.486859,23.747631],[90.486932,23.747609],[90.487011,23.747572],[90.487047,23.747544],[90.487049,23.747467],[90.487019,23.747409],[90.486963,23.747327],[90.486934,23.747241],[90.486946,23.747136],[90.487001,23.746984],[90.487214,23.74671],[90.487691,23.746475],[90.488501,23.745905],[90.489485,23.744932],[90.49041,23.744312],[90.490442,23.744295],[90.49117,23.743909],[90.491706,23.743827],[90.492541,23.743845],[90.493551,23.743966],[90.493596,23.743961],[90.493641,23.743949],[90.493683,23.74393],[90.493722,23.743905],[90.493757,23.743875],[90.493787,23.74384],[90.493811,23.7438],[90.493829,23.743758],[90.493841,23.743713],[90.493831,23.743431],[90.493809,23.743192],[90.493657,23.742741],[90.49329,23.741837],[90.49298,23.741268],[90.492222,23.740176],[90.492052,23.739863],[90.491779,23.739199],[90.49155,23.738398],[90.491533,23.737953],[90.491616,23.737415],[90.491579,23.736913],[90.491533,23.736782],[90.489976,23.736763],[90.489562,23.736737],[90.489373,23.73681],[90.489279,23.736866],[90.489144,23.736864],[90.488916,23.73686],[90.488791,23.736858],[90.488759,23.736915],[90.488529,23.736988],[90.487798,23.73696],[90.487733,23.736864],[90.487693,23.736763],[90.487684,23.736677],[90.487676,23.7366],[90.487573,23.73656],[90.487443,23.736563],[90.48738,23.736576],[90.487348,23.736652],[90.487264,23.736699],[90.487165,23.736697],[90.48702,23.736676],[90.486903,23.736592],[90.486502,23.736123],[90.486797,23.735874],[90.486696,23.735748],[90.486651,23.735647],[90.486654,23.73549],[90.48665,23.735408],[90.48661,23.735327],[90.486554,23.735273],[90.486477,23.735258],[90.486399,23.735275],[90.486296,23.735226],[90.485752,23.734921],[90.485572,23.734803],[90.485491,23.734726],[90.485496,23.734468],[90.485497,23.734401],[90.485524,23.73432],[90.485516,23.734234],[90.485418,23.73419],[90.485273,23.734173],[90.484905,23.734143],[90.484658,23.734039],[90.484187,23.733998],[90.4841,23.733915],[90.483665,23.733898],[90.483377,23.733769],[90.483102,23.733736],[90.482912,23.733647],[90.482711,23.733596],[90.482487,23.733597],[90.48239,23.733548],[90.482324,23.73347],[90.482269,23.733379],[90.482255,23.733278],[90.482258,23.733111],[90.482286,23.733035],[90.482437,23.73298],[90.482589,23.732911],[90.482991,23.73275],[90.483316,23.732579],[90.483573,23.732454],[90.483867,23.732268],[90.483952,23.732183],[90.483965,23.732064],[90.483988,23.731897],[90.484053,23.73176],[90.484096,23.731698],[90.484227,23.731619],[90.484368,23.731612],[90.484591,23.731616],[90.484643,23.731588],[90.484701,23.731517],[90.484773,23.731299],[90.484818,23.731142],[90.484727,23.730725],[90.484649,23.730446],[90.48466,23.729883],[90.484857,23.729098],[90.484995,23.728412],[90.485216,23.727695],[90.485292,23.727491],[90.485424,23.727416],[90.485435,23.727345],[90.485431,23.727273],[90.48537,23.727224],[90.485236,23.727208],[90.485143,23.727173],[90.485118,23.72713],[90.48514,23.726499],[90.485747,23.7265],[90.485788,23.726266],[90.485761,23.726041],[90.485769,23.725932],[90.485813,23.725784],[90.485893,23.725666],[90.485927,23.725523],[90.485929,23.725395],[90.485926,23.725294],[90.485954,23.725204],[90.486054,23.725134],[90.48637,23.725139],[90.4865,23.725108],[90.486693,23.725053],[90.486835,23.724979],[90.486976,23.724934],[90.487286,23.724982],[90.487437,23.72497],[90.48764,23.72494],[90.489123,23.724997],[90.489186,23.724946],[90.489204,23.724827],[90.489201,23.72444],[90.489182,23.724349],[90.489105,23.724266],[90.489066,23.724165],[90.489089,23.724046],[90.489123,23.723913],[90.489208,23.723771],[90.48921,23.723666],[90.489013,23.723663],[90.488775,23.723654],[90.488604,23.723637],[90.488561,23.723703],[90.488465,23.723845],[90.488386,23.723896],[90.48821,23.723889],[90.488081,23.723829],[90.487891,23.72375],[90.487736,23.723685],[90.487646,23.723536],[90.487628,23.723373],[90.487658,23.72292],[90.487667,23.722724],[90.487669,23.722619],[90.487789,23.722549],[90.488639,23.722611],[90.488753,23.722617],[90.488919,23.722601],[90.489004,23.722535],[90.489028,23.722101],[90.4891,23.721864],[90.489135,23.721663],[90.489149,23.721186],[90.489219,23.721058],[90.489272,23.720968],[90.489301,23.720845],[90.489262,23.720151],[90.489265,23.719984],[90.489258,23.719841],[90.488947,23.719798],[90.488745,23.719794],[90.48848,23.719823],[90.488132,23.719827],[90.48794,23.719848],[90.487768,23.719874],[90.487605,23.719962],[90.487408,23.719968],[90.487369,23.719834],[90.487361,23.719729],[90.487408,23.719453],[90.487508,23.719368],[90.487747,23.719329],[90.487965,23.719323],[90.488224,23.719381],[90.488252,23.719246],[90.48693,23.718939],[90.482619,23.718411],[90.478179,23.717797],[90.477091,23.71774],[90.474712,23.717616],[90.474645,23.717741],[90.474548,23.717905],[90.474334,23.718517],[90.474322,23.718732],[90.474318,23.718947],[90.474343,23.719234],[90.474363,23.719442],[90.474391,23.719614],[90.474457,23.719787],[90.474422,23.71998],[90.474188,23.720442],[90.474287,23.720558],[90.47441,23.720639],[90.474423,23.720747],[90.474398,23.720847],[90.474341,23.720968],[90.4743,23.721089],[90.474242,23.721253],[90.47427,23.721418],[90.474345,23.721555],[90.47445,23.721779],[90.474665,23.723531],[90.474711,23.72399],[90.474714,23.724248],[90.47474,23.724478],[90.474783,23.724686],[90.474825,23.724931],[90.474791,23.725081],[90.474726,23.725244],[90.474691,23.725416],[90.474576,23.725715],[90.474402,23.725884],[90.474253,23.725932],[90.474012,23.725942],[90.473786,23.72596],[90.473504,23.726041],[90.473315,23.726146],[90.472846,23.72626],[90.471934,23.726338],[90.470631,23.726489],[90.470434,23.726614],[90.470064,23.726859],[90.469015,23.727573],[90.468396,23.728172],[90.467594,23.729011],[90.467045,23.729618],[90.466821,23.729937],[90.46677,23.730165],[90.466762,23.730574],[90.466639,23.730683],[90.466521,23.730799],[90.466409,23.730919],[90.466301,23.731043],[90.466199,23.731173],[90.466103,23.731307],[90.466012,23.731445],[90.465928,23.731586],[90.46585,23.731731],[90.465778,23.73188],[90.465713,23.732031],[90.465655,23.732185],[90.465603,23.732342],[90.465558,23.7325],[90.46552,23.732661],[90.465489,23.732822],[90.465465,23.732986],[90.465449,23.733149],[90.465439,23.733314],[90.465437,23.733479],[90.465442,23.733644],[90.465453,23.733808],[90.466391,23.735656],[90.467281,23.737247],[90.468164,23.738874],[90.469385,23.741115],[90.470865,23.743748],[90.472111,23.746073],[90.472249,23.746383],[90.472944,23.747944],[90.474188,23.750711],[90.474747,23.75201],[90.474753,23.752332],[90.474778,23.752727],[90.474727,23.75303],[90.474691,23.753215],[90.474776,23.753527],[90.474988,23.753972],[90.475938,23.756161],[90.477413,23.759403],[90.477857,23.760282],[90.478346,23.760203],[90.478511,23.760188],[90.478677,23.760177],[90.478843,23.760173],[90.479009,23.760175],[90.479175,23.760182],[90.47934,23.760195],[90.479505,23.760214],[90.479669,23.760239],[90.479833,23.760269],[90.480328,23.760695],[90.48082,23.761126],[90.48097,23.761229],[90.481122,23.761327],[90.481278,23.76142],[90.481437,23.761508],[90.481599,23.76159],[90.481764,23.761667],[90.481931,23.761738],[90.4821,23.761803],[90.482272,23.761863],[90.482915,23.761849],[90.483388,23.761977],[90.483403,23.761895]]]}},{"type":"Feature","properties":{"Ward_Name":"DCC South W-71","Exposure":-0.85638254,"Sensitivity":-0.49445196,"Adaptive_Capacity":-0.17762464,"Exposure_s":0.28720203,"Sensitivity_s":0.2427948,"Adaptive_s":0.17841761,"HVI_raw":0.11439472,"HVI":0.46925829,"HVI_Class":"Moderate","Rank":100.0,"Corporation":"DSCC","Area_m2":994808.57446907,"LST_mean":31.10410713,"Road_Density":13.81,"industry%":0.0,"Pop_Density":75112.56791656,"SVF_mean":0.77769071,"Poverty_HCR":6.7,"build_km2":2886.521,"informal%":6.48,"NDBI_media":-0.09370623,"Green%":25.819,"Blue%":1.534,"Hosp_count":0.0,"NTL_median":13.14416647,"unit_id":"DCC South W-71","name":"DCC South W-71","imputed":[],"center":[90.44092,23.726654]},"geometry":{"type":"Polygon","coordinates":[[[90.447907,23.729191],[90.447888,23.728815],[90.447869,23.728757],[90.447819,23.728735],[90.447687,23.728715],[90.447294,23.728737],[90.44713,23.728723],[90.447085,23.72868],[90.447124,23.728071],[90.447137,23.727606],[90.447098,23.727387],[90.447117,23.727029],[90.447129,23.726785],[90.447189,23.726729],[90.447236,23.726687],[90.447343,23.726599],[90.447415,23.726518],[90.447478,23.726454],[90.44753,23.726376],[90.447544,23.726291],[90.447571,23.726083],[90.447574,23.725936],[90.447559,23.72589],[90.447513,23.725849],[90.447401,23.725826],[90.447312,23.725817],[90.447269,23.725795],[90.447276,23.725473],[90.447307,23.725441],[90.447378,23.72541],[90.447452,23.725393],[90.447538,23.725363],[90.447733,23.725351],[90.447842,23.72535],[90.447936,23.725344],[90.448397,23.725248],[90.448284,23.724845],[90.448231,23.724754],[90.44821,23.724668],[90.448204,23.724575],[90.448209,23.724482],[90.448226,23.724403],[90.449218,23.724416],[90.449518,23.72441],[90.449561,23.724396],[90.449621,23.724333],[90.449637,23.724276],[90.449651,23.72419],[90.44966,23.724112],[90.44967,23.724015],[90.449663,23.723968],[90.449626,23.723885],[90.449568,23.723848],[90.449436,23.723836],[90.449366,23.723827],[90.449308,23.723808],[90.449294,23.723729],[90.4493,23.723633],[90.449301,23.723558],[90.449283,23.723489],[90.449253,23.723438],[90.449191,23.723412],[90.44909,23.723389],[90.448974,23.723366],[90.448905,23.723347],[90.448825,23.723259],[90.448685,23.723214],[90.448219,23.723163],[90.448186,23.723098],[90.448185,23.723092],[90.447504,23.7231],[90.446679,23.723116],[90.445855,23.723138],[90.44503,23.723165],[90.444801,23.723174],[90.444571,23.723183],[90.444392,23.72319],[90.444206,23.723197],[90.444044,23.723156],[90.443884,23.723108],[90.443726,23.723055],[90.443569,23.722996],[90.443415,23.72293],[90.443264,23.72286],[90.443115,23.722783],[90.44297,23.722701],[90.442827,23.722614],[90.442688,23.722521],[90.442553,23.722424],[90.442378,23.722354],[90.442201,23.722291],[90.442022,23.722234],[90.441841,23.722184],[90.441658,23.72214],[90.441474,23.722102],[90.441289,23.722071],[90.441102,23.722046],[90.440915,23.722028],[90.440728,23.722017],[90.44054,23.722012],[90.440352,23.722013],[90.440164,23.722022],[90.439977,23.722037],[90.43979,23.722058],[90.439605,23.722086],[90.43942,23.722121],[90.439237,23.722162],[90.439127,23.722191],[90.439055,23.722209],[90.439055,23.722278],[90.439037,23.722397],[90.439071,23.722522],[90.439177,23.722953],[90.439174,23.72312],[90.439183,23.723217],[90.439208,23.723479],[90.439121,23.723693],[90.439036,23.723796],[90.438936,23.723857],[90.438712,23.723925],[90.438591,23.724009],[90.438515,23.724156],[90.438455,23.724341],[90.438311,23.724515],[90.438149,23.724603],[90.438044,23.724625],[90.437806,23.724621],[90.437661,23.72461],[90.437545,23.724674],[90.436565,23.72548],[90.436021,23.725714],[90.435346,23.725961],[90.434695,23.726008],[90.434664,23.727293],[90.434669,23.728028],[90.434872,23.728755],[90.435187,23.728733],[90.435329,23.728762],[90.435481,23.728831],[90.435625,23.728867],[90.436256,23.728999],[90.436631,23.729175],[90.43719,23.729347],[90.438994,23.729929],[90.440785,23.730639],[90.442196,23.730931],[90.443204,23.731134],[90.443344,23.731181],[90.443487,23.731222],[90.443631,23.731257],[90.443777,23.731285],[90.443923,23.731307],[90.444071,23.731322],[90.444219,23.73133],[90.444367,23.731332],[90.444516,23.731327],[90.444663,23.731316],[90.445055,23.731211],[90.445145,23.731166],[90.445205,23.731074],[90.445297,23.730979],[90.446436,23.730213],[90.447225,23.72966],[90.447907,23.729191]]]}},{"type":"Feature","properties":{"Ward_Name":"DCC South W-72","Exposure":-0.45914549,"Sensitivity":-0.06525218,"Adaptive_Capacity":-0.37927706,"Exposure_s":0.39699141,"Sensitivity_s":0.33779698,"Adaptive_s":0.09898877,"HVI_raw":0.20850396,"HVI":0.60275483,"HVI_Class":"High","Rank":73.0,"Corporation":"DSCC","Area_m2":483857.06343543,"LST_mean":31.46002753,"Road_Density":14.29,"industry%":0.0,"Pop_Density":161536.67578125,"SVF_mean":0.72314366,"Poverty_HCR":6.3,"build_km2":3063.525,"informal%":12.04,"NDBI_media":-0.02799323,"Green%":17.702,"Blue%":0.662,"Hosp_count":0.0,"NTL_median":13.1520834,"unit_id":"DCC South W-72","name":"DCC South W-72","imputed":[],"center":[90.439701,23.73237]},"geometry":{"type":"Polygon","coordinates":[[[90.441971,23.73251],[90.442124,23.732529],[90.442173,23.732525],[90.442215,23.73252],[90.442236,23.732506],[90.442253,23.732487],[90.442263,23.73247],[90.44228,23.732444],[90.442327,23.73244],[90.442394,23.73244],[90.44248,23.732451],[90.442719,23.732661],[90.442922,23.732588],[90.443127,23.732522],[90.443333,23.732462],[90.443542,23.732409],[90.443752,23.732362],[90.443964,23.732322],[90.444177,23.732289],[90.444391,23.732263],[90.444808,23.732207],[90.445226,23.732157],[90.445644,23.732113],[90.446063,23.732076],[90.446483,23.732044],[90.446903,23.73202],[90.447323,23.732001],[90.447732,23.731892],[90.44814,23.731778],[90.448439,23.731688],[90.448545,23.731657],[90.448949,23.73153],[90.449351,23.731397],[90.449703,23.731274],[90.44975,23.731257],[90.450169,23.731244],[90.450588,23.731235],[90.450606,23.731235],[90.451007,23.731231],[90.451425,23.731233],[90.451844,23.731239],[90.450846,23.730245],[90.450321,23.729528],[90.450026,23.729392],[90.449614,23.729218],[90.44931,23.729523],[90.449172,23.729587],[90.449016,23.729614],[90.448913,23.729594],[90.448784,23.729515],[90.448728,23.72943],[90.448671,23.729352],[90.448561,23.72932],[90.448231,23.729273],[90.447907,23.729191],[90.447225,23.72966],[90.446436,23.730213],[90.445297,23.730979],[90.445205,23.731074],[90.445145,23.731166],[90.445055,23.731211],[90.444663,23.731316],[90.444516,23.731327],[90.444367,23.731332],[90.444219,23.73133],[90.444071,23.731322],[90.443923,23.731307],[90.443777,23.731285],[90.443631,23.731257],[90.443487,23.731222],[90.443344,23.731181],[90.443204,23.731134],[90.442196,23.730931],[90.440785,23.730639],[90.438994,23.729929],[90.43719,23.729347],[90.436631,23.729175],[90.436256,23.728999],[90.435625,23.728867],[90.435481,23.728831],[90.435329,23.728762],[90.435187,23.728733],[90.434872,23.728755],[90.434936,23.728982],[90.435204,23.73018],[90.435848,23.73209],[90.436338,23.733113],[90.436614,23.73369],[90.437342,23.734861],[90.437488,23.735096],[90.437978,23.73588],[90.438134,23.735883],[90.438291,23.735796],[90.438442,23.735721],[90.438554,23.735615],[90.438544,23.735508],[90.438514,23.735346],[90.438479,23.735142],[90.438468,23.735041],[90.438503,23.734946],[90.438627,23.734912],[90.438679,23.734877],[90.43874,23.734771],[90.438761,23.734675],[90.438688,23.734399],[90.43879,23.734186],[90.438858,23.734044],[90.438901,23.7338],[90.438931,23.733615],[90.439001,23.733336],[90.439108,23.733182],[90.439401,23.73314],[90.439568,23.733178],[90.439753,23.733342],[90.439888,23.733434],[90.44004,23.733592],[90.440218,23.733606],[90.440121,23.734102],[90.440116,23.734122],[90.440113,23.734142],[90.440115,23.734163],[90.44012,23.734183],[90.440128,23.734202],[90.440139,23.73422],[90.440153,23.734235],[90.440169,23.734248],[90.440188,23.734258],[90.440207,23.734264],[90.440228,23.734267],[90.440249,23.734267],[90.440399,23.734283],[90.440548,23.734303],[90.440697,23.734329],[90.440844,23.734359],[90.440991,23.734395],[90.441056,23.734406],[90.441121,23.73441],[90.441186,23.734407],[90.441251,23.734397],[90.441314,23.734381],[90.441376,23.734358],[90.441434,23.734329],[90.441489,23.734293],[90.44154,23.734252],[90.441587,23.734206],[90.44184,23.733167],[90.441859,23.733069],[90.441971,23.73251]]]}},{"type":"Feature","properties":{"Ward_Name":"DCC South W-73","Exposure":-1.11048079,"Sensitivity":-1.08675693,"Adaptive_Capacity":0.05193949,"Exposure_s":0.21697371,"Sensitivity_s":0.11168974,"Adaptive_s":0.26884058,"HVI_raw":0.01479826,"HVI":0.327978,"HVI_Class":"Low","Rank":121.0,"Corporation":"DSCC","Area_m2":3236322.3201002,"LST_mean":30.89395879,"Road_Density":8.09,"industry%":0.0,"Pop_Density":102102.03222656,"SVF_mean":0.83085112,"Poverty_HCR":5.1,"build_km2":1595.465,"informal%":5.63,"NDBI_media":-0.14260176,"Green%":37.216,"Blue%":3.885,"Hosp_count":0.0,"NTL_median":9.10750008,"unit_id":"DCC South W-73","name":"DCC South W-73","imputed":[],"center":[90.456258,23.738524]},"geometry":{"type":"Polygon","coordinates":[[[90.466391,23.735656],[90.465453,23.733808],[90.465045,23.733795],[90.464391,23.733767],[90.463838,23.733841],[90.463099,23.733805],[90.462603,23.733654],[90.461945,23.733452],[90.461322,23.733131],[90.460943,23.73294],[90.460315,23.732911],[90.459546,23.732756],[90.458405,23.732749],[90.457112,23.732865],[90.456869,23.732852],[90.456626,23.732839],[90.456174,23.732712],[90.455389,23.732418],[90.45477,23.731901],[90.454429,23.73174],[90.454242,23.731683],[90.454105,23.731717],[90.453961,23.731816],[90.453759,23.731842],[90.453533,23.731767],[90.453277,23.731608],[90.453085,23.731509],[90.452952,23.73131],[90.452916,23.73116],[90.452905,23.731058],[90.452869,23.730944],[90.452753,23.7309],[90.452616,23.730904],[90.452486,23.730932],[90.452214,23.730927],[90.451969,23.730858],[90.451901,23.730809],[90.451879,23.730995],[90.451844,23.731239],[90.451425,23.731233],[90.451007,23.731231],[90.450606,23.731235],[90.450588,23.731235],[90.450169,23.731244],[90.44975,23.731257],[90.449703,23.731274],[90.449351,23.731397],[90.448949,23.73153],[90.448545,23.731657],[90.448439,23.731688],[90.44814,23.731778],[90.447732,23.731892],[90.447323,23.732001],[90.446903,23.73202],[90.446483,23.732044],[90.446063,23.732076],[90.445644,23.732113],[90.445226,23.732157],[90.444808,23.732207],[90.444391,23.732263],[90.444177,23.732289],[90.443964,23.732322],[90.443752,23.732362],[90.443542,23.732409],[90.443333,23.732462],[90.443127,23.732522],[90.442922,23.732588],[90.442719,23.732661],[90.442971,23.732773],[90.443224,23.73288],[90.44348,23.732981],[90.443738,23.733077],[90.443609,23.733029],[90.443555,23.73362],[90.44345,23.734333],[90.443321,23.734972],[90.4432,23.735998],[90.443082,23.737024],[90.443072,23.737776],[90.443086,23.738017],[90.443197,23.738137],[90.443346,23.738265],[90.443548,23.738286],[90.443778,23.738282],[90.444074,23.738277],[90.444319,23.738288],[90.444523,23.738359],[90.444548,23.738474],[90.44466,23.738942],[90.444657,23.739096],[90.444619,23.739249],[90.44454,23.739681],[90.444619,23.739819],[90.444738,23.739914],[90.444794,23.740058],[90.444792,23.740151],[90.444689,23.740236],[90.444524,23.740301],[90.444349,23.740319],[90.44424,23.740293],[90.444152,23.740252],[90.444013,23.740189],[90.443834,23.740182],[90.443651,23.740183],[90.443573,23.740188],[90.443496,23.740338],[90.44347,23.740867],[90.44326,23.742064],[90.442719,23.742069],[90.442644,23.742143],[90.442653,23.74228],[90.442709,23.74241],[90.442845,23.742602],[90.443317,23.743118],[90.443315,23.743222],[90.443231,23.743371],[90.443062,23.743619],[90.442885,23.744515],[90.442873,23.744647],[90.443639,23.744843],[90.443754,23.744871],[90.443871,23.744894],[90.443989,23.744911],[90.444107,23.744922],[90.444226,23.744927],[90.444345,23.744926],[90.444464,23.744919],[90.444582,23.744907],[90.4447,23.744888],[90.444817,23.744864],[90.446271,23.744683],[90.447904,23.74462],[90.448064,23.744621],[90.448626,23.744397],[90.449145,23.744155],[90.449395,23.744102],[90.449746,23.744065],[90.450151,23.744028],[90.450721,23.743916],[90.451481,23.743492],[90.451749,23.743306],[90.451917,23.743203],[90.452022,23.743133],[90.452101,23.743092],[90.452226,23.74308],[90.452553,23.743056],[90.453206,23.743105],[90.453393,23.743089],[90.453539,23.743053],[90.453785,23.742938],[90.454233,23.742621],[90.45437,23.742517],[90.454503,23.742407],[90.454632,23.742292],[90.454755,23.742172],[90.454874,23.742048],[90.454988,23.741918],[90.455097,23.741784],[90.4552,23.741646],[90.455297,23.741504],[90.455389,23.741358],[90.455474,23.741208],[90.455591,23.741228],[90.455708,23.741241],[90.455827,23.741248],[90.455945,23.741248],[90.456063,23.741241],[90.456181,23.741228],[90.456297,23.741208],[90.456412,23.741181],[90.456526,23.741148],[90.456638,23.741108],[90.456747,23.741063],[90.456853,23.741011],[90.457195,23.741045],[90.457314,23.741052],[90.457548,23.741051],[90.457829,23.741013],[90.457922,23.741],[90.458434,23.741376],[90.458552,23.74145],[90.459288,23.741481],[90.459773,23.741715],[90.460035,23.741826],[90.46035,23.742039],[90.460502,23.742235],[90.460618,23.742309],[90.460671,23.742374],[90.460706,23.742547],[90.460733,23.742791],[90.460722,23.742927],[90.460719,23.74307],[90.46067,23.743191],[90.460574,23.743361],[90.460494,23.743453],[90.460399,23.743523],[90.460351,23.743616],[90.460333,23.74373],[90.46033,23.743888],[90.460309,23.744181],[90.460367,23.744397],[90.460389,23.744447],[90.460488,23.744578],[90.460579,23.744716],[90.460861,23.745045],[90.460868,23.745042],[90.460972,23.745009],[90.461078,23.744982],[90.461173,23.744964],[90.461184,23.744962],[90.461292,23.744947],[90.461401,23.744939],[90.461509,23.744938],[90.461618,23.744943],[90.461726,23.744954],[90.461834,23.744971],[90.46194,23.744995],[90.461956,23.744997],[90.46235,23.745055],[90.463577,23.745233],[90.463578,23.745206],[90.464658,23.745329],[90.466061,23.745481],[90.467267,23.745606],[90.468606,23.745886],[90.470012,23.746153],[90.470778,23.746266],[90.472249,23.746383],[90.472111,23.746073],[90.470865,23.743748],[90.469385,23.741115],[90.468164,23.738874],[90.467281,23.737247],[90.466391,23.735656]]]}},{"type":"Feature","properties":{"Ward_Name":"DCC South W-74","Exposure":-0.15286359,"Sensitivity":-0.23659029,"Adaptive_Capacity":-0.39810315,"Exposure_s":0.48164238,"Sensitivity_s":0.29987176,"Adaptive_s":0.09157336,"HVI_raw":0.22174239,"HVI":0.62153389,"HVI_Class":"High","Rank":67.0,"Corporation":"DSCC","Area_m2":2174711.6370899,"LST_mean":32.67716366,"Road_Density":13.18,"industry%":0.0,"Pop_Density":240144.71875,"SVF_mean":0.75919256,"Poverty_HCR":5.3,"build_km2":2848.372,"informal%":11.81,"NDBI_media":-0.04055785,"Green%":9.798,"Blue%":2.209,"Hosp_count":0.0,"NTL_median":15.79416656,"unit_id":"DCC South W-74","name":"DCC South W-74","imputed":[],"center":[90.448904,23.750342]},"geometry":{"type":"Polygon","coordinates":[[[90.460579,23.744716],[90.460488,23.744578],[90.460389,23.744447],[90.460367,23.744397],[90.460309,23.744181],[90.46033,23.743888],[90.460333,23.74373],[90.460351,23.743616],[90.460399,23.743523],[90.460494,23.743453],[90.460574,23.743361],[90.46067,23.743191],[90.460719,23.74307],[90.460722,23.742927],[90.460733,23.742791],[90.460706,23.742547],[90.460671,23.742374],[90.460618,23.742309],[90.460502,23.742235],[90.46035,23.742039],[90.460035,23.741826],[90.459773,23.741715],[90.459288,23.741481],[90.458552,23.74145],[90.458434,23.741376],[90.457922,23.741],[90.457829,23.741013],[90.457548,23.741051],[90.457314,23.741052],[90.457195,23.741045],[90.456853,23.741011],[90.456747,23.741063],[90.456638,23.741108],[90.456526,23.741148],[90.456412,23.741181],[90.456297,23.741208],[90.456181,23.741228],[90.456063,23.741241],[90.455945,23.741248],[90.455827,23.741248],[90.455708,23.741241],[90.455591,23.741228],[90.455474,23.741208],[90.455389,23.741358],[90.455297,23.741504],[90.4552,23.741646],[90.455097,23.741784],[90.454988,23.741918],[90.454874,23.742048],[90.454755,23.742172],[90.454632,23.742292],[90.454503,23.742407],[90.45437,23.742517],[90.454233,23.742621],[90.453785,23.742938],[90.453539,23.743053],[90.453393,23.743089],[90.453206,23.743105],[90.452553,23.743056],[90.452226,23.74308],[90.452101,23.743092],[90.452022,23.743133],[90.451917,23.743203],[90.451749,23.743306],[90.451481,23.743492],[90.450721,23.743916],[90.450151,23.744028],[90.449746,23.744065],[90.449395,23.744102],[90.449145,23.744155],[90.448626,23.744397],[90.448064,23.744621],[90.448064,23.744621],[90.447904,23.74462],[90.446271,23.744683],[90.444817,23.744864],[90.4447,23.744888],[90.444582,23.744907],[90.444464,23.744919],[90.444345,23.744926],[90.444226,23.744927],[90.444107,23.744922],[90.443989,23.744911],[90.443871,23.744894],[90.443754,23.744871],[90.443639,23.744843],[90.442873,23.744647],[90.442851,23.744641],[90.44277,23.745001],[90.44274,23.745536],[90.442675,23.745849],[90.442538,23.746292],[90.441929,23.746437],[90.441936,23.746481],[90.442008,23.746603],[90.442224,23.746683],[90.442494,23.746712],[90.442339,23.74743],[90.442313,23.747998],[90.442092,23.748673],[90.441883,23.749267],[90.441663,23.749392],[90.441565,23.749741],[90.441468,23.750091],[90.441466,23.750435],[90.441472,23.750446],[90.441742,23.750912],[90.441833,23.751151],[90.44186,23.751225],[90.442067,23.751787],[90.442265,23.752841],[90.442188,23.75358],[90.442251,23.753791],[90.44242,23.753928],[90.442573,23.754074],[90.442829,23.75425],[90.443176,23.755063],[90.443338,23.755261],[90.443563,23.755456],[90.443708,23.755487],[90.444018,23.755535],[90.44412,23.755623],[90.444157,23.755872],[90.444176,23.756202],[90.444173,23.756369],[90.444281,23.756582],[90.444303,23.756624],[90.444492,23.756799],[90.444642,23.757842],[90.444652,23.757905],[90.444664,23.758073],[90.444705,23.758627],[90.444735,23.758802],[90.44474,23.758834],[90.444775,23.759035],[90.444886,23.759161],[90.445063,23.759159],[90.445151,23.75916],[90.445335,23.759311],[90.445414,23.759509],[90.44549,23.75962],[90.44577,23.759619],[90.446014,23.759624],[90.446065,23.759608],[90.446176,23.759574],[90.446316,23.759557],[90.446414,23.759592],[90.446623,23.759369],[90.446771,23.759211],[90.447394,23.758207],[90.447539,23.757926],[90.447691,23.757648],[90.44785,23.757374],[90.448014,23.757103],[90.448184,23.756836],[90.448361,23.756573],[90.448543,23.756314],[90.448731,23.756059],[90.448924,23.755808],[90.449123,23.755562],[90.449328,23.75532],[90.449451,23.755181],[90.449538,23.755083],[90.449753,23.754851],[90.449973,23.754623],[90.450199,23.754401],[90.450429,23.754184],[90.450454,23.754161],[90.450664,23.753972],[90.450904,23.753765],[90.450975,23.753706],[90.451149,23.753563],[90.451398,23.753368],[90.451651,23.753177],[90.451908,23.752993],[90.45217,23.752814],[90.454309,23.750891],[90.455464,23.750649],[90.455772,23.750584],[90.458373,23.750039],[90.459631,23.749794],[90.459605,23.749545],[90.459541,23.749353],[90.459502,23.749214],[90.459473,23.749128],[90.459464,23.749027],[90.459487,23.748918],[90.459535,23.748837],[90.459619,23.748781],[90.459745,23.748736],[90.459928,23.748676],[90.460063,23.748631],[90.460236,23.748591],[90.46036,23.748588],[90.460557,23.748591],[90.460687,23.748593],[90.460848,23.748567],[90.460989,23.748517],[90.461063,23.74848],[90.461157,23.74842],[90.461205,23.748354],[90.461223,23.748249],[90.461181,23.748024],[90.461097,23.747793],[90.461032,23.747663],[90.46092,23.747523],[90.460829,23.747411],[90.460778,23.74731],[90.460749,23.747252],[90.46069,23.747108],[90.460636,23.746949],[90.460623,23.746806],[90.460658,23.746606],[90.460776,23.746417],[90.460876,23.746328],[90.461028,23.746239],[90.461159,23.74617],[90.461202,23.746109],[90.46124,23.746014],[90.461228,23.745832],[90.461189,23.745707],[90.46115,23.745597],[90.46107,23.745452],[90.460964,23.745342],[90.460963,23.74534],[90.460914,23.745196],[90.4609,23.745091],[90.46088,23.745038],[90.460868,23.745042],[90.460861,23.745045],[90.460579,23.744716]]]}},{"type":"Feature","properties":{"Ward_Name":"DCC South W-75","Exposure":-1.17619075,"Sensitivity":-1.09596035,"Adaptive_Capacity":0.01767252,"Exposure_s":0.19881262,"Sensitivity_s":0.10965259,"Adaptive_s":0.25534317,"HVI_raw":0.01324908,"HVI":0.32578044,"HVI_Class":"Low","Rank":123.0,"Corporation":"DSCC","Area_m2":3704070.48152907,"LST_mean":31.46445012,"Road_Density":6.2,"industry%":0.0,"Pop_Density":90131.73779297,"SVF_mean":0.87917101,"Poverty_HCR":6.2,"build_km2":1154.848,"informal%":4.67,"NDBI_media":-0.13856026,"Green%":30.55,"Blue%":3.761,"Hosp_count":1.0,"NTL_median":10.32416677,"unit_id":"DCC South W-75","name":"DCC South W-75","imputed":[],"center":[90.463181,23.753464]},"geometry":{"type":"Polygon","coordinates":[[[90.462617,23.759847],[90.462617,23.759847],[90.462651,23.75994],[90.462691,23.76003],[90.462737,23.760118],[90.46279,23.760202],[90.462847,23.760283],[90.46291,23.760359],[90.462979,23.760431],[90.463052,23.760498],[90.463129,23.76056],[90.463348,23.760805],[90.463572,23.761047],[90.4638,23.761284],[90.463898,23.761382],[90.464032,23.761517],[90.464269,23.761746],[90.464509,23.76197],[90.464595,23.762009],[90.464683,23.762042],[90.464773,23.762069],[90.464866,23.762089],[90.464959,23.762103],[90.465053,23.76211],[90.465147,23.762111],[90.465241,23.762105],[90.465334,23.762093],[90.465427,23.762073],[90.465518,23.762048],[90.465606,23.762016],[90.465609,23.762015],[90.465693,23.761978],[90.465776,23.761935],[90.466043,23.761831],[90.466312,23.761733],[90.466583,23.761643],[90.466856,23.761558],[90.467132,23.761481],[90.467409,23.76141],[90.467688,23.761346],[90.467968,23.761289],[90.46825,23.761238],[90.468532,23.761195],[90.468816,23.761158],[90.469101,23.761128],[90.469386,23.761105],[90.469671,23.761089],[90.469957,23.76108],[90.470243,23.761078],[90.470977,23.761003],[90.471711,23.760934],[90.472445,23.76087],[90.47318,23.760811],[90.473916,23.760757],[90.474651,23.760709],[90.475269,23.76064],[90.475886,23.760565],[90.476502,23.760483],[90.477118,23.760396],[90.477732,23.760303],[90.477857,23.760282],[90.477413,23.759403],[90.475938,23.756161],[90.474988,23.753972],[90.474776,23.753527],[90.474691,23.753215],[90.474727,23.75303],[90.474778,23.752727],[90.474753,23.752332],[90.474747,23.75201],[90.474188,23.750711],[90.472944,23.747944],[90.472249,23.746383],[90.470778,23.746266],[90.470012,23.746153],[90.468606,23.745886],[90.467267,23.745606],[90.466061,23.745481],[90.464658,23.745329],[90.463578,23.745206],[90.463577,23.745233],[90.463577,23.745233],[90.46235,23.745055],[90.461956,23.744997],[90.46194,23.744995],[90.461834,23.744971],[90.461726,23.744954],[90.461618,23.744943],[90.461509,23.744938],[90.461401,23.744939],[90.461292,23.744947],[90.461184,23.744962],[90.461173,23.744964],[90.461078,23.744982],[90.460972,23.745009],[90.46088,23.745038],[90.4609,23.745091],[90.460914,23.745196],[90.460963,23.74534],[90.460964,23.745342],[90.46107,23.745452],[90.46115,23.745597],[90.461189,23.745707],[90.461228,23.745832],[90.46124,23.746014],[90.461202,23.746109],[90.461159,23.74617],[90.461028,23.746239],[90.460876,23.746328],[90.460776,23.746417],[90.460658,23.746606],[90.460623,23.746806],[90.460636,23.746949],[90.46069,23.747108],[90.460749,23.747252],[90.460778,23.74731],[90.460829,23.747411],[90.46092,23.747523],[90.461032,23.747663],[90.461097,23.747793],[90.461181,23.748024],[90.461223,23.748249],[90.461205,23.748354],[90.461157,23.74842],[90.461063,23.74848],[90.460989,23.748517],[90.460848,23.748567],[90.460687,23.748593],[90.460557,23.748591],[90.46036,23.748588],[90.460236,23.748591],[90.460063,23.748631],[90.459928,23.748676],[90.459745,23.748736],[90.459619,23.748781],[90.459535,23.748837],[90.459487,23.748918],[90.459464,23.749027],[90.459473,23.749128],[90.459502,23.749214],[90.459541,23.749353],[90.459605,23.749545],[90.459631,23.749794],[90.458373,23.750039],[90.455772,23.750584],[90.455464,23.750649],[90.454309,23.750891],[90.45217,23.752814],[90.451908,23.752993],[90.451651,23.753177],[90.451398,23.753368],[90.451149,23.753563],[90.450975,23.753706],[90.450904,23.753765],[90.450664,23.753972],[90.450454,23.754161],[90.450429,23.754184],[90.450199,23.754401],[90.449973,23.754623],[90.449753,23.754851],[90.449538,23.755083],[90.449451,23.755181],[90.449328,23.75532],[90.449123,23.755562],[90.448924,23.755808],[90.448731,23.756059],[90.448543,23.756314],[90.448361,23.756573],[90.448184,23.756836],[90.448014,23.757103],[90.44785,23.757374],[90.447691,23.757648],[90.447539,23.757926],[90.447394,23.758207],[90.446771,23.759211],[90.446623,23.759369],[90.446414,23.759592],[90.446395,23.759802],[90.44638,23.759875],[90.446366,23.759949],[90.446334,23.760247],[90.446316,23.760451],[90.447245,23.760362],[90.448592,23.760291],[90.450625,23.760301],[90.451338,23.760305],[90.453798,23.760381],[90.455164,23.760362],[90.455293,23.760356],[90.455422,23.760343],[90.455549,23.760323],[90.455676,23.760296],[90.4558,23.760263],[90.455923,23.760223],[90.456044,23.760176],[90.456162,23.760124],[90.456277,23.760065],[90.456389,23.76],[90.456497,23.75993],[90.456601,23.759854],[90.456701,23.759772],[90.456745,23.759719],[90.456793,23.75967],[90.456846,23.759626],[90.456903,23.759587],[90.456964,23.759555],[90.457028,23.759529],[90.457094,23.75951],[90.457161,23.759497],[90.45723,23.759491],[90.457299,23.759492],[90.457367,23.7595],[90.457434,23.759515],[90.4575,23.759536],[90.457562,23.759564],[90.457622,23.759598],[90.457678,23.759638],[90.45773,23.759684],[90.457777,23.759734],[90.457906,23.759822],[90.458038,23.759903],[90.458175,23.759979],[90.458291,23.760036],[90.458314,23.760048],[90.458457,23.760111],[90.458602,23.760167],[90.45875,23.760217],[90.4589,23.760259],[90.459051,23.760295],[90.459205,23.760324],[90.459424,23.760337],[90.459499,23.760341],[90.459794,23.760353],[90.460089,23.76036],[90.460385,23.760362],[90.460523,23.760398],[90.460663,23.760428],[90.460804,23.760452],[90.460946,23.76047],[90.461089,23.760483],[90.461232,23.76049],[90.461375,23.760491],[90.461561,23.760416],[90.461744,23.760335],[90.461925,23.760249],[90.462103,23.760157],[90.462277,23.760059],[90.462449,23.759955],[90.462617,23.759847]]]}},{"type":"Feature","properties":{"Ward_Name":"Dhaka Cantonment","Exposure":0.13707042,"Sensitivity":-1.12178073,"Adaptive_Capacity":0.80323586,"Exposure_s":0.56177508,"Sensitivity_s":0.10393732,"Adaptive_s":0.5647686,"HVI_raw":0.01366437,"HVI":0.32636953,"HVI_Class":"Low","Rank":122.0,"Corporation":"Restricted areas","Area_m2":10589262.9021544,"LST_mean":32.55904711,"Road_Density":15.31,"industry%":0.594,"Pop_Density":386781.03607178,"SVF_mean":0.78141821,"Poverty_HCR":3.6,"build_km2":663.085,"informal%":1.04,"NDBI_media":-0.0670862,"Green%":31.256,"Blue%":6.467,"Hosp_count":6.0,"NTL_median":21.22791672,"unit_id":"Dhaka Cantonment","name":"Dhaka Cantonment","imputed":[],"center":[90.397203,23.800247]},"geometry":{"type":"Polygon","coordinates":[[[90.397273,23.826403],[90.39757,23.827268],[90.397818,23.827911],[90.39804,23.828629],[90.398436,23.829593],[90.398263,23.830014],[90.398065,23.830805],[90.398213,23.831547],[90.398436,23.832512],[90.398683,23.833798],[90.399128,23.835455],[90.399228,23.835825],[90.399281,23.835762],[90.399837,23.835074],[90.400387,23.834383],[90.400932,23.833687],[90.401472,23.832987],[90.402727,23.83156],[90.403985,23.830136],[90.404104,23.830009],[90.404228,23.829887],[90.404357,23.82977],[90.404491,23.829658],[90.404629,23.829552],[90.404771,23.829451],[90.404916,23.829355],[90.405066,23.829266],[90.405219,23.829182],[90.405375,23.829105],[90.405534,23.829034],[90.405695,23.828969],[90.405859,23.82891],[90.406025,23.828859],[90.406194,23.828813],[90.406364,23.828775],[90.406535,23.828743],[90.406707,23.828718],[90.406937,23.828687],[90.407165,23.828651],[90.407394,23.828611],[90.407621,23.828566],[90.408019,23.828094],[90.408413,23.827618],[90.408803,23.827139],[90.409187,23.826657],[90.409568,23.82617],[90.409943,23.82568],[90.410314,23.825187],[90.410486,23.824946],[90.410663,23.824709],[90.410844,23.824475],[90.41103,23.824245],[90.411221,23.824019],[90.411416,23.823797],[90.411616,23.823578],[90.41182,23.823364],[90.412028,23.823154],[90.412153,23.823151],[90.412278,23.823153],[90.412403,23.823162],[90.412527,23.823177],[90.41265,23.823198],[90.412772,23.823225],[90.412892,23.823258],[90.413011,23.823297],[90.413128,23.823342],[90.413242,23.823393],[90.413353,23.823449],[90.413462,23.823511],[90.41352,23.823484],[90.413552,23.823469],[90.413603,23.823445],[90.413746,23.823385],[90.413892,23.82333],[90.41404,23.823281],[90.414189,23.823238],[90.41434,23.823201],[90.414492,23.82317],[90.414646,23.823144],[90.4148,23.823124],[90.414914,23.822986],[90.415023,23.822844],[90.415128,23.822699],[90.415199,23.822592],[90.415228,23.82255],[90.415322,23.822398],[90.415412,23.822243],[90.415497,23.822086],[90.415577,23.821925],[90.415651,23.821762],[90.41623,23.821383],[90.416773,23.821031],[90.416811,23.821007],[90.416818,23.82089],[90.416818,23.820773],[90.416813,23.820656],[90.416802,23.82054],[90.416784,23.820424],[90.416761,23.82031],[90.416733,23.820196],[90.416698,23.820085],[90.416477,23.819926],[90.4164,23.81987],[90.4161,23.81966],[90.415796,23.819454],[90.41549,23.819252],[90.414838,23.818804],[90.414182,23.818361],[90.413524,23.817922],[90.412863,23.817486],[90.412199,23.817055],[90.412063,23.816985],[90.411923,23.816921],[90.411781,23.816863],[90.411636,23.816812],[90.411489,23.816768],[90.410581,23.816648],[90.4105,23.815171],[90.409292,23.81439],[90.410072,23.813443],[90.410191,23.812934],[90.410248,23.812511],[90.410391,23.812135],[90.410596,23.811864],[90.411405,23.811345],[90.411547,23.810831],[90.411564,23.810711],[90.411588,23.810592],[90.411619,23.810475],[90.411657,23.81036],[90.411701,23.810247],[90.411751,23.810137],[90.411808,23.81003],[90.411871,23.809927],[90.411939,23.809827],[90.412013,23.809731],[90.412093,23.80964],[90.412178,23.809554],[90.412268,23.809472],[90.412362,23.809396],[90.41246,23.809326],[90.412562,23.809261],[90.412668,23.809202],[90.412777,23.809149],[90.412889,23.809103],[90.413261,23.80908],[90.413468,23.808891],[90.413736,23.808646],[90.41382,23.80857],[90.413903,23.808494],[90.414245,23.808176],[90.415216,23.807271],[90.415293,23.807205],[90.415388,23.807038],[90.415459,23.806805],[90.415469,23.806657],[90.415569,23.806462],[90.415566,23.806459],[90.415479,23.806368],[90.415242,23.806332],[90.415118,23.80633],[90.414931,23.806326],[90.414308,23.806316],[90.414008,23.806273],[90.413678,23.806172],[90.413391,23.805985],[90.413095,23.805684],[90.412891,23.805499],[90.41241,23.805167],[90.412227,23.804972],[90.412167,23.804876],[90.411964,23.804624],[90.411778,23.804573],[90.41154,23.804512],[90.411313,23.80446],[90.41093,23.804406],[90.410723,23.804364],[90.410235,23.804356],[90.409924,23.804351],[90.409623,23.804346],[90.409053,23.804308],[90.408866,23.804285],[90.408804,23.804304],[90.408729,23.804417],[90.408653,23.804559],[90.408599,23.804663],[90.408429,23.804889],[90.40824,23.804991],[90.408055,23.805043],[90.408126,23.806361],[90.405285,23.806834],[90.403887,23.807067],[90.403319,23.807162],[90.403141,23.807083],[90.403012,23.806876],[90.402227,23.801886],[90.401135,23.795233],[90.400428,23.790929],[90.39965,23.786424],[90.399521,23.785682],[90.398729,23.780978],[90.398161,23.77845],[90.398125,23.77847],[90.398087,23.778485],[90.398047,23.778493],[90.398006,23.778496],[90.397966,23.778493],[90.397847,23.778442],[90.397633,23.77835],[90.397302,23.778202],[90.396974,23.778049],[90.39683,23.777979],[90.396648,23.777891],[90.396595,23.777864],[90.396324,23.777727],[90.395177,23.777077],[90.394184,23.776517],[90.394029,23.77643],[90.392879,23.775785],[90.392372,23.77573],[90.391867,23.775669],[90.391362,23.775602],[90.390858,23.775529],[90.390354,23.775451],[90.389852,23.775367],[90.389879,23.774975],[90.389912,23.774584],[90.389952,23.774194],[90.389998,23.773804],[90.390052,23.773416],[90.389973,23.772919],[90.389888,23.772424],[90.389796,23.77193],[90.389698,23.771437],[90.389593,23.770945],[90.389481,23.770455],[90.389399,23.769973],[90.389324,23.76949],[90.389256,23.769006],[90.389194,23.768521],[90.389138,23.768036],[90.389089,23.767549],[90.389046,23.767062],[90.389031,23.766865],[90.38902,23.766718],[90.38901,23.766575],[90.38898,23.766087],[90.388956,23.765598],[90.388939,23.76511],[90.388929,23.764621],[90.388517,23.764644],[90.388106,23.764674],[90.387696,23.764711],[90.387286,23.764754],[90.386877,23.764803],[90.386468,23.76486],[90.386061,23.764923],[90.385655,23.764992],[90.385373,23.765019],[90.385092,23.765051],[90.384811,23.765089],[90.384532,23.765133],[90.384253,23.765182],[90.383976,23.765238],[90.3837,23.765299],[90.383425,23.765367],[90.383152,23.76544],[90.383096,23.766027],[90.383033,23.766613],[90.382964,23.767199],[90.382887,23.767784],[90.382804,23.768368],[90.382714,23.76895],[90.382617,23.769532],[90.382514,23.770113],[90.381658,23.773039],[90.380798,23.775964],[90.380521,23.776901],[90.379934,23.778888],[90.379694,23.779678],[90.37946,23.78047],[90.379232,23.781264],[90.37901,23.782059],[90.378795,23.782856],[90.378587,23.783655],[90.378544,23.783824],[90.378505,23.783978],[90.378385,23.784456],[90.378189,23.785258],[90.378095,23.785552],[90.377997,23.785845],[90.377893,23.786136],[90.377785,23.786425],[90.377672,23.786713],[90.37763,23.786851],[90.377583,23.786987],[90.37753,23.787121],[90.377472,23.787253],[90.377407,23.787382],[90.377338,23.787508],[90.377285,23.787596],[90.377263,23.787631],[90.377183,23.787751],[90.377098,23.787867],[90.377008,23.78798],[90.376914,23.788089],[90.376815,23.788194],[90.376963,23.788692],[90.376966,23.788821],[90.377004,23.788984],[90.377114,23.789215],[90.377214,23.789398],[90.377371,23.78984],[90.3774,23.789965],[90.377449,23.79008],[90.377571,23.790216],[90.377683,23.790323],[90.377701,23.790476],[90.377668,23.790543],[90.377582,23.790694],[90.377652,23.790838],[90.377703,23.790887],[90.377785,23.790927],[90.377971,23.790997],[90.378084,23.791027],[90.378217,23.791106],[90.378268,23.791193],[90.378327,23.791347],[90.378364,23.791586],[90.378351,23.791681],[90.378318,23.791767],[90.378209,23.792032],[90.378165,23.792175],[90.37811,23.792308],[90.378044,23.792526],[90.378042,23.792612],[90.37804,23.792689],[90.37814,23.792891],[90.378213,23.792902],[90.378327,23.792885],[90.378432,23.792829],[90.378506,23.792754],[90.37858,23.792698],[90.378634,23.792575],[90.37869,23.792375],[90.378766,23.792214],[90.378781,23.792144],[90.378824,23.791938],[90.378828,23.791718],[90.378936,23.79151],[90.379037,23.791158],[90.379124,23.790949],[90.37924,23.790846],[90.379532,23.790784],[90.37976,23.790788],[90.379967,23.79084],[90.380246,23.790902],[90.380608,23.790946],[90.380774,23.790987],[90.381011,23.791048],[90.381311,23.791092],[90.381632,23.791145],[90.38186,23.791187],[90.382005,23.791189],[90.38213,23.791144],[90.382174,23.79102],[90.382219,23.790868],[90.382223,23.790687],[90.382385,23.789849],[90.38296,23.788082],[90.383939,23.784831],[90.384393,23.783397],[90.384481,23.783159],[90.384586,23.783075],[90.384857,23.783051],[90.385002,23.783073],[90.385101,23.783265],[90.385159,23.783505],[90.385154,23.783744],[90.38515,23.783954],[90.385145,23.784202],[90.385142,23.784355],[90.385271,23.784663],[90.385358,23.784989],[90.385437,23.785153],[90.385675,23.785195],[90.385914,23.785218],[90.386183,23.785232],[90.386244,23.785329],[90.386241,23.785434],[90.386197,23.785586],[90.386014,23.785898],[90.38599,23.78607],[90.386029,23.786204],[90.386164,23.786216],[90.386445,23.786154],[90.386601,23.786147],[90.386891,23.786181],[90.387348,23.786188],[90.387628,23.786203],[90.387749,23.786377],[90.387827,23.786626],[90.387873,23.786895],[90.388021,23.787298],[90.388067,23.787567],[90.388074,23.787758],[90.388027,23.788005],[90.38797,23.788291],[90.387872,23.788528],[90.387865,23.788862],[90.387852,23.789512],[90.387885,23.789961],[90.387985,23.790144],[90.388106,23.790299],[90.388302,23.790379],[90.388496,23.790516],[90.388585,23.790766],[90.388571,23.790947],[90.388537,23.791099],[90.388522,23.79129],[90.388479,23.791891],[90.387881,23.793754],[90.387628,23.794991],[90.387439,23.797115],[90.387453,23.797566],[90.387515,23.797947],[90.387542,23.798155],[90.387579,23.798292],[90.387433,23.798543],[90.38856,23.798178],[90.38877,23.798128],[90.388982,23.798084],[90.389194,23.798047],[90.389408,23.798016],[90.389622,23.797992],[90.389838,23.797974],[90.390053,23.797962],[90.390067,23.797962],[90.390269,23.797958],[90.390485,23.797959],[90.390701,23.797968],[90.390916,23.797983],[90.391131,23.798004],[90.391345,23.798032],[90.391558,23.798066],[90.39177,23.798107],[90.391981,23.798155],[90.392041,23.798242],[90.392096,23.798334],[90.392144,23.798428],[90.392187,23.798526],[90.392224,23.798625],[90.392255,23.798727],[90.392279,23.798831],[90.392297,23.798936],[90.392309,23.799042],[90.392314,23.799148],[90.392314,23.799306],[90.39232,23.799465],[90.392334,23.799623],[90.392354,23.79978],[90.392382,23.799936],[90.392416,23.80009],[90.392456,23.800243],[90.392503,23.800395],[90.392557,23.800544],[90.392617,23.80069],[90.392684,23.800834],[90.392756,23.800975],[90.392835,23.801112],[90.39292,23.801246],[90.39301,23.801376],[90.393106,23.801502],[90.393207,23.801624],[90.393313,23.801742],[90.393431,23.801852],[90.393544,23.801967],[90.393653,23.802087],[90.393756,23.802211],[90.393854,23.802339],[90.393947,23.802472],[90.394035,23.802608],[90.394092,23.802706],[90.394116,23.802747],[90.394147,23.802878],[90.394171,23.80301],[90.394173,23.803025],[90.393193,23.803291],[90.391832,23.803723],[90.389903,23.804342],[90.389681,23.804911],[90.387949,23.805282],[90.38837,23.805702],[90.389508,23.807087],[90.390744,23.808719],[90.391882,23.810203],[90.393316,23.812009],[90.394133,23.811934],[90.395295,23.811217],[90.39532,23.810129],[90.395938,23.809387],[90.396062,23.808942],[90.396012,23.807854],[90.396114,23.807803],[90.396166,23.807839],[90.396216,23.807875],[90.39626,23.807972],[90.396311,23.808066],[90.396366,23.808158],[90.396428,23.808245],[90.396494,23.808329],[90.396561,23.808404],[90.396565,23.808409],[90.396641,23.808484],[90.396722,23.808554],[90.396807,23.80862],[90.396895,23.80868],[90.396987,23.808734],[90.397082,23.808783],[90.39718,23.808826],[90.3972,23.808943],[90.397214,23.80906],[90.397221,23.809178],[90.397221,23.809296],[90.397214,23.809414],[90.3972,23.809531],[90.39718,23.809647],[90.397153,23.809762],[90.397119,23.809875],[90.397079,23.809986],[90.396976,23.810062],[90.396927,23.810102],[90.396877,23.810142],[90.39678,23.810226],[90.396687,23.810312],[90.396597,23.810403],[90.39638,23.810865],[90.39606,23.811544],[90.395783,23.81214],[90.395529,23.812689],[90.395003,23.813835],[90.394937,23.813966],[90.394877,23.814098],[90.394822,23.814234],[90.394772,23.814371],[90.394728,23.81451],[90.39469,23.814651],[90.394671,23.814735],[90.394658,23.814793],[90.394775,23.81512],[90.394888,23.81545],[90.394996,23.815781],[90.395098,23.816114],[90.395228,23.816161],[90.39536,23.816201],[90.395494,23.816235],[90.395629,23.816261],[90.395766,23.816281],[90.395903,23.816294],[90.396042,23.816299],[90.39618,23.816298],[90.396317,23.816289],[90.396455,23.816273],[90.396591,23.81625],[90.396695,23.816198],[90.396801,23.816153],[90.396911,23.816114],[90.397022,23.816081],[90.397136,23.816056],[90.39725,23.816038],[90.397366,23.816026],[90.397482,23.816022],[90.397598,23.816025],[90.397714,23.816035],[90.397714,23.816035],[90.397785,23.816154],[90.397852,23.816275],[90.397912,23.816399],[90.397967,23.816525],[90.398017,23.816654],[90.398061,23.816785],[90.398098,23.816918],[90.39813,23.817053],[90.398175,23.817292],[90.398194,23.81741],[90.398214,23.817533],[90.398221,23.817582],[90.398247,23.817775],[90.398272,23.818018],[90.398292,23.818261],[90.398305,23.818504],[90.398311,23.818748],[90.398311,23.818992],[90.398304,23.819236],[90.398291,23.81948],[90.398301,23.819575],[90.398305,23.819671],[90.398302,23.819768],[90.398293,23.819863],[90.398276,23.819958],[90.398253,23.820052],[90.398224,23.820143],[90.398188,23.820233],[90.398146,23.820319],[90.398098,23.820403],[90.398044,23.820482],[90.397985,23.820558],[90.397921,23.82063],[90.397851,23.820697],[90.397778,23.820758],[90.3977,23.820815],[90.397618,23.820866],[90.397533,23.820911],[90.397445,23.82095],[90.397354,23.820982],[90.397262,23.821008],[90.39718,23.821432],[90.397102,23.821856],[90.39703,23.822281],[90.397019,23.8224],[90.397002,23.822518],[90.396977,23.822634],[90.396946,23.822749],[90.396908,23.822862],[90.396864,23.822973],[90.396813,23.823081],[90.396757,23.823185],[90.396694,23.823286],[90.396625,23.823384],[90.396551,23.823477],[90.396472,23.823566],[90.396387,23.82365],[90.396299,23.824788],[90.397175,23.825216],[90.397273,23.826403]]]}},{"type":"Feature","properties":{"Ward_Name":"Mirpur Cantonment","Exposure":-1.63429857,"Sensitivity":-1.32548992,"Adaptive_Capacity":1.33101241,"Exposure_s":0.07219963,"Sensitivity_s":0.05884686,"Adaptive_s":0.77265442,"HVI_raw":-0.21641194,"HVI":0.0,"HVI_Class":"Very Low","Rank":134.0,"Corporation":"Restricted areas","Area_m2":5020340.49615964,"LST_mean":30.15929551,"Road_Density":7.29,"industry%":0.0,"Pop_Density":1642.35499573,"SVF_mean":0.88938072,"Poverty_HCR":11.2,"build_km2":595.578,"informal%":0.89,"NDBI_media":-0.22311167,"Green%":8.272,"Blue%":46.102,"Hosp_count":0.0,"NTL_median":6.72166681,"unit_id":"Mirpur Cantonment","name":"Mirpur Cantonment","imputed":[],"center":[90.348445,23.842217]},"geometry":{"type":"Polygon","coordinates":[[[90.342294,23.827874],[90.342168,23.827847],[90.342041,23.827827],[90.341912,23.827814],[90.341783,23.827806],[90.341654,23.827806],[90.341525,23.827812],[90.341396,23.827825],[90.341269,23.827845],[90.341142,23.827871],[90.341017,23.827903],[90.340894,23.827942],[90.340773,23.827987],[90.340654,23.828038],[90.340539,23.828095],[90.340426,23.828158],[90.340345,23.828267],[90.340269,23.82838],[90.340197,23.828496],[90.340131,23.828615],[90.340071,23.828736],[90.340015,23.828861],[90.339965,23.828987],[90.339921,23.829116],[90.339882,23.829246],[90.339849,23.829378],[90.339808,23.829461],[90.33976,23.82954],[90.339706,23.829615],[90.339646,23.829685],[90.339581,23.829751],[90.339511,23.829812],[90.339437,23.829867],[90.339359,23.829917],[90.339277,23.82996],[90.339192,23.829997],[90.339105,23.830027],[90.339015,23.83005],[90.338924,23.830067],[90.338832,23.830076],[90.33874,23.830079],[90.338648,23.830074],[90.338547,23.830069],[90.338445,23.83007],[90.338345,23.830077],[90.338244,23.830091],[90.338145,23.830111],[90.338047,23.830137],[90.337951,23.830169],[90.337858,23.830206],[90.337766,23.83025],[90.337678,23.830299],[90.337593,23.830353],[90.337511,23.830413],[90.337433,23.830478],[90.337424,23.830487],[90.337359,23.830547],[90.337302,23.830697],[90.337251,23.83085],[90.337206,23.831004],[90.337167,23.83116],[90.337135,23.831318],[90.33711,23.831477],[90.337091,23.831636],[90.337079,23.831797],[90.337073,23.831957],[90.337074,23.832118],[90.337127,23.832225],[90.337185,23.832328],[90.337248,23.832428],[90.337317,23.832525],[90.337391,23.832617],[90.337471,23.832706],[90.337554,23.83279],[90.337643,23.832869],[90.337735,23.832944],[90.337831,23.833013],[90.337931,23.833077],[90.338035,23.833135],[90.338141,23.833187],[90.33825,23.833234],[90.338362,23.833275],[90.338459,23.833295],[90.33853,23.833308],[90.338581,23.833332],[90.338622,23.833572],[90.338679,23.833937],[90.338691,23.834075],[90.338696,23.834213],[90.338694,23.834351],[90.338685,23.834489],[90.338668,23.834627],[90.338645,23.834763],[90.338615,23.834898],[90.338578,23.835031],[90.338535,23.835163],[90.338484,23.835291],[90.338428,23.835417],[90.338352,23.835533],[90.338283,23.835651],[90.338219,23.835773],[90.338161,23.835898],[90.338108,23.836025],[90.338062,23.836154],[90.338022,23.836286],[90.337988,23.836419],[90.33796,23.836554],[90.337939,23.836689],[90.337924,23.836826],[90.337915,23.836963],[90.337913,23.837101],[90.337917,23.837238],[90.337928,23.837375],[90.337945,23.837512],[90.337968,23.837647],[90.337998,23.837781],[90.338112,23.83797],[90.338233,23.838154],[90.338359,23.838334],[90.338492,23.83851],[90.33863,23.838682],[90.338773,23.838849],[90.338922,23.839012],[90.339077,23.839169],[90.339236,23.839322],[90.339466,23.839519],[90.339699,23.839711],[90.339937,23.839899],[90.340179,23.840082],[90.340424,23.84026],[90.340672,23.840433],[90.340924,23.840601],[90.34118,23.840764],[90.341438,23.840921],[90.341491,23.840997],[90.341538,23.841076],[90.341578,23.841159],[90.341612,23.841244],[90.341639,23.841332],[90.34166,23.841422],[90.341673,23.841513],[90.341679,23.841605],[90.341678,23.841697],[90.34167,23.841789],[90.341655,23.841879],[90.341633,23.841969],[90.341604,23.842056],[90.341569,23.842141],[90.341527,23.842223],[90.341478,23.842301],[90.341424,23.842376],[90.340937,23.842996],[90.340207,23.843759],[90.339424,23.844582],[90.33863,23.845332],[90.338288,23.845553],[90.337919,23.845809],[90.337682,23.845973],[90.337407,23.846111],[90.337234,23.846311],[90.337166,23.846477],[90.337164,23.846573],[90.337172,23.846823],[90.337206,23.847039],[90.337242,23.847171],[90.337304,23.847327],[90.337353,23.847471],[90.337425,23.847783],[90.337487,23.847892],[90.33769,23.848158],[90.338262,23.848741],[90.338594,23.849009],[90.338771,23.849239],[90.339052,23.849459],[90.339141,23.849532],[90.339292,23.849774],[90.339264,23.850513],[90.339109,23.851132],[90.339069,23.851823],[90.339451,23.852152],[90.340349,23.853338],[90.341182,23.854487],[90.341549,23.854941],[90.341717,23.855148],[90.341917,23.855395],[90.342145,23.855674],[90.342194,23.855806],[90.34224,23.856014],[90.342241,23.856022],[90.342277,23.856189],[90.342482,23.856336],[90.342932,23.856723],[90.343502,23.857214],[90.343931,23.857569],[90.344023,23.857645],[90.344025,23.857549],[90.34404,23.857454],[90.34415,23.857146],[90.344628,23.856605],[90.345616,23.855929],[90.346612,23.855481],[90.347745,23.855273],[90.349789,23.85501],[90.351312,23.854821],[90.351573,23.854766],[90.352002,23.854702],[90.352408,23.854518],[90.353896,23.853493],[90.3564,23.851649],[90.358485,23.850013],[90.359424,23.849507],[90.359843,23.849317],[90.360131,23.849197],[90.360262,23.849163],[90.360412,23.849106],[90.36055,23.849049],[90.360603,23.848996],[90.36061,23.848954],[90.360611,23.848906],[90.360593,23.84884],[90.360555,23.848816],[90.360439,23.848754],[90.3604,23.848736],[90.360278,23.84871],[90.36011,23.848677],[90.360019,23.848675],[90.359882,23.848673],[90.359772,23.848671],[90.359596,23.84871],[90.359433,23.848737],[90.359283,23.848782],[90.359139,23.848827],[90.358834,23.848852],[90.358391,23.84894],[90.357974,23.848998],[90.357721,23.848988],[90.357287,23.848927],[90.356849,23.848776],[90.356508,23.848627],[90.356012,23.848439],[90.35589,23.848372],[90.355604,23.848086],[90.355457,23.84797],[90.355318,23.847771],[90.355205,23.847584],[90.355123,23.847445],[90.355023,23.84727],[90.354904,23.847053],[90.354636,23.846523],[90.354361,23.846309],[90.354117,23.846174],[90.353847,23.846032],[90.353621,23.84598],[90.353299,23.845891],[90.35317,23.845811],[90.353049,23.845708],[90.353037,23.84566],[90.353066,23.845505],[90.353241,23.845221],[90.353316,23.845056],[90.353496,23.844808],[90.353608,23.844708],[90.353878,23.844546],[90.354258,23.844367],[90.354454,23.844275],[90.354906,23.84408],[90.35509,23.84397],[90.355215,23.843906],[90.355405,23.843826],[90.35551,23.843768],[90.35557,23.843661],[90.355664,23.843508],[90.355668,23.843305],[90.355644,23.843227],[90.355581,23.843112],[90.355498,23.843057],[90.355279,23.84297],[90.355164,23.842872],[90.355089,23.842764],[90.355098,23.842615],[90.355179,23.842491],[90.355338,23.84229],[90.355353,23.842231],[90.355388,23.842112],[90.355385,23.841933],[90.355355,23.841795],[90.355259,23.84171],[90.355158,23.841613],[90.355062,23.841509],[90.354844,23.841392],[90.354828,23.841213],[90.354834,23.840932],[90.354875,23.840826],[90.355023,23.840553],[90.355058,23.840435],[90.355126,23.840293],[90.355208,23.840061],[90.355161,23.839839],[90.355053,23.839718],[90.354986,23.839532],[90.354962,23.8394],[90.355194,23.838861],[90.35522,23.838199],[90.355245,23.836981],[90.355304,23.835973],[90.355356,23.835359],[90.35533,23.83503],[90.355308,23.834857],[90.35522,23.834676],[90.355175,23.834347],[90.355151,23.833941],[90.355071,23.833718],[90.35506,23.833629],[90.354995,23.833335],[90.354977,23.833227],[90.35498,23.833102],[90.355015,23.832971],[90.35507,23.832835],[90.355073,23.832656],[90.355083,23.832172],[90.355086,23.832041],[90.355089,23.831898],[90.355092,23.831707],[90.355094,23.831635],[90.355057,23.831551],[90.354941,23.831513],[90.354863,23.831512],[90.354694,23.831509],[90.354499,23.831505],[90.354356,23.831539],[90.354095,23.831582],[90.353928,23.831519],[90.353789,23.831314],[90.353765,23.831242],[90.353691,23.831026],[90.353667,23.83093],[90.353618,23.830798],[90.35356,23.83045],[90.353471,23.830353],[90.35341,23.830197],[90.353439,23.830054],[90.353548,23.829782],[90.353707,23.829605],[90.353891,23.829525],[90.354098,23.829516],[90.354294,23.82946],[90.354335,23.829365],[90.354298,23.829257],[90.354159,23.829088],[90.354084,23.828955],[90.353958,23.828786],[90.353844,23.828616],[90.353798,23.828317],[90.353802,23.828145],[90.35378,23.828169],[90.353369,23.827997],[90.352989,23.827997],[90.351708,23.828017],[90.349883,23.828044],[90.349758,23.827777],[90.349205,23.827759],[90.348949,23.827664],[90.348873,23.827665],[90.34632,23.827711],[90.345939,23.827521],[90.345249,23.827503],[90.344196,23.826653],[90.34397,23.826575],[90.343768,23.826557],[90.342471,23.826598],[90.342471,23.826625],[90.342952,23.827136],[90.342294,23.827874]]]}},{"type":"Feature","properties":{"Ward_Name":"Mirpur DOHS","Exposure":-0.6368247,"Sensitivity":-0.36502524,"Adaptive_Capacity":0.02586019,"Exposure_s":0.34788398,"Sensitivity_s":0.27144304,"Adaptive_s":0.25856821,"HVI_raw":0.11590672,"HVI":0.4714031,"HVI_Class":"Moderate","Rank":99.0,"Corporation":"Restricted areas","Area_m2":2669953.79560059,"LST_mean":32.75573734,"Road_Density":18.76,"industry%":0.0,"Pop_Density":1891.07363892,"SVF_mean":0.81812036,"Poverty_HCR":7.2,"build_km2":1449.737,"informal%":8.19,"NDBI_media":-0.02263444,"Green%":22.47,"Blue%":7.774,"Hosp_count":0.0,"NTL_median":12.63249969,"unit_id":"Mirpur DOHS","name":"Mirpur DOHS","imputed":[],"center":[90.37678,23.835248]},"geometry":{"type":"Polygon","coordinates":[[[90.380078,23.823236],[90.378917,23.822906],[90.377606,23.822668],[90.377589,23.82311],[90.377507,23.824055],[90.377369,23.825762],[90.377187,23.82809],[90.377025,23.82995],[90.376861,23.831896],[90.37672,23.832715],[90.376665,23.832877],[90.376572,23.832875],[90.375856,23.832853],[90.375481,23.832876],[90.375201,23.832871],[90.375003,23.832896],[90.374698,23.833091],[90.374623,23.833224],[90.374505,23.833394],[90.374359,23.83342],[90.374204,23.833417],[90.374027,23.833405],[90.37387,23.833488],[90.373786,23.833544],[90.373564,23.833731],[90.373376,23.833766],[90.373262,23.833764],[90.373106,23.833771],[90.372897,23.833854],[90.372811,23.833976],[90.372735,23.834147],[90.372681,23.83427],[90.372594,23.834469],[90.37239,23.834781],[90.37229,23.835104],[90.372345,23.835468],[90.372352,23.83565],[90.372226,23.835695],[90.371759,23.835678],[90.371365,23.835671],[90.371167,23.835677],[90.371,23.835741],[90.37084,23.835939],[90.370734,23.836062],[90.370599,23.836059],[90.37034,23.836036],[90.369955,23.836048],[90.369788,23.836084],[90.369578,23.836185],[90.369368,23.836306],[90.369055,23.836377],[90.368762,23.836486],[90.368563,23.836579],[90.368218,23.836706],[90.367821,23.836824],[90.367654,23.83685],[90.367445,23.836913],[90.367254,23.837148],[90.367251,23.837301],[90.367258,23.837454],[90.367303,23.837789],[90.367299,23.837999],[90.367335,23.838267],[90.367423,23.838517],[90.367543,23.838768],[90.367751,23.839268],[90.367842,23.839403],[90.367858,23.839604],[90.367815,23.839689],[90.367668,23.839773],[90.367345,23.839844],[90.367167,23.839869],[90.366917,23.839951],[90.36678,23.840035],[90.366558,23.840241],[90.366396,23.840515],[90.366309,23.840705],[90.366253,23.840924],[90.366248,23.841191],[90.366264,23.841421],[90.366293,23.841536],[90.366371,23.841747],[90.366368,23.84191],[90.366301,23.842138],[90.366234,23.842375],[90.366156,23.842622],[90.36608,23.842822],[90.365942,23.842943],[90.365784,23.843065],[90.365623,23.843301],[90.36562,23.843454],[90.365639,23.84355],[90.365686,23.84378],[90.365746,23.843895],[90.365918,23.844118],[90.365988,23.844272],[90.365984,23.844492],[90.365918,23.844663],[90.365791,23.844785],[90.365623,23.844858],[90.365508,23.844894],[90.365382,23.844978],[90.365377,23.845226],[90.365393,23.845466],[90.365431,23.845619],[90.365383,23.845953],[90.365249,23.846399],[90.365212,23.846676],[90.365179,23.84679],[90.364971,23.846786],[90.36486,23.84665],[90.36479,23.846535],[90.364636,23.846417],[90.364512,23.846396],[90.364356,23.846393],[90.364281,23.846516],[90.364295,23.847146],[90.364054,23.847515],[90.363874,23.848165],[90.365834,23.847851],[90.37046,23.847113],[90.371946,23.846837],[90.375582,23.84631],[90.375836,23.846273],[90.379602,23.845707],[90.381945,23.845403],[90.381875,23.844916],[90.381797,23.844695],[90.381739,23.844474],[90.381723,23.844225],[90.381778,23.844054],[90.381802,23.843892],[90.381794,23.843768],[90.381788,23.843577],[90.381686,23.843479],[90.381562,23.843439],[90.381461,23.843304],[90.381432,23.843198],[90.381457,23.843007],[90.38149,23.842884],[90.381463,23.842692],[90.381392,23.842605],[90.381206,23.842583],[90.38105,23.842561],[90.380907,23.842473],[90.380972,23.842311],[90.380975,23.842168],[90.380883,23.842081],[90.380772,23.841945],[90.380556,23.84133],[90.380509,23.841081],[90.380474,23.840765],[90.380432,23.840248],[90.380438,23.839972],[90.380465,23.839619],[90.380474,23.839198],[90.380541,23.83897],[90.3806,23.838618],[90.380658,23.838294],[90.380693,23.838132],[90.380792,23.837857],[90.380858,23.837657],[90.380944,23.837487],[90.38103,23.837364],[90.381106,23.837222],[90.381152,23.837003],[90.381137,23.836669],[90.380871,23.836483],[90.380834,23.836272],[90.380839,23.836024],[90.380928,23.83571],[90.381003,23.835597],[90.381194,23.83539],[90.381343,23.835239],[90.381449,23.835117],[90.381568,23.834899],[90.381574,23.834603],[90.381534,23.834497],[90.381527,23.834344],[90.381511,23.834115],[90.381674,23.833764],[90.381923,23.833253],[90.382205,23.832617],[90.382272,23.832427],[90.382412,23.832153],[90.382458,23.831934],[90.382409,23.831771],[90.382265,23.831711],[90.382175,23.831566],[90.382137,23.831384],[90.382213,23.831213],[90.38232,23.831053],[90.382487,23.830511],[90.382432,23.830138],[90.382414,23.829981],[90.382442,23.829885],[90.382482,23.829724],[90.382515,23.829561],[90.382541,23.829397],[90.382561,23.829232],[90.382573,23.829067],[90.382579,23.828901],[90.382578,23.828735],[90.382605,23.828272],[90.382625,23.827808],[90.382639,23.827344],[90.382648,23.82688],[90.38265,23.826416],[90.382646,23.825951],[90.382637,23.825487],[90.382621,23.825023],[90.3826,23.824559],[90.382572,23.824146],[90.382538,23.823734],[90.382508,23.823422],[90.382498,23.823322],[90.382453,23.82291],[90.382401,23.8225],[90.382343,23.82209],[90.380078,23.823236]]]}},{"type":"Feature","properties":{"Ward_Name":"RayerBazarBoddhoVomi","Exposure":-0.09700512,"Sensitivity":-0.06277706,"Adaptive_Capacity":0.21019201,"Exposure_s":0.49708068,"Sensitivity_s":0.33834484,"Adaptive_s":0.33117465,"HVI_raw":0.16009881,"HVI":0.5340908,"HVI_Class":"Moderate","Rank":89.0,"Corporation":"Restricted areas","Area_m2":951118.53146907,"LST_mean":33.85142321,"Road_Density":25.47,"industry%":0.0,"Pop_Density":60237.11410503,"SVF_mean":0.80672141,"Poverty_HCR":4.6,"build_km2":1887.031,"informal%":17.89,"NDBI_media":0.01756919,"Green%":22.806,"Blue%":5.638,"Hosp_count":2.0,"NTL_median":17.58458328,"unit_id":"RayerBazarBoddhoVomi","name":"RayerBazarBoddhoVomi","imputed":[],"center":[90.356582,23.748526]},"geometry":{"type":"Polygon","coordinates":[[[90.353646,23.744908],[90.35333,23.744841],[90.353247,23.744824],[90.352848,23.744735],[90.352451,23.744641],[90.352055,23.744542],[90.351969,23.744857],[90.351878,23.745171],[90.351782,23.745483],[90.351681,23.745794],[90.351574,23.746103],[90.351479,23.746365],[90.351463,23.74641],[90.351097,23.746276],[90.351092,23.746274],[90.350885,23.746307],[90.350647,23.746554],[90.350591,23.746744],[90.350545,23.747101],[90.350372,23.748001],[90.350601,23.747958],[90.350685,23.747892],[90.350874,23.74779],[90.351113,23.747794],[90.351307,23.747912],[90.351324,23.748104],[90.351132,23.748368],[90.350983,23.748547],[90.350856,23.748698],[90.350646,23.748809],[90.350516,23.749074],[90.35045,23.749254],[90.350349,23.749606],[90.350367,23.74975],[90.350581,23.749954],[90.350694,23.750023],[90.350899,23.750141],[90.351063,23.750239],[90.35133,23.750406],[90.351648,23.750555],[90.351822,23.750663],[90.351933,23.750856],[90.35197,23.751047],[90.352048,23.751803],[90.352074,23.75209],[90.352151,23.752359],[90.352426,23.752641],[90.352556,23.752853],[90.352769,23.753125],[90.35285,23.753202],[90.353465,23.753386],[90.353854,23.75338],[90.354618,23.753453],[90.354916,23.753482],[90.355357,23.75349],[90.355772,23.753497],[90.35594,23.7535],[90.356787,23.753323],[90.357325,23.753034],[90.357729,23.752921],[90.358239,23.752739],[90.358591,23.752661],[90.359059,23.752586],[90.359256,23.752482],[90.359416,23.75227],[90.359561,23.752165],[90.359823,23.752014],[90.360071,23.751934],[90.360201,23.751925],[90.360512,23.751978],[90.360679,23.752017],[90.3609,23.75202],[90.361017,23.751986],[90.361162,23.75187],[90.361178,23.751762],[90.36121,23.75144],[90.36117,23.750843],[90.361277,23.750696],[90.361378,23.750544],[90.361473,23.750389],[90.361562,23.750231],[90.361645,23.750069],[90.361722,23.749904],[90.361793,23.749737],[90.361857,23.749567],[90.361914,23.749394],[90.361965,23.749219],[90.362009,23.749043],[90.362046,23.748865],[90.362076,23.748686],[90.362099,23.748505],[90.362116,23.748324],[90.362125,23.748143],[90.362128,23.747961],[90.362124,23.747779],[90.362112,23.747598],[90.362094,23.747417],[90.362074,23.745308],[90.361797,23.74524],[90.361403,23.745137],[90.36114,23.745071],[90.360875,23.745012],[90.360608,23.744958],[90.360341,23.744911],[90.360072,23.74487],[90.359803,23.744835],[90.359532,23.744807],[90.359465,23.745089],[90.359392,23.74537],[90.359316,23.74565],[90.359235,23.745928],[90.3587,23.745875],[90.358164,23.745828],[90.357628,23.745786],[90.357092,23.74575],[90.356555,23.74572],[90.356519,23.745715],[90.356484,23.745704],[90.356451,23.745688],[90.356422,23.745666],[90.356397,23.745639],[90.356376,23.745608],[90.356362,23.745574],[90.356418,23.745435],[90.356467,23.745293],[90.35651,23.74515],[90.356546,23.745004],[90.356576,23.744857],[90.356662,23.744767],[90.356751,23.744679],[90.356775,23.744562],[90.356792,23.744444],[90.356802,23.744325],[90.356788,23.744275],[90.356769,23.744227],[90.356745,23.744181],[90.356715,23.744138],[90.356682,23.744098],[90.356644,23.744062],[90.356603,23.744031],[90.356558,23.744004],[90.356458,23.743989],[90.356358,23.743982],[90.356257,23.74398],[90.356156,23.743986],[90.356055,23.743998],[90.35597,23.744028],[90.355883,23.744052],[90.355794,23.74407],[90.355705,23.744083],[90.355615,23.74409],[90.355524,23.74409],[90.355434,23.744085],[90.355344,23.744074],[90.355255,23.744057],[90.355115,23.744009],[90.354977,23.743955],[90.354841,23.743895],[90.354708,23.74383],[90.354577,23.743758],[90.35445,23.743682],[90.354326,23.7436],[90.354206,23.743513],[90.354089,23.743421],[90.353973,23.743791],[90.35386,23.744162],[90.353751,23.744534],[90.353646,23.744908]]]}}]}